-- phpMyAdmin SQL Dump
-- version 4.2.7.1
-- http://www.phpmyadmin.net
--
-- Client :  localhost
-- Généré le :  Mer 05 Avril 2017 à 10:30
-- Version du serveur :  5.6.20-log
-- Version de PHP :  5.5.15

SET SQL_MODE = "NO_AUTO_VALUE_ON_ZERO";
SET time_zone = "+00:00";


/*!40101 SET @OLD_CHARACTER_SET_CLIENT=@@CHARACTER_SET_CLIENT */;
/*!40101 SET @OLD_CHARACTER_SET_RESULTS=@@CHARACTER_SET_RESULTS */;
/*!40101 SET @OLD_COLLATION_CONNECTION=@@COLLATION_CONNECTION */;
/*!40101 SET NAMES utf8 */;

--
-- Base de données :  `orthophonie`
--

-- --------------------------------------------------------

--
-- Structure de la table `etape`
--

CREATE TABLE IF NOT EXISTS `etape` (
  `id_etape` int(11) NOT NULL,
  `id_exercice` int(11) DEFAULT NULL,
  `num_etape` int(11) DEFAULT NULL,
  `bonne_reponse` tinyint(1) NOT NULL
) ENGINE=InnoDB  DEFAULT CHARSET=utf8 COLLATE=utf8_unicode_ci AUTO_INCREMENT=3537 ;

--
-- Contenu de la table `etape`
--

INSERT INTO `etape` (`id_etape`, `id_exercice`, `num_etape`, `bonne_reponse`) VALUES
  (1, 1, 1, 0),
  (2, 1, 2, 0),
  (3, 1, 3, 0),
  (4, 1, 4, 0),
  (5, 1, 5, 0),
  (6, 1, 6, 0),
  (7, 1, 7, 0),
  (8, 1, 8, 0),
  (9, 1, 9, 0),
  (10, 1, 10, 0),
  (11, 1, 11, 0),
  (12, 1, 12, 0),
  (13, 1, 13, 0),
  (14, 2, 1, 1),
  (15, 2, 2, 1),
  (16, 2, 3, 1),
  (17, 2, 4, 1),
  (18, 2, 5, 1),
  (19, 2, 6, 1),
  (20, 2, 7, 1),
  (21, 2, 8, 1),
  (22, 2, 9, 1),
  (23, 2, 10, 1),
  (24, 2, 11, 1),
  (25, 2, 12, 1),
  (26, 2, 13, 1),
  (27, 3, 1, 0),
  (28, 3, 2, 0),
  (29, 3, 3, 0),
  (30, 3, 4, 0),
  (31, 3, 5, 0),
  (32, 3, 6, 0),
  (33, 3, 7, 0),
  (34, 3, 8, 0),
  (35, 3, 9, 0),
  (36, 3, 10, 0),
  (37, 3, 11, 0),
  (38, 3, 12, 0),
  (39, 3, 13, 0),
  (40, 4, 1, 0),
  (41, 4, 2, 0),
  (42, 4, 3, 0),
  (43, 4, 4, 0),
  (44, 4, 5, 0),
  (45, 4, 6, 0),
  (46, 4, 7, 0),
  (47, 4, 8, 0),
  (48, 4, 9, 0),
  (49, 4, 10, 0),
  (50, 4, 11, 0),
  (51, 4, 12, 0),
  (52, 4, 13, 0),
  (53, 5, 1, 0),
  (54, 5, 2, 0),
  (55, 5, 3, 0),
  (56, 5, 4, 0),
  (57, 5, 5, 0),
  (58, 5, 6, 0),
  (59, 5, 7, 0),
  (60, 5, 8, 0),
  (61, 5, 9, 0),
  (62, 5, 10, 0),
  (63, 5, 11, 0),
  (64, 5, 12, 0),
  (65, 5, 13, 0),
  (66, 6, 1, 0),
  (67, 6, 2, 0),
  (68, 6, 3, 0),
  (69, 6, 4, 0),
  (70, 6, 5, 0),
  (71, 6, 6, 0),
  (72, 6, 7, 0),
  (73, 6, 8, 0),
  (74, 6, 9, 0),
  (75, 6, 10, 0),
  (76, 6, 11, 0),
  (77, 6, 12, 0),
  (78, 6, 13, 0),
  (79, 7, 1, 0),
  (80, 7, 2, 0),
  (81, 7, 3, 0),
  (82, 7, 4, 0),
  (83, 7, 5, 0),
  (84, 7, 6, 0),
  (85, 7, 7, 0),
  (86, 7, 8, 0),
  (87, 7, 9, 0),
  (88, 7, 10, 0),
  (89, 7, 11, 0),
  (90, 7, 12, 0),
  (91, 7, 13, 0),
  (92, 8, 1, 0),
  (93, 8, 2, 0),
  (94, 8, 3, 0),
  (95, 8, 4, 0),
  (96, 8, 5, 0),
  (97, 8, 6, 0),
  (98, 8, 7, 0),
  (99, 8, 8, 0),
  (100, 8, 9, 0),
  (101, 8, 10, 0),
  (102, 8, 11, 0),
  (103, 8, 12, 0),
  (104, 8, 13, 0),
  (105, 9, 1, 0),
  (106, 9, 2, 0),
  (107, 9, 3, 0),
  (108, 9, 4, 0),
  (109, 9, 5, 0),
  (110, 9, 6, 0),
  (111, 9, 7, 0),
  (112, 9, 8, 0),
  (113, 9, 9, 0),
  (114, 9, 10, 0),
  (115, 9, 11, 0),
  (116, 9, 12, 0),
  (117, 9, 13, 0),
  (118, 10, 1, 0),
  (119, 10, 2, 0),
  (120, 10, 3, 0),
  (121, 10, 4, 0),
  (122, 10, 5, 0),
  (123, 10, 6, 0),
  (124, 10, 7, 0),
  (125, 10, 8, 0),
  (126, 10, 9, 0),
  (127, 10, 10, 0),
  (128, 10, 11, 0),
  (129, 10, 12, 0),
  (130, 10, 13, 0),
  (131, 11, 1, 0),
  (132, 11, 2, 0),
  (133, 11, 3, 0),
  (134, 11, 4, 0),
  (135, 11, 5, 0),
  (136, 11, 6, 0),
  (137, 11, 7, 0),
  (138, 11, 8, 0),
  (139, 11, 9, 0),
  (140, 11, 10, 0),
  (141, 11, 11, 0),
  (142, 11, 12, 0),
  (143, 11, 13, 0),
  (144, 12, 1, 0),
  (145, 12, 2, 0),
  (146, 12, 3, 0),
  (147, 12, 4, 0),
  (148, 12, 5, 0),
  (149, 12, 6, 0),
  (150, 12, 7, 0),
  (151, 12, 8, 0),
  (152, 12, 9, 0),
  (153, 12, 10, 0),
  (154, 12, 11, 0),
  (155, 12, 12, 0),
  (156, 12, 13, 0),
  (157, 13, 1, 0),
  (158, 13, 2, 0),
  (159, 13, 3, 0),
  (160, 13, 4, 0),
  (161, 13, 5, 0),
  (162, 13, 6, 0),
  (163, 13, 7, 0),
  (164, 13, 8, 0),
  (165, 13, 9, 0),
  (166, 13, 10, 0),
  (167, 13, 11, 0),
  (168, 13, 12, 0),
  (169, 13, 13, 0),
  (170, 14, 1, 0),
  (171, 14, 2, 0),
  (172, 14, 3, 0),
  (173, 14, 4, 0),
  (174, 14, 5, 0),
  (175, 14, 6, 0),
  (176, 14, 7, 0),
  (177, 14, 8, 0),
  (178, 14, 9, 0),
  (179, 14, 10, 0),
  (180, 14, 11, 0),
  (181, 14, 12, 0),
  (182, 14, 13, 0),
  (183, 15, 1, 0),
  (184, 15, 2, 0),
  (185, 15, 3, 0),
  (186, 15, 4, 0),
  (187, 15, 5, 0),
  (188, 15, 6, 0),
  (189, 15, 7, 0),
  (190, 15, 8, 0),
  (191, 15, 9, 0),
  (192, 15, 10, 0),
  (193, 15, 11, 0),
  (194, 15, 12, 0),
  (195, 15, 13, 0),
  (196, 16, 1, 0),
  (197, 16, 2, 0),
  (198, 16, 3, 0),
  (199, 16, 4, 0),
  (200, 16, 5, 0),
  (201, 16, 6, 0),
  (202, 16, 7, 0),
  (203, 16, 8, 0),
  (204, 16, 9, 0),
  (205, 16, 10, 0),
  (206, 16, 11, 0),
  (207, 16, 12, 0),
  (208, 16, 13, 0),
  (209, 17, 1, 0),
  (210, 17, 2, 0),
  (211, 17, 3, 0),
  (212, 17, 4, 0),
  (213, 17, 5, 0),
  (214, 17, 6, 0),
  (215, 17, 7, 0),
  (216, 17, 8, 0),
  (217, 17, 9, 0),
  (218, 17, 10, 0),
  (219, 17, 11, 0),
  (220, 17, 12, 0),
  (221, 17, 13, 0),
  (222, 18, 1, 0),
  (223, 18, 2, 0),
  (224, 18, 3, 0),
  (225, 18, 4, 0),
  (226, 18, 5, 0),
  (227, 18, 6, 0),
  (228, 18, 7, 0),
  (229, 18, 8, 0),
  (230, 18, 9, 0),
  (231, 18, 10, 0),
  (232, 18, 11, 0),
  (233, 18, 12, 0),
  (234, 18, 13, 0),
  (235, 19, 1, 1),
  (236, 19, 2, 1),
  (237, 19, 3, 1),
  (238, 19, 4, 1),
  (239, 19, 5, 1),
  (240, 19, 6, 1),
  (241, 19, 7, 1),
  (242, 19, 8, 1),
  (243, 19, 9, 1),
  (244, 19, 10, 1),
  (245, 19, 11, 1),
  (246, 19, 12, 1),
  (247, 19, 13, 1),
  (248, 20, 1, 0),
  (249, 20, 2, 0),
  (250, 20, 3, 0),
  (251, 20, 4, 0),
  (252, 20, 5, 0),
  (253, 20, 6, 0),
  (254, 20, 7, 0),
  (255, 20, 8, 0),
  (256, 20, 9, 0),
  (257, 20, 10, 0),
  (258, 20, 11, 0),
  (259, 20, 12, 0),
  (260, 20, 13, 0),
  (261, 21, 1, 0),
  (262, 21, 2, 0),
  (263, 21, 3, 0),
  (264, 21, 4, 0),
  (265, 21, 5, 0),
  (266, 21, 6, 0),
  (267, 21, 7, 0),
  (268, 21, 8, 0),
  (269, 21, 9, 0),
  (270, 21, 10, 0),
  (271, 21, 11, 0),
  (272, 21, 12, 0),
  (273, 21, 13, 0),
  (274, 22, 1, 0),
  (275, 22, 2, 0),
  (276, 22, 3, 0),
  (277, 22, 4, 0),
  (278, 22, 5, 0),
  (279, 22, 6, 0),
  (280, 22, 7, 0),
  (281, 22, 8, 0),
  (282, 22, 9, 0),
  (283, 22, 10, 0),
  (284, 22, 11, 0),
  (285, 22, 12, 0),
  (286, 22, 13, 0),
  (287, 23, 1, 0),
  (288, 23, 2, 0),
  (289, 23, 3, 0),
  (290, 23, 4, 0),
  (291, 23, 5, 0),
  (292, 23, 6, 0),
  (293, 23, 7, 0),
  (294, 23, 8, 0),
  (295, 23, 9, 0),
  (296, 23, 10, 0),
  (297, 23, 11, 0),
  (298, 23, 12, 0),
  (299, 23, 13, 0),
  (300, 24, 1, 0),
  (301, 24, 2, 0),
  (302, 24, 3, 0),
  (303, 24, 4, 0),
  (304, 24, 5, 0),
  (305, 24, 6, 0),
  (306, 24, 7, 0),
  (307, 24, 8, 0),
  (308, 24, 9, 0),
  (309, 24, 10, 0),
  (310, 24, 11, 0),
  (311, 24, 12, 0),
  (312, 24, 13, 0),
  (313, 25, 1, 0),
  (314, 25, 2, 0),
  (315, 25, 3, 0),
  (316, 25, 4, 0),
  (317, 25, 5, 0),
  (318, 25, 6, 0),
  (319, 25, 7, 0),
  (320, 25, 8, 0),
  (321, 25, 9, 0),
  (322, 25, 10, 0),
  (323, 25, 11, 0),
  (324, 25, 12, 0),
  (325, 25, 13, 0),
  (326, 26, 1, 0),
  (327, 26, 2, 0),
  (328, 26, 3, 0),
  (329, 26, 4, 0),
  (330, 26, 5, 0),
  (331, 26, 6, 0),
  (332, 26, 7, 0),
  (333, 26, 8, 0),
  (334, 26, 9, 0),
  (335, 26, 10, 0),
  (336, 26, 11, 0),
  (337, 26, 12, 0),
  (338, 26, 13, 0),
  (339, 27, 1, 0),
  (340, 27, 2, 0),
  (341, 27, 3, 0),
  (342, 27, 4, 0),
  (343, 27, 5, 0),
  (344, 27, 6, 0),
  (345, 27, 7, 0),
  (346, 27, 8, 0),
  (347, 27, 9, 0),
  (348, 27, 10, 0),
  (349, 27, 11, 0),
  (350, 27, 12, 0),
  (351, 27, 13, 0),
  (352, 28, 1, 0),
  (353, 28, 2, 0),
  (354, 28, 3, 0),
  (355, 28, 4, 0),
  (356, 28, 5, 0),
  (357, 28, 6, 0),
  (358, 28, 7, 0),
  (359, 28, 8, 0),
  (360, 28, 9, 0),
  (361, 28, 10, 0),
  (362, 28, 11, 0),
  (363, 28, 12, 0),
  (364, 28, 13, 0),
  (365, 29, 1, 0),
  (366, 29, 2, 0),
  (367, 29, 3, 0),
  (368, 29, 4, 0),
  (369, 29, 5, 0),
  (370, 29, 6, 0),
  (371, 29, 7, 0),
  (372, 29, 8, 0),
  (373, 29, 9, 0),
  (374, 29, 10, 0),
  (375, 29, 11, 0),
  (376, 29, 12, 0),
  (377, 29, 13, 0),
  (378, 30, 1, 0),
  (379, 30, 2, 0),
  (380, 30, 3, 0),
  (381, 30, 4, 0),
  (382, 30, 5, 0),
  (383, 30, 6, 0),
  (384, 30, 7, 0),
  (385, 30, 8, 0),
  (386, 30, 9, 0),
  (387, 30, 10, 0),
  (388, 30, 11, 0),
  (389, 30, 12, 0),
  (390, 30, 13, 0),
  (391, 31, 1, 0),
  (392, 31, 2, 0),
  (393, 31, 3, 0),
  (394, 31, 4, 0),
  (395, 31, 5, 0),
  (396, 31, 6, 0),
  (397, 31, 7, 0),
  (398, 31, 8, 0),
  (399, 31, 9, 0),
  (400, 31, 10, 0),
  (401, 31, 11, 0),
  (402, 31, 12, 0),
  (403, 31, 13, 0),
  (404, 32, 1, 0),
  (405, 32, 2, 0),
  (406, 32, 3, 0),
  (407, 32, 4, 0),
  (408, 32, 5, 0),
  (409, 32, 6, 0),
  (410, 32, 7, 0),
  (411, 32, 8, 0),
  (412, 32, 9, 0),
  (413, 32, 10, 0),
  (414, 32, 11, 0),
  (415, 32, 12, 0),
  (416, 32, 13, 0),
  (417, 33, 1, 0),
  (418, 33, 2, 0),
  (419, 33, 3, 0),
  (420, 33, 4, 0),
  (421, 33, 5, 0),
  (422, 33, 6, 0),
  (423, 33, 7, 0),
  (424, 33, 8, 0),
  (425, 33, 9, 0),
  (426, 33, 10, 0),
  (427, 33, 11, 0),
  (428, 33, 12, 0),
  (429, 33, 13, 0),
  (430, 34, 1, 0),
  (431, 34, 2, 0),
  (432, 34, 3, 0),
  (433, 34, 4, 0),
  (434, 34, 5, 0),
  (435, 34, 6, 0),
  (436, 34, 7, 0),
  (437, 34, 8, 0),
  (438, 34, 9, 0),
  (439, 34, 10, 0),
  (440, 34, 11, 0),
  (441, 34, 12, 0),
  (442, 34, 13, 0),
  (443, 35, 1, 0),
  (444, 35, 2, 0),
  (445, 35, 3, 0),
  (446, 35, 4, 0),
  (447, 35, 5, 0),
  (448, 35, 6, 0),
  (449, 35, 7, 0),
  (450, 35, 8, 0),
  (451, 35, 9, 0),
  (452, 35, 10, 0),
  (453, 35, 11, 0),
  (454, 35, 12, 0),
  (455, 35, 13, 0),
  (456, 36, 1, 1),
  (457, 36, 2, 1),
  (458, 36, 3, 1),
  (459, 36, 4, 1),
  (460, 36, 5, 1),
  (461, 36, 6, 1),
  (462, 36, 7, 1),
  (463, 36, 8, 1),
  (464, 36, 9, 1),
  (465, 36, 10, 1),
  (466, 36, 11, 1),
  (467, 36, 12, 1),
  (468, 36, 13, 1),
  (469, 37, 1, 0),
  (470, 37, 2, 0),
  (471, 37, 3, 0),
  (472, 37, 4, 0),
  (473, 37, 5, 0),
  (474, 37, 6, 0),
  (475, 37, 7, 0),
  (476, 37, 8, 0),
  (477, 37, 9, 0),
  (478, 37, 10, 0),
  (479, 37, 11, 0),
  (480, 37, 12, 0),
  (481, 37, 13, 0),
  (482, 38, 1, 0),
  (483, 38, 2, 0),
  (484, 38, 3, 0),
  (485, 38, 4, 0),
  (486, 38, 5, 0),
  (487, 38, 6, 0),
  (488, 38, 7, 0),
  (489, 38, 8, 0),
  (490, 38, 9, 0),
  (491, 38, 10, 0),
  (492, 38, 11, 0),
  (493, 38, 12, 0),
  (494, 38, 13, 0),
  (495, 39, 1, 0),
  (496, 39, 2, 0),
  (497, 39, 3, 0),
  (498, 39, 4, 0),
  (499, 39, 5, 0),
  (500, 39, 6, 0),
  (501, 39, 7, 0),
  (502, 39, 8, 0),
  (503, 39, 9, 0),
  (504, 39, 10, 0),
  (505, 39, 11, 0),
  (506, 39, 12, 0),
  (507, 39, 13, 0),
  (508, 40, 1, 0),
  (509, 40, 2, 0),
  (510, 40, 3, 0),
  (511, 40, 4, 0),
  (512, 40, 5, 0),
  (513, 40, 6, 0),
  (514, 40, 7, 0),
  (515, 40, 8, 0),
  (516, 40, 9, 0),
  (517, 40, 10, 0),
  (518, 40, 11, 0),
  (519, 40, 12, 0),
  (520, 40, 13, 0),
  (521, 41, 1, 0),
  (522, 41, 2, 0),
  (523, 41, 3, 0),
  (524, 41, 4, 0),
  (525, 41, 5, 0),
  (526, 41, 6, 0),
  (527, 41, 7, 0),
  (528, 41, 8, 0),
  (529, 41, 9, 0),
  (530, 41, 10, 0),
  (531, 41, 11, 0),
  (532, 41, 12, 0),
  (533, 41, 13, 0),
  (534, 42, 1, 0),
  (535, 42, 2, 0),
  (536, 42, 3, 0),
  (537, 42, 4, 0),
  (538, 42, 5, 0),
  (539, 42, 6, 0),
  (540, 42, 7, 0),
  (541, 42, 8, 0),
  (542, 42, 9, 0),
  (543, 42, 10, 0),
  (544, 42, 11, 0),
  (545, 42, 12, 0),
  (546, 42, 13, 0),
  (547, 43, 1, 0),
  (548, 43, 2, 0),
  (549, 43, 3, 0),
  (550, 43, 4, 0),
  (551, 43, 5, 0),
  (552, 43, 6, 0),
  (553, 43, 7, 0),
  (554, 43, 8, 0),
  (555, 43, 9, 0),
  (556, 43, 10, 0),
  (557, 43, 11, 0),
  (558, 43, 12, 0),
  (559, 43, 13, 0),
  (560, 44, 1, 0),
  (561, 44, 2, 0),
  (562, 44, 3, 0),
  (563, 44, 4, 0),
  (564, 44, 5, 0),
  (565, 44, 6, 0),
  (566, 44, 7, 0),
  (567, 44, 8, 0),
  (568, 44, 9, 0),
  (569, 44, 10, 0),
  (570, 44, 11, 0),
  (571, 44, 12, 0),
  (572, 44, 13, 0),
  (573, 45, 1, 0),
  (574, 45, 2, 0),
  (575, 45, 3, 0),
  (576, 45, 4, 0),
  (577, 45, 5, 0),
  (578, 45, 6, 0),
  (579, 45, 7, 0),
  (580, 45, 8, 0),
  (581, 45, 9, 0),
  (582, 45, 10, 0),
  (583, 45, 11, 0),
  (584, 45, 12, 0),
  (585, 45, 13, 0),
  (586, 46, 1, 0),
  (587, 46, 2, 0),
  (588, 46, 3, 0),
  (589, 46, 4, 0),
  (590, 46, 5, 0),
  (591, 46, 6, 0),
  (592, 46, 7, 0),
  (593, 46, 8, 0),
  (594, 46, 9, 0),
  (595, 46, 10, 0),
  (596, 46, 11, 0),
  (597, 46, 12, 0),
  (598, 46, 13, 0),
  (599, 47, 1, 0),
  (600, 47, 2, 0),
  (601, 47, 3, 0),
  (602, 47, 4, 0),
  (603, 47, 5, 0),
  (604, 47, 6, 0),
  (605, 47, 7, 0),
  (606, 47, 8, 0),
  (607, 47, 9, 0),
  (608, 47, 10, 0),
  (609, 47, 11, 0),
  (610, 47, 12, 0),
  (611, 47, 13, 0),
  (612, 48, 1, 0),
  (613, 48, 2, 0),
  (614, 48, 3, 0),
  (615, 48, 4, 0),
  (616, 48, 5, 0),
  (617, 48, 6, 0),
  (618, 48, 7, 0),
  (619, 48, 8, 0),
  (620, 48, 9, 0),
  (621, 48, 10, 0),
  (622, 48, 11, 0),
  (623, 48, 12, 0),
  (624, 48, 13, 0),
  (625, 49, 1, 0),
  (626, 49, 2, 0),
  (627, 49, 3, 0),
  (628, 49, 4, 0),
  (629, 49, 5, 0),
  (630, 49, 6, 0),
  (631, 49, 7, 0),
  (632, 49, 8, 0),
  (633, 49, 9, 0),
  (634, 49, 10, 0),
  (635, 49, 11, 0),
  (636, 49, 12, 0),
  (637, 49, 13, 0),
  (638, 50, 1, 0),
  (639, 50, 2, 0),
  (640, 50, 3, 0),
  (641, 50, 4, 0),
  (642, 50, 5, 0),
  (643, 50, 6, 0),
  (644, 50, 7, 0),
  (645, 50, 8, 0),
  (646, 50, 9, 0),
  (647, 50, 10, 0),
  (648, 50, 11, 0),
  (649, 50, 12, 0),
  (650, 50, 13, 0),
  (651, 51, 1, 0),
  (652, 51, 2, 0),
  (653, 51, 3, 0),
  (654, 51, 4, 0),
  (655, 51, 5, 0),
  (656, 51, 6, 0),
  (657, 51, 7, 0),
  (658, 51, 8, 0),
  (659, 51, 9, 0),
  (660, 51, 10, 0),
  (661, 51, 11, 0),
  (662, 51, 12, 0),
  (663, 51, 13, 0),
  (664, 52, 1, 0),
  (665, 52, 2, 0),
  (666, 52, 3, 0),
  (667, 52, 4, 0),
  (668, 52, 5, 0),
  (669, 52, 6, 0),
  (670, 52, 7, 0),
  (671, 52, 8, 0),
  (672, 52, 9, 0),
  (673, 52, 10, 0),
  (674, 52, 11, 0),
  (675, 52, 12, 0),
  (676, 52, 13, 0),
  (677, 53, 1, 1),
  (678, 53, 2, 1),
  (679, 53, 3, 1),
  (680, 53, 4, 0),
  (681, 53, 5, 0),
  (682, 53, 6, 0),
  (683, 53, 7, 0),
  (684, 53, 8, 0),
  (685, 53, 9, 0),
  (686, 53, 10, 0),
  (687, 53, 11, 0),
  (688, 53, 12, 0),
  (689, 53, 13, 0),
  (690, 54, 1, 0),
  (691, 54, 2, 0),
  (692, 54, 3, 0),
  (693, 54, 4, 0),
  (694, 54, 5, 0),
  (695, 54, 6, 0),
  (696, 54, 7, 0),
  (697, 54, 8, 0),
  (698, 54, 9, 0),
  (699, 54, 10, 0),
  (700, 54, 11, 0),
  (701, 54, 12, 0),
  (702, 54, 13, 0),
  (703, 55, 1, 0),
  (704, 55, 2, 0),
  (705, 55, 3, 0),
  (706, 55, 4, 0),
  (707, 55, 5, 0),
  (708, 55, 6, 0),
  (709, 55, 7, 0),
  (710, 55, 8, 0),
  (711, 55, 9, 0),
  (712, 55, 10, 0),
  (713, 55, 11, 0),
  (714, 55, 12, 0),
  (715, 55, 13, 0),
  (716, 56, 1, 0),
  (717, 56, 2, 0),
  (718, 56, 3, 0),
  (719, 56, 4, 0),
  (720, 56, 5, 0),
  (721, 56, 6, 0),
  (722, 56, 7, 0),
  (723, 56, 8, 0),
  (724, 56, 9, 0),
  (725, 56, 10, 0),
  (726, 56, 11, 0),
  (727, 56, 12, 0),
  (728, 56, 13, 0),
  (729, 57, 1, 0),
  (730, 57, 2, 0),
  (731, 57, 3, 0),
  (732, 57, 4, 0),
  (733, 57, 5, 0),
  (734, 57, 6, 0),
  (735, 57, 7, 0),
  (736, 57, 8, 0),
  (737, 57, 9, 0),
  (738, 57, 10, 0),
  (739, 57, 11, 0),
  (740, 57, 12, 0),
  (741, 57, 13, 0),
  (742, 58, 1, 0),
  (743, 58, 2, 0),
  (744, 58, 3, 0),
  (745, 58, 4, 0),
  (746, 58, 5, 0),
  (747, 58, 6, 0),
  (748, 58, 7, 0),
  (749, 58, 8, 0),
  (750, 58, 9, 0),
  (751, 58, 10, 0),
  (752, 58, 11, 0),
  (753, 58, 12, 0),
  (754, 58, 13, 0),
  (755, 59, 1, 0),
  (756, 59, 2, 0),
  (757, 59, 3, 0),
  (758, 59, 4, 0),
  (759, 59, 5, 0),
  (760, 59, 6, 0),
  (761, 59, 7, 0),
  (762, 59, 8, 0),
  (763, 59, 9, 0),
  (764, 59, 10, 0),
  (765, 59, 11, 0),
  (766, 59, 12, 0),
  (767, 59, 13, 0),
  (768, 60, 1, 0),
  (769, 60, 2, 0),
  (770, 60, 3, 0),
  (771, 60, 4, 0),
  (772, 60, 5, 0),
  (773, 60, 6, 0),
  (774, 60, 7, 0),
  (775, 60, 8, 0),
  (776, 60, 9, 0),
  (777, 60, 10, 0),
  (778, 60, 11, 0),
  (779, 60, 12, 0),
  (780, 60, 13, 0),
  (781, 61, 1, 0),
  (782, 61, 2, 0),
  (783, 61, 3, 0),
  (784, 61, 4, 0),
  (785, 61, 5, 0),
  (786, 61, 6, 0),
  (787, 61, 7, 0),
  (788, 61, 8, 0),
  (789, 61, 9, 0),
  (790, 61, 10, 0),
  (791, 61, 11, 0),
  (792, 61, 12, 0),
  (793, 61, 13, 0),
  (794, 62, 1, 0),
  (795, 62, 2, 0),
  (796, 62, 3, 0),
  (797, 62, 4, 0),
  (798, 62, 5, 0),
  (799, 62, 6, 0),
  (800, 62, 7, 0),
  (801, 62, 8, 0),
  (802, 62, 9, 0),
  (803, 62, 10, 0),
  (804, 62, 11, 0),
  (805, 62, 12, 0),
  (806, 62, 13, 0),
  (807, 63, 1, 0),
  (808, 63, 2, 0),
  (809, 63, 3, 0),
  (810, 63, 4, 0),
  (811, 63, 5, 0),
  (812, 63, 6, 0),
  (813, 63, 7, 0),
  (814, 63, 8, 0),
  (815, 63, 9, 0),
  (816, 63, 10, 0),
  (817, 63, 11, 0),
  (818, 63, 12, 0),
  (819, 63, 13, 0),
  (820, 64, 1, 0),
  (821, 64, 2, 0),
  (822, 64, 3, 0),
  (823, 64, 4, 0),
  (824, 64, 5, 0),
  (825, 64, 6, 0),
  (826, 64, 7, 0),
  (827, 64, 8, 0),
  (828, 64, 9, 0),
  (829, 64, 10, 0),
  (830, 64, 11, 0),
  (831, 64, 12, 0),
  (832, 64, 13, 0),
  (833, 65, 1, 0),
  (834, 65, 2, 0),
  (835, 65, 3, 0),
  (836, 65, 4, 0),
  (837, 65, 5, 0),
  (838, 65, 6, 0),
  (839, 65, 7, 0),
  (840, 65, 8, 0),
  (841, 65, 9, 0),
  (842, 65, 10, 0),
  (843, 65, 11, 0),
  (844, 65, 12, 0),
  (845, 65, 13, 0),
  (846, 66, 1, 0),
  (847, 66, 2, 0),
  (848, 66, 3, 0),
  (849, 66, 4, 0),
  (850, 66, 5, 0),
  (851, 66, 6, 0),
  (852, 66, 7, 0),
  (853, 66, 8, 0),
  (854, 66, 9, 0),
  (855, 66, 10, 0),
  (856, 66, 11, 0),
  (857, 66, 12, 0),
  (858, 66, 13, 0),
  (859, 67, 1, 0),
  (860, 67, 2, 0),
  (861, 67, 3, 0),
  (862, 67, 4, 0),
  (863, 67, 5, 0),
  (864, 67, 6, 0),
  (865, 67, 7, 0),
  (866, 67, 8, 0),
  (867, 67, 9, 0),
  (868, 67, 10, 0),
  (869, 67, 11, 0),
  (870, 67, 12, 0),
  (871, 67, 13, 0),
  (872, 68, 1, 0),
  (873, 68, 2, 0),
  (874, 68, 3, 0),
  (875, 68, 4, 0),
  (876, 68, 5, 0),
  (877, 68, 6, 0),
  (878, 68, 7, 0),
  (879, 68, 8, 0),
  (880, 68, 9, 0),
  (881, 68, 10, 0),
  (882, 68, 11, 0),
  (883, 68, 12, 0),
  (884, 68, 13, 0),
  (1106, 86, 1, 0),
  (1107, 86, 2, 0),
  (1108, 86, 3, 0),
  (1109, 86, 4, 0),
  (1110, 86, 5, 0),
  (1111, 86, 6, 0),
  (1112, 86, 7, 0),
  (1113, 86, 8, 0),
  (1114, 86, 9, 0),
  (1115, 86, 10, 0),
  (1116, 86, 11, 0),
  (1117, 86, 12, 0),
  (1118, 86, 13, 0),
  (1119, 87, 1, 0),
  (1120, 87, 2, 0),
  (1121, 87, 3, 0),
  (1122, 87, 4, 0),
  (1123, 87, 5, 0),
  (1124, 87, 6, 0),
  (1125, 87, 7, 0),
  (1126, 87, 8, 0),
  (1127, 87, 9, 0),
  (1128, 87, 10, 0),
  (1129, 87, 11, 0),
  (1130, 87, 12, 0),
  (1131, 87, 13, 0),
  (1132, 88, 1, 0),
  (1133, 88, 2, 0),
  (1134, 88, 3, 0),
  (1135, 88, 4, 0),
  (1136, 88, 5, 0),
  (1137, 88, 6, 0),
  (1138, 88, 7, 0),
  (1139, 88, 8, 0),
  (1140, 88, 9, 0),
  (1141, 88, 10, 0),
  (1142, 88, 11, 0),
  (1143, 88, 12, 0),
  (1144, 88, 13, 0),
  (1145, 89, 1, 0),
  (1146, 89, 2, 0),
  (1147, 89, 3, 0),
  (1148, 89, 4, 0),
  (1149, 89, 5, 0),
  (1150, 89, 6, 0),
  (1151, 89, 7, 0),
  (1152, 89, 8, 0),
  (1153, 89, 9, 0),
  (1154, 89, 10, 0),
  (1155, 89, 11, 0),
  (1156, 89, 12, 0),
  (1157, 89, 13, 0),
  (1158, 90, 1, 0),
  (1159, 90, 2, 0),
  (1160, 90, 3, 0),
  (1161, 90, 4, 0),
  (1162, 90, 5, 0),
  (1163, 90, 6, 0),
  (1164, 90, 7, 0),
  (1165, 90, 8, 0),
  (1166, 90, 9, 0),
  (1167, 90, 10, 0),
  (1168, 90, 11, 0),
  (1169, 90, 12, 0),
  (1170, 90, 13, 0),
  (1171, 91, 1, 0),
  (1172, 91, 2, 0),
  (1173, 91, 3, 0),
  (1174, 91, 4, 0),
  (1175, 91, 5, 0),
  (1176, 91, 6, 0),
  (1177, 91, 7, 0),
  (1178, 91, 8, 0),
  (1179, 91, 9, 0),
  (1180, 91, 10, 0),
  (1181, 91, 11, 0),
  (1182, 91, 12, 0),
  (1183, 91, 13, 0),
  (1184, 92, 1, 0),
  (1185, 92, 2, 0),
  (1186, 92, 3, 0),
  (1187, 92, 4, 0),
  (1188, 92, 5, 0),
  (1189, 92, 6, 0),
  (1190, 92, 7, 0),
  (1191, 92, 8, 0),
  (1192, 92, 9, 0),
  (1193, 92, 10, 0),
  (1194, 92, 11, 0),
  (1195, 92, 12, 0),
  (1196, 92, 13, 0),
  (1197, 93, 1, 0),
  (1198, 93, 2, 0),
  (1199, 93, 3, 0),
  (1200, 93, 4, 0),
  (1201, 93, 5, 0),
  (1202, 93, 6, 0),
  (1203, 93, 7, 0),
  (1204, 93, 8, 0),
  (1205, 93, 9, 0),
  (1206, 93, 10, 0),
  (1207, 93, 11, 0),
  (1208, 93, 12, 0),
  (1209, 93, 13, 0),
  (1210, 94, 1, 0),
  (1211, 94, 2, 0),
  (1212, 94, 3, 0),
  (1213, 94, 4, 0),
  (1214, 94, 5, 0),
  (1215, 94, 6, 0),
  (1216, 94, 7, 0),
  (1217, 94, 8, 0),
  (1218, 94, 9, 0),
  (1219, 94, 10, 0),
  (1220, 94, 11, 0),
  (1221, 94, 12, 0),
  (1222, 94, 13, 0),
  (1223, 95, 1, 0),
  (1224, 95, 2, 0),
  (1225, 95, 3, 0),
  (1226, 95, 4, 0),
  (1227, 95, 5, 0),
  (1228, 95, 6, 0),
  (1229, 95, 7, 0),
  (1230, 95, 8, 0),
  (1231, 95, 9, 0),
  (1232, 95, 10, 0),
  (1233, 95, 11, 0),
  (1234, 95, 12, 0),
  (1235, 95, 13, 0),
  (1236, 96, 1, 0),
  (1237, 96, 2, 0),
  (1238, 96, 3, 0),
  (1239, 96, 4, 0),
  (1240, 96, 5, 0),
  (1241, 96, 6, 0),
  (1242, 96, 7, 0),
  (1243, 96, 8, 0),
  (1244, 96, 9, 0),
  (1245, 96, 10, 0),
  (1246, 96, 11, 0),
  (1247, 96, 12, 0),
  (1248, 96, 13, 0),
  (1249, 97, 1, 0),
  (1250, 97, 2, 0),
  (1251, 97, 3, 0),
  (1252, 97, 4, 0),
  (1253, 97, 5, 0),
  (1254, 97, 6, 0),
  (1255, 97, 7, 0),
  (1256, 97, 8, 0),
  (1257, 97, 9, 0),
  (1258, 97, 10, 0),
  (1259, 97, 11, 0),
  (1260, 97, 12, 0),
  (1261, 97, 13, 0),
  (1262, 98, 1, 0),
  (1263, 98, 2, 0),
  (1264, 98, 3, 0),
  (1265, 98, 4, 0),
  (1266, 98, 5, 0),
  (1267, 98, 6, 0),
  (1268, 98, 7, 0),
  (1269, 98, 8, 0),
  (1270, 98, 9, 0),
  (1271, 98, 10, 0),
  (1272, 98, 11, 0),
  (1273, 98, 12, 0),
  (1274, 98, 13, 0),
  (1275, 99, 1, 0),
  (1276, 99, 2, 0),
  (1277, 99, 3, 0),
  (1278, 99, 4, 0),
  (1279, 99, 5, 0),
  (1280, 99, 6, 0),
  (1281, 99, 7, 0),
  (1282, 99, 8, 0),
  (1283, 99, 9, 0),
  (1284, 99, 10, 0),
  (1285, 99, 11, 0),
  (1286, 99, 12, 0),
  (1287, 99, 13, 0),
  (1288, 100, 1, 0),
  (1289, 100, 2, 0),
  (1290, 100, 3, 0),
  (1291, 100, 4, 0),
  (1292, 100, 5, 0),
  (1293, 100, 6, 0),
  (1294, 100, 7, 0),
  (1295, 100, 8, 0),
  (1296, 100, 9, 0),
  (1297, 100, 10, 0),
  (1298, 100, 11, 0),
  (1299, 100, 12, 0),
  (1300, 100, 13, 0),
  (1301, 101, 1, 0),
  (1302, 101, 2, 0),
  (1303, 101, 3, 0),
  (1304, 101, 4, 0),
  (1305, 101, 5, 0),
  (1306, 101, 6, 0),
  (1307, 101, 7, 0),
  (1308, 101, 8, 0),
  (1309, 101, 9, 0),
  (1310, 101, 10, 0),
  (1311, 101, 11, 0),
  (1312, 101, 12, 0),
  (1313, 101, 13, 0),
  (1314, 102, 1, 0),
  (1315, 102, 2, 0),
  (1316, 102, 3, 0),
  (1317, 102, 4, 0),
  (1318, 102, 5, 0),
  (1319, 102, 6, 0),
  (1320, 102, 7, 0),
  (1321, 102, 8, 0),
  (1322, 102, 9, 0),
  (1323, 102, 10, 0),
  (1324, 102, 11, 0),
  (1325, 102, 12, 0),
  (1326, 102, 13, 0),
  (1769, 137, 1, 0),
  (1770, 137, 2, 0),
  (1771, 137, 3, 0),
  (1772, 137, 4, 0),
  (1773, 137, 5, 0),
  (1774, 137, 6, 0),
  (1775, 137, 7, 0),
  (1776, 137, 8, 0),
  (1777, 137, 9, 0),
  (1778, 137, 10, 0),
  (1779, 137, 11, 0),
  (1780, 137, 12, 0),
  (1781, 137, 13, 0),
  (1782, 138, 1, 0),
  (1783, 138, 2, 0),
  (1784, 138, 3, 0),
  (1785, 138, 4, 0),
  (1786, 138, 5, 0),
  (1787, 138, 6, 0),
  (1788, 138, 7, 0),
  (1789, 138, 8, 0),
  (1790, 138, 9, 0),
  (1791, 138, 10, 0),
  (1792, 138, 11, 0),
  (1793, 138, 12, 0),
  (1794, 138, 13, 0),
  (1795, 139, 1, 0),
  (1796, 139, 2, 0),
  (1797, 139, 3, 0),
  (1798, 139, 4, 0),
  (1799, 139, 5, 0),
  (1800, 139, 6, 0),
  (1801, 139, 7, 0),
  (1802, 139, 8, 0),
  (1803, 139, 9, 0),
  (1804, 139, 10, 0),
  (1805, 139, 11, 0),
  (1806, 139, 12, 0),
  (1807, 139, 13, 0),
  (1808, 140, 1, 0),
  (1809, 140, 2, 0),
  (1810, 140, 3, 0),
  (1811, 140, 4, 0),
  (1812, 140, 5, 0),
  (1813, 140, 6, 0),
  (1814, 140, 7, 0),
  (1815, 140, 8, 0),
  (1816, 140, 9, 0),
  (1817, 140, 10, 0),
  (1818, 140, 11, 0),
  (1819, 140, 12, 0),
  (1820, 140, 13, 0),
  (1821, 141, 1, 0),
  (1822, 141, 2, 0),
  (1823, 141, 3, 0),
  (1824, 141, 4, 0),
  (1825, 141, 5, 0),
  (1826, 141, 6, 0),
  (1827, 141, 7, 0),
  (1828, 141, 8, 0),
  (1829, 141, 9, 0),
  (1830, 141, 10, 0),
  (1831, 141, 11, 0),
  (1832, 141, 12, 0),
  (1833, 141, 13, 0),
  (1834, 142, 1, 0),
  (1835, 142, 2, 0),
  (1836, 142, 3, 0),
  (1837, 142, 4, 0),
  (1838, 142, 5, 0),
  (1839, 142, 6, 0),
  (1840, 142, 7, 0),
  (1841, 142, 8, 0),
  (1842, 142, 9, 0),
  (1843, 142, 10, 0),
  (1844, 142, 11, 0),
  (1845, 142, 12, 0),
  (1846, 142, 13, 0),
  (1847, 143, 1, 0),
  (1848, 143, 2, 0),
  (1849, 143, 3, 0),
  (1850, 143, 4, 0),
  (1851, 143, 5, 0),
  (1852, 143, 6, 0),
  (1853, 143, 7, 0),
  (1854, 143, 8, 0),
  (1855, 143, 9, 0),
  (1856, 143, 10, 0),
  (1857, 143, 11, 0),
  (1858, 143, 12, 0),
  (1859, 143, 13, 0),
  (1860, 144, 1, 0),
  (1861, 144, 2, 0),
  (1862, 144, 3, 0),
  (1863, 144, 4, 0),
  (1864, 144, 5, 0),
  (1865, 144, 6, 0),
  (1866, 144, 7, 0),
  (1867, 144, 8, 0),
  (1868, 144, 9, 0),
  (1869, 144, 10, 0),
  (1870, 144, 11, 0),
  (1871, 144, 12, 0),
  (1872, 144, 13, 0),
  (1873, 145, 1, 0),
  (1874, 145, 2, 0),
  (1875, 145, 3, 0),
  (1876, 145, 4, 0),
  (1877, 145, 5, 0),
  (1878, 145, 6, 0),
  (1879, 145, 7, 0),
  (1880, 145, 8, 0),
  (1881, 145, 9, 0),
  (1882, 145, 10, 0),
  (1883, 145, 11, 0),
  (1884, 145, 12, 0),
  (1885, 145, 13, 0),
  (1886, 146, 1, 0),
  (1887, 146, 2, 0),
  (1888, 146, 3, 0),
  (1889, 146, 4, 0),
  (1890, 146, 5, 0),
  (1891, 146, 6, 0),
  (1892, 146, 7, 0),
  (1893, 146, 8, 0),
  (1894, 146, 9, 0),
  (1895, 146, 10, 0),
  (1896, 146, 11, 0),
  (1897, 146, 12, 0),
  (1898, 146, 13, 0),
  (1899, 147, 1, 0),
  (1900, 147, 2, 0),
  (1901, 147, 3, 0),
  (1902, 147, 4, 0),
  (1903, 147, 5, 0),
  (1904, 147, 6, 0),
  (1905, 147, 7, 0),
  (1906, 147, 8, 0),
  (1907, 147, 9, 0),
  (1908, 147, 10, 0),
  (1909, 147, 11, 0),
  (1910, 147, 12, 0),
  (1911, 147, 13, 0),
  (1912, 148, 1, 0),
  (1913, 148, 2, 0),
  (1914, 148, 3, 0),
  (1915, 148, 4, 0),
  (1916, 148, 5, 0),
  (1917, 148, 6, 0),
  (1918, 148, 7, 0),
  (1919, 148, 8, 0),
  (1920, 148, 9, 0),
  (1921, 148, 10, 0),
  (1922, 148, 11, 0),
  (1923, 148, 12, 0),
  (1924, 148, 13, 0),
  (1925, 149, 1, 0),
  (1926, 149, 2, 0),
  (1927, 149, 3, 0),
  (1928, 149, 4, 0),
  (1929, 149, 5, 0),
  (1930, 149, 6, 0),
  (1931, 149, 7, 0),
  (1932, 149, 8, 0),
  (1933, 149, 9, 0),
  (1934, 149, 10, 0),
  (1935, 149, 11, 0),
  (1936, 149, 12, 0),
  (1937, 149, 13, 0),
  (1938, 150, 1, 0),
  (1939, 150, 2, 0),
  (1940, 150, 3, 0),
  (1941, 150, 4, 0),
  (1942, 150, 5, 0),
  (1943, 150, 6, 0),
  (1944, 150, 7, 0),
  (1945, 150, 8, 0),
  (1946, 150, 9, 0),
  (1947, 150, 10, 0),
  (1948, 150, 11, 0),
  (1949, 150, 12, 0),
  (1950, 150, 13, 0),
  (1951, 151, 1, 0),
  (1952, 151, 2, 0),
  (1953, 151, 3, 0),
  (1954, 151, 4, 0),
  (1955, 151, 5, 0),
  (1956, 151, 6, 0),
  (1957, 151, 7, 0),
  (1958, 151, 8, 0),
  (1959, 151, 9, 0),
  (1960, 151, 10, 0),
  (1961, 151, 11, 0),
  (1962, 151, 12, 0),
  (1963, 151, 13, 0),
  (1964, 152, 1, 0),
  (1965, 152, 2, 0),
  (1966, 152, 3, 0),
  (1967, 152, 4, 0),
  (1968, 152, 5, 0),
  (1969, 152, 6, 0),
  (1970, 152, 7, 0),
  (1971, 152, 8, 0),
  (1972, 152, 9, 0),
  (1973, 152, 10, 0),
  (1974, 152, 11, 0),
  (1975, 152, 12, 0),
  (1976, 152, 13, 0),
  (1977, 153, 1, 0),
  (1978, 153, 2, 0),
  (1979, 153, 3, 0),
  (1980, 153, 4, 0),
  (1981, 153, 5, 0),
  (1982, 153, 6, 0),
  (1983, 153, 7, 0),
  (1984, 153, 8, 0),
  (1985, 153, 9, 0),
  (1986, 153, 10, 0),
  (1987, 153, 11, 0),
  (1988, 153, 12, 0),
  (1989, 153, 13, 0),
  (1990, 154, 1, 0),
  (1991, 154, 2, 0),
  (1992, 154, 3, 0),
  (1993, 154, 4, 0),
  (1994, 154, 5, 0),
  (1995, 154, 6, 0),
  (1996, 154, 7, 0),
  (1997, 154, 8, 0),
  (1998, 154, 9, 0),
  (1999, 154, 10, 0),
  (2000, 154, 11, 0),
  (2001, 154, 12, 0),
  (2002, 154, 13, 0),
  (2003, 155, 1, 0),
  (2004, 155, 2, 0),
  (2005, 155, 3, 0),
  (2006, 155, 4, 0),
  (2007, 155, 5, 0),
  (2008, 155, 6, 0),
  (2009, 155, 7, 0),
  (2010, 155, 8, 0),
  (2011, 155, 9, 0),
  (2012, 155, 10, 0),
  (2013, 155, 11, 0),
  (2014, 155, 12, 0),
  (2015, 155, 13, 0),
  (2016, 156, 1, 0),
  (2017, 156, 2, 0),
  (2018, 156, 3, 0),
  (2019, 156, 4, 0),
  (2020, 156, 5, 0),
  (2021, 156, 6, 0),
  (2022, 156, 7, 0),
  (2023, 156, 8, 0),
  (2024, 156, 9, 0),
  (2025, 156, 10, 0),
  (2026, 156, 11, 0),
  (2027, 156, 12, 0),
  (2028, 156, 13, 0),
  (2029, 157, 1, 0),
  (2030, 157, 2, 0),
  (2031, 157, 3, 0),
  (2032, 157, 4, 0),
  (2033, 157, 5, 0),
  (2034, 157, 6, 0),
  (2035, 157, 7, 0),
  (2036, 157, 8, 0),
  (2037, 157, 9, 0),
  (2038, 157, 10, 0),
  (2039, 157, 11, 0),
  (2040, 157, 12, 0),
  (2041, 157, 13, 0),
  (2042, 158, 1, 0),
  (2043, 158, 2, 0),
  (2044, 158, 3, 0),
  (2045, 158, 4, 0),
  (2046, 158, 5, 0),
  (2047, 158, 6, 0),
  (2048, 158, 7, 0),
  (2049, 158, 8, 0),
  (2050, 158, 9, 0),
  (2051, 158, 10, 0),
  (2052, 158, 11, 0),
  (2053, 158, 12, 0),
  (2054, 158, 13, 0),
  (2055, 159, 1, 0),
  (2056, 159, 2, 0),
  (2057, 159, 3, 0),
  (2058, 159, 4, 0),
  (2059, 159, 5, 0),
  (2060, 159, 6, 0),
  (2061, 159, 7, 0),
  (2062, 159, 8, 0),
  (2063, 159, 9, 0),
  (2064, 159, 10, 0),
  (2065, 159, 11, 0),
  (2066, 159, 12, 0),
  (2067, 159, 13, 0),
  (2068, 160, 1, 0),
  (2069, 160, 2, 0),
  (2070, 160, 3, 0),
  (2071, 160, 4, 0),
  (2072, 160, 5, 0),
  (2073, 160, 6, 0),
  (2074, 160, 7, 0),
  (2075, 160, 8, 0),
  (2076, 160, 9, 0),
  (2077, 160, 10, 0),
  (2078, 160, 11, 0),
  (2079, 160, 12, 0),
  (2080, 160, 13, 0),
  (2081, 161, 1, 0),
  (2082, 161, 2, 0),
  (2083, 161, 3, 0),
  (2084, 161, 4, 0),
  (2085, 161, 5, 0),
  (2086, 161, 6, 0),
  (2087, 161, 7, 0),
  (2088, 161, 8, 0),
  (2089, 161, 9, 0),
  (2090, 161, 10, 0),
  (2091, 161, 11, 0),
  (2092, 161, 12, 0),
  (2093, 161, 13, 0),
  (2094, 162, 1, 0),
  (2095, 162, 2, 0),
  (2096, 162, 3, 0),
  (2097, 162, 4, 0),
  (2098, 162, 5, 0),
  (2099, 162, 6, 0),
  (2100, 162, 7, 0),
  (2101, 162, 8, 0),
  (2102, 162, 9, 0),
  (2103, 162, 10, 0),
  (2104, 162, 11, 0),
  (2105, 162, 12, 0),
  (2106, 162, 13, 0),
  (2107, 163, 1, 0),
  (2108, 163, 2, 0),
  (2109, 163, 3, 0),
  (2110, 163, 4, 0),
  (2111, 163, 5, 0),
  (2112, 163, 6, 0),
  (2113, 163, 7, 0),
  (2114, 163, 8, 0),
  (2115, 163, 9, 0),
  (2116, 163, 10, 0),
  (2117, 163, 11, 0),
  (2118, 163, 12, 0),
  (2119, 163, 13, 0),
  (2120, 164, 1, 0),
  (2121, 164, 2, 0),
  (2122, 164, 3, 0),
  (2123, 164, 4, 0),
  (2124, 164, 5, 0),
  (2125, 164, 6, 0),
  (2126, 164, 7, 0),
  (2127, 164, 8, 0),
  (2128, 164, 9, 0),
  (2129, 164, 10, 0),
  (2130, 164, 11, 0),
  (2131, 164, 12, 0),
  (2132, 164, 13, 0),
  (2133, 165, 1, 0),
  (2134, 165, 2, 0),
  (2135, 165, 3, 0),
  (2136, 165, 4, 0),
  (2137, 165, 5, 0),
  (2138, 165, 6, 0),
  (2139, 165, 7, 0),
  (2140, 165, 8, 0),
  (2141, 165, 9, 0),
  (2142, 165, 10, 0),
  (2143, 165, 11, 0),
  (2144, 165, 12, 0),
  (2145, 165, 13, 0),
  (2146, 166, 1, 0),
  (2147, 166, 2, 0),
  (2148, 166, 3, 0),
  (2149, 166, 4, 0),
  (2150, 166, 5, 0),
  (2151, 166, 6, 0),
  (2152, 166, 7, 0),
  (2153, 166, 8, 0),
  (2154, 166, 9, 0),
  (2155, 166, 10, 0),
  (2156, 166, 11, 0),
  (2157, 166, 12, 0),
  (2158, 166, 13, 0),
  (2159, 167, 1, 0),
  (2160, 167, 2, 0),
  (2161, 167, 3, 0),
  (2162, 167, 4, 0),
  (2163, 167, 5, 0),
  (2164, 167, 6, 0),
  (2165, 167, 7, 0),
  (2166, 167, 8, 0),
  (2167, 167, 9, 0),
  (2168, 167, 10, 0),
  (2169, 167, 11, 0),
  (2170, 167, 12, 0),
  (2171, 167, 13, 0),
  (2172, 168, 1, 0),
  (2173, 168, 2, 0),
  (2174, 168, 3, 0),
  (2175, 168, 4, 0),
  (2176, 168, 5, 0),
  (2177, 168, 6, 0),
  (2178, 168, 7, 0),
  (2179, 168, 8, 0),
  (2180, 168, 9, 0),
  (2181, 168, 10, 0),
  (2182, 168, 11, 0),
  (2183, 168, 12, 0),
  (2184, 168, 13, 0),
  (2185, 169, 1, 0),
  (2186, 169, 2, 0),
  (2187, 169, 3, 0),
  (2188, 169, 4, 0),
  (2189, 169, 5, 0),
  (2190, 169, 6, 0),
  (2191, 169, 7, 0),
  (2192, 169, 8, 0),
  (2193, 169, 9, 0),
  (2194, 169, 10, 0),
  (2195, 169, 11, 0),
  (2196, 169, 12, 0),
  (2197, 169, 13, 0),
  (2198, 170, 1, 0),
  (2199, 170, 2, 0),
  (2200, 170, 3, 0),
  (2201, 170, 4, 0),
  (2202, 170, 5, 0),
  (2203, 170, 6, 0),
  (2204, 170, 7, 0),
  (2205, 170, 8, 0),
  (2206, 170, 9, 0),
  (2207, 170, 10, 0),
  (2208, 170, 11, 0),
  (2209, 170, 12, 0),
  (2210, 170, 13, 0),
  (2653, 205, 1, 0),
  (2654, 205, 2, 0),
  (2655, 205, 3, 0),
  (2656, 205, 4, 0),
  (2657, 205, 5, 0),
  (2658, 205, 6, 0),
  (2659, 205, 7, 0),
  (2660, 205, 8, 0),
  (2661, 205, 9, 0),
  (2662, 205, 10, 0),
  (2663, 205, 11, 0),
  (2664, 205, 12, 0),
  (2665, 205, 13, 0),
  (2666, 206, 1, 0),
  (2667, 206, 2, 0),
  (2668, 206, 3, 0),
  (2669, 206, 4, 0),
  (2670, 206, 5, 0),
  (2671, 206, 6, 0),
  (2672, 206, 7, 0),
  (2673, 206, 8, 0),
  (2674, 206, 9, 0),
  (2675, 206, 10, 0),
  (2676, 206, 11, 0),
  (2677, 206, 12, 0),
  (2678, 206, 13, 0),
  (2679, 207, 1, 0),
  (2680, 207, 2, 0),
  (2681, 207, 3, 0),
  (2682, 207, 4, 0),
  (2683, 207, 5, 0),
  (2684, 207, 6, 0),
  (2685, 207, 7, 0),
  (2686, 207, 8, 0),
  (2687, 207, 9, 0),
  (2688, 207, 10, 0),
  (2689, 207, 11, 0),
  (2690, 207, 12, 0),
  (2691, 207, 13, 0),
  (2692, 208, 1, 0),
  (2693, 208, 2, 0),
  (2694, 208, 3, 0),
  (2695, 208, 4, 0),
  (2696, 208, 5, 0),
  (2697, 208, 6, 0),
  (2698, 208, 7, 0),
  (2699, 208, 8, 0),
  (2700, 208, 9, 0),
  (2701, 208, 10, 0),
  (2702, 208, 11, 0),
  (2703, 208, 12, 0),
  (2704, 208, 13, 0),
  (2705, 209, 1, 0),
  (2706, 209, 2, 0),
  (2707, 209, 3, 0),
  (2708, 209, 4, 0),
  (2709, 209, 5, 0),
  (2710, 209, 6, 0),
  (2711, 209, 7, 0),
  (2712, 209, 8, 0),
  (2713, 209, 9, 0),
  (2714, 209, 10, 0),
  (2715, 209, 11, 0),
  (2716, 209, 12, 0),
  (2717, 209, 13, 0),
  (2718, 210, 1, 0),
  (2719, 210, 2, 0),
  (2720, 210, 3, 0),
  (2721, 210, 4, 0),
  (2722, 210, 5, 0),
  (2723, 210, 6, 0),
  (2724, 210, 7, 0),
  (2725, 210, 8, 0),
  (2726, 210, 9, 0),
  (2727, 210, 10, 0),
  (2728, 210, 11, 0),
  (2729, 210, 12, 0),
  (2730, 210, 13, 0),
  (2731, 211, 1, 0),
  (2732, 211, 2, 0),
  (2733, 211, 3, 0),
  (2734, 211, 4, 0),
  (2735, 211, 5, 0),
  (2736, 211, 6, 0),
  (2737, 211, 7, 0),
  (2738, 211, 8, 0),
  (2739, 211, 9, 0),
  (2740, 211, 10, 0),
  (2741, 211, 11, 0),
  (2742, 211, 12, 0),
  (2743, 211, 13, 0),
  (2744, 212, 1, 0),
  (2745, 212, 2, 0),
  (2746, 212, 3, 0),
  (2747, 212, 4, 0),
  (2748, 212, 5, 0),
  (2749, 212, 6, 0),
  (2750, 212, 7, 0),
  (2751, 212, 8, 0),
  (2752, 212, 9, 0),
  (2753, 212, 10, 0),
  (2754, 212, 11, 0),
  (2755, 212, 12, 0),
  (2756, 212, 13, 0),
  (2757, 213, 1, 0),
  (2758, 213, 2, 0),
  (2759, 213, 3, 0),
  (2760, 213, 4, 0),
  (2761, 213, 5, 0),
  (2762, 213, 6, 0),
  (2763, 213, 7, 0),
  (2764, 213, 8, 0),
  (2765, 213, 9, 0),
  (2766, 213, 10, 0),
  (2767, 213, 11, 0),
  (2768, 213, 12, 0),
  (2769, 213, 13, 0),
  (2770, 214, 1, 0),
  (2771, 214, 2, 0),
  (2772, 214, 3, 0),
  (2773, 214, 4, 0),
  (2774, 214, 5, 0),
  (2775, 214, 6, 0),
  (2776, 214, 7, 0),
  (2777, 214, 8, 0),
  (2778, 214, 9, 0),
  (2779, 214, 10, 0),
  (2780, 214, 11, 0),
  (2781, 214, 12, 0),
  (2782, 214, 13, 0),
  (2783, 215, 1, 0),
  (2784, 215, 2, 0),
  (2785, 215, 3, 0),
  (2786, 215, 4, 0),
  (2787, 215, 5, 0),
  (2788, 215, 6, 0),
  (2789, 215, 7, 0),
  (2790, 215, 8, 0),
  (2791, 215, 9, 0),
  (2792, 215, 10, 0),
  (2793, 215, 11, 0),
  (2794, 215, 12, 0),
  (2795, 215, 13, 0),
  (2796, 216, 1, 0),
  (2797, 216, 2, 0),
  (2798, 216, 3, 0),
  (2799, 216, 4, 0),
  (2800, 216, 5, 0),
  (2801, 216, 6, 0),
  (2802, 216, 7, 0),
  (2803, 216, 8, 0),
  (2804, 216, 9, 0),
  (2805, 216, 10, 0),
  (2806, 216, 11, 0),
  (2807, 216, 12, 0),
  (2808, 216, 13, 0),
  (2809, 217, 1, 0),
  (2810, 217, 2, 0),
  (2811, 217, 3, 0),
  (2812, 217, 4, 0),
  (2813, 217, 5, 0),
  (2814, 217, 6, 0),
  (2815, 217, 7, 0),
  (2816, 217, 8, 0),
  (2817, 217, 9, 0),
  (2818, 217, 10, 0),
  (2819, 217, 11, 0),
  (2820, 217, 12, 0),
  (2821, 217, 13, 0),
  (2822, 218, 1, 0),
  (2823, 218, 2, 0),
  (2824, 218, 3, 0),
  (2825, 218, 4, 0),
  (2826, 218, 5, 0),
  (2827, 218, 6, 0),
  (2828, 218, 7, 0),
  (2829, 218, 8, 0),
  (2830, 218, 9, 0),
  (2831, 218, 10, 0),
  (2832, 218, 11, 0),
  (2833, 218, 12, 0),
  (2834, 218, 13, 0),
  (2835, 219, 1, 0),
  (2836, 219, 2, 0),
  (2837, 219, 3, 0),
  (2838, 219, 4, 0),
  (2839, 219, 5, 0),
  (2840, 219, 6, 0),
  (2841, 219, 7, 0),
  (2842, 219, 8, 0),
  (2843, 219, 9, 0),
  (2844, 219, 10, 0),
  (2845, 219, 11, 0),
  (2846, 219, 12, 0),
  (2847, 219, 13, 0),
  (2848, 220, 1, 0),
  (2849, 220, 2, 0),
  (2850, 220, 3, 0),
  (2851, 220, 4, 0),
  (2852, 220, 5, 0),
  (2853, 220, 6, 0),
  (2854, 220, 7, 0),
  (2855, 220, 8, 0),
  (2856, 220, 9, 0),
  (2857, 220, 10, 0),
  (2858, 220, 11, 0),
  (2859, 220, 12, 0),
  (2860, 220, 13, 0),
  (2861, 221, 1, 0),
  (2862, 221, 2, 0),
  (2863, 221, 3, 0),
  (2864, 221, 4, 0),
  (2865, 221, 5, 0),
  (2866, 221, 6, 0),
  (2867, 221, 7, 0),
  (2868, 221, 8, 0),
  (2869, 221, 9, 0),
  (2870, 221, 10, 0),
  (2871, 221, 11, 0),
  (2872, 221, 12, 0),
  (2873, 221, 13, 0),
  (2874, 222, 1, 0),
  (2875, 222, 2, 0),
  (2876, 222, 3, 0),
  (2877, 222, 4, 0),
  (2878, 222, 5, 0),
  (2879, 222, 6, 0),
  (2880, 222, 7, 0),
  (2881, 222, 8, 0),
  (2882, 222, 9, 0),
  (2883, 222, 10, 0),
  (2884, 222, 11, 0),
  (2885, 222, 12, 0),
  (2886, 222, 13, 0),
  (2887, 223, 1, 1),
  (2888, 223, 2, 1),
  (2889, 223, 3, 1),
  (2890, 223, 4, 1),
  (2891, 223, 5, 1),
  (2892, 223, 6, 1),
  (2893, 223, 7, 0),
  (2894, 223, 8, 0),
  (2895, 223, 9, 0),
  (2896, 223, 10, 0),
  (2897, 223, 11, 0),
  (2898, 223, 12, 0),
  (2899, 223, 13, 0),
  (2900, 224, 1, 0),
  (2901, 224, 2, 0),
  (2902, 224, 3, 0),
  (2903, 224, 4, 0),
  (2904, 224, 5, 0),
  (2905, 224, 6, 0),
  (2906, 224, 7, 0),
  (2907, 224, 8, 0),
  (2908, 224, 9, 0),
  (2909, 224, 10, 0),
  (2910, 224, 11, 0),
  (2911, 224, 12, 0),
  (2912, 224, 13, 0),
  (2913, 225, 1, 0),
  (2914, 225, 2, 0),
  (2915, 225, 3, 0),
  (2916, 225, 4, 0),
  (2917, 225, 5, 0),
  (2918, 225, 6, 0),
  (2919, 225, 7, 0),
  (2920, 225, 8, 0),
  (2921, 225, 9, 0),
  (2922, 225, 10, 0),
  (2923, 225, 11, 0),
  (2924, 225, 12, 0),
  (2925, 225, 13, 0),
  (2926, 226, 1, 0),
  (2927, 226, 2, 0),
  (2928, 226, 3, 0),
  (2929, 226, 4, 0),
  (2930, 226, 5, 0),
  (2931, 226, 6, 0),
  (2932, 226, 7, 0),
  (2933, 226, 8, 0),
  (2934, 226, 9, 0),
  (2935, 226, 10, 0),
  (2936, 226, 11, 0),
  (2937, 226, 12, 0),
  (2938, 226, 13, 0),
  (2939, 227, 1, 1),
  (2940, 227, 2, 0),
  (2941, 227, 3, 0),
  (2942, 227, 4, 0),
  (2943, 227, 5, 0),
  (2944, 227, 6, 0),
  (2945, 227, 7, 0),
  (2946, 227, 8, 0),
  (2947, 227, 9, 0),
  (2948, 227, 10, 0),
  (2949, 227, 11, 0),
  (2950, 227, 12, 0),
  (2951, 227, 13, 0),
  (2952, 228, 1, 1),
  (2953, 228, 2, 1),
  (2954, 228, 3, 0),
  (2955, 228, 4, 0),
  (2956, 228, 5, 0),
  (2957, 228, 6, 0),
  (2958, 228, 7, 0),
  (2959, 228, 8, 0),
  (2960, 228, 9, 0),
  (2961, 228, 10, 0),
  (2962, 228, 11, 0),
  (2963, 228, 12, 0),
  (2964, 228, 13, 0),
  (2965, 229, 1, 1),
  (2966, 229, 2, 1),
  (2967, 229, 3, 0),
  (2968, 229, 4, 0),
  (2969, 229, 5, 0),
  (2970, 229, 6, 0),
  (2971, 229, 7, 0),
  (2972, 229, 8, 0),
  (2973, 229, 9, 0),
  (2974, 229, 10, 0),
  (2975, 229, 11, 0),
  (2976, 229, 12, 0),
  (2977, 229, 13, 0),
  (2978, 230, 1, 1),
  (2979, 230, 2, 0),
  (2980, 230, 3, 0),
  (2981, 230, 4, 0),
  (2982, 230, 5, 0),
  (2983, 230, 6, 0),
  (2984, 230, 7, 0),
  (2985, 230, 8, 0),
  (2986, 230, 9, 0),
  (2987, 230, 10, 0),
  (2988, 230, 11, 0),
  (2989, 230, 12, 0),
  (2990, 230, 13, 0),
  (2991, 231, 1, 0),
  (2992, 231, 2, 0),
  (2993, 231, 3, 0),
  (2994, 231, 4, 0),
  (2995, 231, 5, 0),
  (2996, 231, 6, 0),
  (2997, 231, 7, 0),
  (2998, 231, 8, 0),
  (2999, 231, 9, 0),
  (3000, 231, 10, 0),
  (3001, 231, 11, 0),
  (3002, 231, 12, 0),
  (3003, 231, 13, 0),
  (3004, 232, 1, 0),
  (3005, 232, 2, 0),
  (3006, 232, 3, 0),
  (3007, 232, 4, 0),
  (3008, 232, 5, 0),
  (3009, 232, 6, 0),
  (3010, 232, 7, 0),
  (3011, 232, 8, 0),
  (3012, 232, 9, 0),
  (3013, 232, 10, 0),
  (3014, 232, 11, 0),
  (3015, 232, 12, 0),
  (3016, 232, 13, 0),
  (3017, 233, 1, 0),
  (3018, 233, 2, 0),
  (3019, 233, 3, 0),
  (3020, 233, 4, 0),
  (3021, 233, 5, 0),
  (3022, 233, 6, 0),
  (3023, 233, 7, 0),
  (3024, 233, 8, 0),
  (3025, 233, 9, 0),
  (3026, 233, 10, 0),
  (3027, 233, 11, 0),
  (3028, 233, 12, 0),
  (3029, 233, 13, 0),
  (3030, 234, 1, 0),
  (3031, 234, 2, 0),
  (3032, 234, 3, 0),
  (3033, 234, 4, 0),
  (3034, 234, 5, 0),
  (3035, 234, 6, 0),
  (3036, 234, 7, 0),
  (3037, 234, 8, 0),
  (3038, 234, 9, 0),
  (3039, 234, 10, 0),
  (3040, 234, 11, 0),
  (3041, 234, 12, 0),
  (3042, 234, 13, 0),
  (3043, 235, 1, 0),
  (3044, 235, 2, 0),
  (3045, 235, 3, 0),
  (3046, 235, 4, 0),
  (3047, 235, 5, 0),
  (3048, 235, 6, 0),
  (3049, 235, 7, 0),
  (3050, 235, 8, 0),
  (3051, 235, 9, 0),
  (3052, 235, 10, 0),
  (3053, 235, 11, 0),
  (3054, 235, 12, 0),
  (3055, 235, 13, 0),
  (3056, 236, 1, 1),
  (3057, 236, 2, 0),
  (3058, 236, 3, 0),
  (3059, 236, 4, 0),
  (3060, 236, 5, 0),
  (3061, 236, 6, 0),
  (3062, 236, 7, 0),
  (3063, 236, 8, 0),
  (3064, 236, 9, 0),
  (3065, 236, 10, 0),
  (3066, 236, 11, 0),
  (3067, 236, 12, 0),
  (3068, 236, 13, 0),
  (3069, 237, 1, 0),
  (3070, 237, 2, 0),
  (3071, 237, 3, 0),
  (3072, 237, 4, 0),
  (3073, 237, 5, 0),
  (3074, 237, 6, 0),
  (3075, 237, 7, 0),
  (3076, 237, 8, 0),
  (3077, 237, 9, 0),
  (3078, 237, 10, 0),
  (3079, 237, 11, 0),
  (3080, 237, 12, 0),
  (3081, 237, 13, 0),
  (3082, 238, 1, 1),
  (3083, 238, 2, 0),
  (3084, 238, 3, 0),
  (3085, 238, 4, 0),
  (3086, 238, 5, 0),
  (3087, 238, 6, 0),
  (3088, 238, 7, 0),
  (3089, 238, 8, 0),
  (3090, 238, 9, 0),
  (3091, 238, 10, 0),
  (3092, 238, 11, 0),
  (3093, 238, 12, 0),
  (3094, 238, 13, 0),
  (3095, 239, 1, 0),
  (3096, 239, 2, 0),
  (3097, 239, 3, 0),
  (3098, 239, 4, 0),
  (3099, 239, 5, 0),
  (3100, 239, 6, 0),
  (3101, 239, 7, 0),
  (3102, 239, 8, 0),
  (3103, 239, 9, 0),
  (3104, 239, 10, 0),
  (3105, 239, 11, 0),
  (3106, 239, 12, 0),
  (3107, 239, 13, 0),
  (3108, 240, 1, 0),
  (3109, 240, 2, 0),
  (3110, 240, 3, 0),
  (3111, 240, 4, 0),
  (3112, 240, 5, 0),
  (3113, 240, 6, 0),
  (3114, 240, 7, 0),
  (3115, 240, 8, 0),
  (3116, 240, 9, 0),
  (3117, 240, 10, 0),
  (3118, 240, 11, 0),
  (3119, 240, 12, 0),
  (3120, 240, 13, 0),
  (3121, 241, 1, 0),
  (3122, 241, 2, 0),
  (3123, 241, 3, 0),
  (3124, 241, 4, 0),
  (3125, 241, 5, 0),
  (3126, 241, 6, 0),
  (3127, 241, 7, 0),
  (3128, 241, 8, 0),
  (3129, 241, 9, 0),
  (3130, 241, 10, 0),
  (3131, 241, 11, 0),
  (3132, 241, 12, 0),
  (3133, 241, 13, 0),
  (3134, 242, 1, 0),
  (3135, 242, 2, 0),
  (3136, 242, 3, 0),
  (3137, 242, 4, 0),
  (3138, 242, 5, 0),
  (3139, 242, 6, 0),
  (3140, 242, 7, 0),
  (3141, 242, 8, 0),
  (3142, 242, 9, 0),
  (3143, 242, 10, 0),
  (3144, 242, 11, 0),
  (3145, 242, 12, 0),
  (3146, 242, 13, 0),
  (3147, 243, 1, 0),
  (3148, 243, 2, 0),
  (3149, 243, 3, 0),
  (3150, 243, 4, 0),
  (3151, 243, 5, 0),
  (3152, 243, 6, 0),
  (3153, 243, 7, 0),
  (3154, 243, 8, 0),
  (3155, 243, 9, 0),
  (3156, 243, 10, 0),
  (3157, 243, 11, 0),
  (3158, 243, 12, 0),
  (3159, 243, 13, 0),
  (3160, 244, 1, 0),
  (3161, 244, 2, 0),
  (3162, 244, 3, 0),
  (3163, 244, 4, 0),
  (3164, 244, 5, 0),
  (3165, 244, 6, 0),
  (3166, 244, 7, 0),
  (3167, 244, 8, 0),
  (3168, 244, 9, 0),
  (3169, 244, 10, 0),
  (3170, 244, 11, 0),
  (3171, 244, 12, 0),
  (3172, 244, 13, 0),
  (3173, 245, 1, 0),
  (3174, 245, 2, 0),
  (3175, 245, 3, 0),
  (3176, 245, 4, 0),
  (3177, 245, 5, 0),
  (3178, 245, 6, 0),
  (3179, 245, 7, 0),
  (3180, 245, 8, 0),
  (3181, 245, 9, 0),
  (3182, 245, 10, 0),
  (3183, 245, 11, 0),
  (3184, 245, 12, 0),
  (3185, 245, 13, 0),
  (3186, 246, 1, 0),
  (3187, 246, 2, 0),
  (3188, 246, 3, 0),
  (3189, 246, 4, 0),
  (3190, 246, 5, 0),
  (3191, 246, 6, 0),
  (3192, 246, 7, 0),
  (3193, 246, 8, 0),
  (3194, 246, 9, 0),
  (3195, 246, 10, 0),
  (3196, 246, 11, 0),
  (3197, 246, 12, 0),
  (3198, 246, 13, 0),
  (3199, 247, 1, 0),
  (3200, 247, 2, 0),
  (3201, 247, 3, 0),
  (3202, 247, 4, 0),
  (3203, 247, 5, 0),
  (3204, 247, 6, 0),
  (3205, 247, 7, 0),
  (3206, 247, 8, 0),
  (3207, 247, 9, 0),
  (3208, 247, 10, 0),
  (3209, 247, 11, 0),
  (3210, 247, 12, 0),
  (3211, 247, 13, 0),
  (3212, 248, 1, 0),
  (3213, 248, 2, 0),
  (3214, 248, 3, 0),
  (3215, 248, 4, 0),
  (3216, 248, 5, 0),
  (3217, 248, 6, 0),
  (3218, 248, 7, 0),
  (3219, 248, 8, 0),
  (3220, 248, 9, 0),
  (3221, 248, 10, 0),
  (3222, 248, 11, 0),
  (3223, 248, 12, 0),
  (3224, 248, 13, 0),
  (3225, 249, 1, 0),
  (3226, 249, 2, 0),
  (3227, 249, 3, 0),
  (3228, 249, 4, 0),
  (3229, 249, 5, 0),
  (3230, 249, 6, 0),
  (3231, 249, 7, 0),
  (3232, 249, 8, 0),
  (3233, 249, 9, 0),
  (3234, 249, 10, 0),
  (3235, 249, 11, 0),
  (3236, 249, 12, 0),
  (3237, 249, 13, 0),
  (3238, 250, 1, 0),
  (3239, 250, 2, 0),
  (3240, 250, 3, 0),
  (3241, 250, 4, 0),
  (3242, 250, 5, 0),
  (3243, 250, 6, 0),
  (3244, 250, 7, 0),
  (3245, 250, 8, 0),
  (3246, 250, 9, 0),
  (3247, 250, 10, 0),
  (3248, 250, 11, 0),
  (3249, 250, 12, 0),
  (3250, 250, 13, 0),
  (3251, 251, 1, 0),
  (3252, 251, 2, 0),
  (3253, 251, 3, 0),
  (3254, 251, 4, 0),
  (3255, 251, 5, 0),
  (3256, 251, 6, 0),
  (3257, 251, 7, 0),
  (3258, 251, 8, 0),
  (3259, 251, 9, 0),
  (3260, 251, 10, 0),
  (3261, 251, 11, 0),
  (3262, 251, 12, 0),
  (3263, 251, 13, 0),
  (3264, 252, 1, 0),
  (3265, 252, 2, 0),
  (3266, 252, 3, 0),
  (3267, 252, 4, 0),
  (3268, 252, 5, 0),
  (3269, 252, 6, 0),
  (3270, 252, 7, 0),
  (3271, 252, 8, 0),
  (3272, 252, 9, 0),
  (3273, 252, 10, 0),
  (3274, 252, 11, 0),
  (3275, 252, 12, 0),
  (3276, 252, 13, 0),
  (3277, 253, 1, 0),
  (3278, 253, 2, 0),
  (3279, 253, 3, 0),
  (3280, 253, 4, 0),
  (3281, 253, 5, 0),
  (3282, 253, 6, 0),
  (3283, 253, 7, 0),
  (3284, 253, 8, 0),
  (3285, 253, 9, 0),
  (3286, 253, 10, 0),
  (3287, 253, 11, 0),
  (3288, 253, 12, 0),
  (3289, 253, 13, 0),
  (3290, 254, 1, 0),
  (3291, 254, 2, 0),
  (3292, 254, 3, 0),
  (3293, 254, 4, 0),
  (3294, 254, 5, 0),
  (3295, 254, 6, 0),
  (3296, 254, 7, 0),
  (3297, 254, 8, 0),
  (3298, 254, 9, 0),
  (3299, 254, 10, 0),
  (3300, 254, 11, 0),
  (3301, 254, 12, 0),
  (3302, 254, 13, 0),
  (3303, 255, 1, 1),
  (3304, 255, 2, 1),
  (3305, 255, 3, 1),
  (3306, 255, 4, 0),
  (3307, 255, 5, 0),
  (3308, 255, 6, 0),
  (3309, 255, 7, 0),
  (3310, 255, 8, 0),
  (3311, 255, 9, 0),
  (3312, 255, 10, 0),
  (3313, 255, 11, 0),
  (3314, 255, 12, 0),
  (3315, 255, 13, 0),
  (3316, 256, 1, 1),
  (3317, 256, 2, 1),
  (3318, 256, 3, 1),
  (3319, 256, 4, 0),
  (3320, 256, 5, 0),
  (3321, 256, 6, 0),
  (3322, 256, 7, 0),
  (3323, 256, 8, 0),
  (3324, 256, 9, 0),
  (3325, 256, 10, 0),
  (3326, 256, 11, 0),
  (3327, 256, 12, 0),
  (3328, 256, 13, 0),
  (3329, 257, 1, 0),
  (3330, 257, 2, 0),
  (3331, 257, 3, 0),
  (3332, 257, 4, 0),
  (3333, 257, 5, 0),
  (3334, 257, 6, 0),
  (3335, 257, 7, 0),
  (3336, 257, 8, 0),
  (3337, 257, 9, 0),
  (3338, 257, 10, 0),
  (3339, 257, 11, 0),
  (3340, 257, 12, 0),
  (3341, 257, 13, 0),
  (3342, 258, 1, 0),
  (3343, 258, 2, 0),
  (3344, 258, 3, 0),
  (3345, 258, 4, 0),
  (3346, 258, 5, 0),
  (3347, 258, 6, 0),
  (3348, 258, 7, 0),
  (3349, 258, 8, 0),
  (3350, 258, 9, 0),
  (3351, 258, 10, 0),
  (3352, 258, 11, 0),
  (3353, 258, 12, 0),
  (3354, 258, 13, 0),
  (3355, 259, 1, 0),
  (3356, 259, 2, 0),
  (3357, 259, 3, 0),
  (3358, 259, 4, 0),
  (3359, 259, 5, 0),
  (3360, 259, 6, 0),
  (3361, 259, 7, 0),
  (3362, 259, 8, 0),
  (3363, 259, 9, 0),
  (3364, 259, 10, 0),
  (3365, 259, 11, 0),
  (3366, 259, 12, 0),
  (3367, 259, 13, 0),
  (3368, 260, 1, 0),
  (3369, 260, 2, 0),
  (3370, 260, 3, 0),
  (3371, 260, 4, 0),
  (3372, 260, 5, 0),
  (3373, 260, 6, 0),
  (3374, 260, 7, 0),
  (3375, 260, 8, 0),
  (3376, 260, 9, 0),
  (3377, 260, 10, 0),
  (3378, 260, 11, 0),
  (3379, 260, 12, 0),
  (3380, 260, 13, 0),
  (3381, 261, 1, 0),
  (3382, 261, 2, 0),
  (3383, 261, 3, 0),
  (3384, 261, 4, 0),
  (3385, 261, 5, 0),
  (3386, 261, 6, 0),
  (3387, 261, 7, 0),
  (3388, 261, 8, 0),
  (3389, 261, 9, 0),
  (3390, 261, 10, 0),
  (3391, 261, 11, 0),
  (3392, 261, 12, 0),
  (3393, 261, 13, 0),
  (3394, 262, 1, 0),
  (3395, 262, 2, 0),
  (3396, 262, 3, 0),
  (3397, 262, 4, 0),
  (3398, 262, 5, 0),
  (3399, 262, 6, 0),
  (3400, 262, 7, 0),
  (3401, 262, 8, 0),
  (3402, 262, 9, 0),
  (3403, 262, 10, 0),
  (3404, 262, 11, 0),
  (3405, 262, 12, 0),
  (3406, 262, 13, 0),
  (3407, 263, 1, 0),
  (3408, 263, 2, 0),
  (3409, 263, 3, 0),
  (3410, 263, 4, 0),
  (3411, 263, 5, 0),
  (3412, 263, 6, 0),
  (3413, 263, 7, 0),
  (3414, 263, 8, 0),
  (3415, 263, 9, 0),
  (3416, 263, 10, 0),
  (3417, 263, 11, 0),
  (3418, 263, 12, 0),
  (3419, 263, 13, 0),
  (3420, 264, 1, 0),
  (3421, 264, 2, 0),
  (3422, 264, 3, 0),
  (3423, 264, 4, 0),
  (3424, 264, 5, 0),
  (3425, 264, 6, 0),
  (3426, 264, 7, 0),
  (3427, 264, 8, 0),
  (3428, 264, 9, 0),
  (3429, 264, 10, 0),
  (3430, 264, 11, 0),
  (3431, 264, 12, 0),
  (3432, 264, 13, 0),
  (3433, 265, 1, 0),
  (3434, 265, 2, 0),
  (3435, 265, 3, 0),
  (3436, 265, 4, 0),
  (3437, 265, 5, 0),
  (3438, 265, 6, 0),
  (3439, 265, 7, 0),
  (3440, 265, 8, 0),
  (3441, 265, 9, 0),
  (3442, 265, 10, 0),
  (3443, 265, 11, 0),
  (3444, 265, 12, 0),
  (3445, 265, 13, 0),
  (3446, 266, 1, 0),
  (3447, 266, 2, 0),
  (3448, 266, 3, 0),
  (3449, 266, 4, 0),
  (3450, 266, 5, 0),
  (3451, 266, 6, 0),
  (3452, 266, 7, 0),
  (3453, 266, 8, 0),
  (3454, 266, 9, 0),
  (3455, 266, 10, 0),
  (3456, 266, 11, 0),
  (3457, 266, 12, 0),
  (3458, 266, 13, 0),
  (3459, 267, 1, 0),
  (3460, 267, 2, 0),
  (3461, 267, 3, 0),
  (3462, 267, 4, 0),
  (3463, 267, 5, 0),
  (3464, 267, 6, 0),
  (3465, 267, 7, 0),
  (3466, 267, 8, 0),
  (3467, 267, 9, 0),
  (3468, 267, 10, 0),
  (3469, 267, 11, 0),
  (3470, 267, 12, 0),
  (3471, 267, 13, 0),
  (3472, 268, 1, 0),
  (3473, 268, 2, 0),
  (3474, 268, 3, 0),
  (3475, 268, 4, 0),
  (3476, 268, 5, 0),
  (3477, 268, 6, 0),
  (3478, 268, 7, 0),
  (3479, 268, 8, 0),
  (3480, 268, 9, 0),
  (3481, 268, 10, 0),
  (3482, 268, 11, 0),
  (3483, 268, 12, 0),
  (3484, 268, 13, 0),
  (3485, 269, 1, 0),
  (3486, 269, 2, 0),
  (3487, 269, 3, 0),
  (3488, 269, 4, 0),
  (3489, 269, 5, 0),
  (3490, 269, 6, 0),
  (3491, 269, 7, 0),
  (3492, 269, 8, 0),
  (3493, 269, 9, 0),
  (3494, 269, 10, 0),
  (3495, 269, 11, 0),
  (3496, 269, 12, 0),
  (3497, 269, 13, 0),
  (3498, 270, 1, 0),
  (3499, 270, 2, 0),
  (3500, 270, 3, 0),
  (3501, 270, 4, 0),
  (3502, 270, 5, 0),
  (3503, 270, 6, 0),
  (3504, 270, 7, 0),
  (3505, 270, 8, 0),
  (3506, 270, 9, 0),
  (3507, 270, 10, 0),
  (3508, 270, 11, 0),
  (3509, 270, 12, 0),
  (3510, 270, 13, 0),
  (3511, 271, 1, 0),
  (3512, 271, 2, 0),
  (3513, 271, 3, 0),
  (3514, 271, 4, 0),
  (3515, 271, 5, 0),
  (3516, 271, 6, 0),
  (3517, 271, 7, 0),
  (3518, 271, 8, 0),
  (3519, 271, 9, 0),
  (3520, 271, 10, 0),
  (3521, 271, 11, 0),
  (3522, 271, 12, 0),
  (3523, 271, 13, 0),
  (3524, 272, 1, 0),
  (3525, 272, 2, 0),
  (3526, 272, 3, 0),
  (3527, 272, 4, 0),
  (3528, 272, 5, 0),
  (3529, 272, 6, 0),
  (3530, 272, 7, 0),
  (3531, 272, 8, 0),
  (3532, 272, 9, 0),
  (3533, 272, 10, 0),
  (3534, 272, 11, 0),
  (3535, 272, 12, 0),
  (3536, 272, 13, 0);

-- --------------------------------------------------------

--
-- Structure de la table `etape_multimedia`
--

CREATE TABLE IF NOT EXISTS `etape_multimedia` (
  `id_etape` int(11) NOT NULL,
  `id_multimedia` int(11) NOT NULL
) ENGINE=InnoDB DEFAULT CHARSET=utf8 COLLATE=utf8_unicode_ci;

--
-- Contenu de la table `etape_multimedia`
--

INSERT INTO `etape_multimedia` (`id_etape`, `id_multimedia`) VALUES
  (1, 4),
  (2, 12),
  (3, 4),
  (3, 12),
  (4, 17),
  (5, 4),
  (5, 12),
  (5, 17),
  (6, 18),
  (7, 4),
  (7, 12),
  (7, 17),
  (7, 18),
  (8, 19),
  (9, 4),
  (9, 12),
  (9, 17),
  (9, 18),
  (9, 19),
  (10, 27),
  (11, 4),
  (11, 12),
  (11, 17),
  (11, 18),
  (11, 19),
  (11, 27),
  (12, 30),
  (13, 4),
  (13, 12),
  (13, 17),
  (13, 18),
  (13, 19),
  (13, 27),
  (13, 30),
  (14, 44),
  (15, 45),
  (16, 44),
  (16, 45),
  (17, 49),
  (18, 44),
  (18, 45),
  (18, 49),
  (19, 62),
  (20, 44),
  (20, 45),
  (20, 49),
  (20, 62),
  (21, 75),
  (22, 44),
  (22, 45),
  (22, 49),
  (22, 62),
  (22, 75),
  (23, 79),
  (24, 44),
  (24, 45),
  (24, 49),
  (24, 62),
  (24, 75),
  (24, 79),
  (25, 80),
  (26, 44),
  (26, 45),
  (26, 49),
  (26, 62),
  (26, 75),
  (26, 79),
  (26, 80),
  (27, 92),
  (28, 104),
  (29, 92),
  (29, 104),
  (30, 105),
  (31, 92),
  (31, 104),
  (31, 105),
  (32, 110),
  (33, 92),
  (33, 104),
  (33, 105),
  (33, 110),
  (34, 111),
  (35, 92),
  (35, 104),
  (35, 105),
  (35, 110),
  (35, 111),
  (36, 112),
  (37, 92),
  (37, 104),
  (37, 105),
  (37, 110),
  (37, 111),
  (37, 112),
  (38, 117),
  (39, 92),
  (39, 104),
  (39, 105),
  (39, 110),
  (39, 111),
  (39, 112),
  (39, 117),
  (40, 186),
  (41, 191),
  (42, 186),
  (42, 191),
  (43, 192),
  (44, 186),
  (44, 191),
  (44, 192),
  (45, 205),
  (46, 186),
  (46, 191),
  (46, 192),
  (46, 205),
  (47, 208),
  (48, 186),
  (48, 191),
  (48, 192),
  (48, 205),
  (48, 208),
  (49, 210),
  (50, 186),
  (50, 191),
  (50, 192),
  (50, 205),
  (50, 208),
  (50, 210),
  (51, 234),
  (52, 186),
  (52, 191),
  (52, 192),
  (52, 205),
  (52, 208),
  (52, 210),
  (52, 234),
  (53, 134),
  (54, 136),
  (55, 134),
  (55, 136),
  (56, 146),
  (57, 134),
  (57, 136),
  (57, 146),
  (58, 147),
  (59, 134),
  (59, 136),
  (59, 146),
  (59, 147),
  (60, 151),
  (61, 134),
  (61, 136),
  (61, 146),
  (61, 147),
  (61, 151),
  (62, 162),
  (63, 134),
  (63, 136),
  (63, 146),
  (63, 147),
  (63, 151),
  (63, 162),
  (64, 164),
  (65, 134),
  (65, 136),
  (65, 146),
  (65, 147),
  (65, 151),
  (65, 162),
  (65, 164),
  (66, 4),
  (67, 12),
  (68, 4),
  (68, 12),
  (69, 17),
  (70, 4),
  (70, 12),
  (70, 17),
  (71, 18),
  (72, 4),
  (72, 12),
  (72, 17),
  (72, 18),
  (73, 19),
  (74, 4),
  (74, 12),
  (74, 17),
  (74, 18),
  (74, 19),
  (75, 27),
  (76, 4),
  (76, 12),
  (76, 17),
  (76, 18),
  (76, 19),
  (76, 27),
  (77, 30),
  (78, 4),
  (78, 12),
  (78, 17),
  (78, 18),
  (78, 19),
  (78, 27),
  (78, 30),
  (79, 44),
  (80, 45),
  (81, 44),
  (81, 45),
  (82, 49),
  (83, 44),
  (83, 45),
  (83, 49),
  (84, 62),
  (85, 44),
  (85, 45),
  (85, 49),
  (85, 62),
  (86, 75),
  (87, 44),
  (87, 45),
  (87, 49),
  (87, 62),
  (87, 75),
  (88, 79),
  (89, 44),
  (89, 45),
  (89, 49),
  (89, 62),
  (89, 75),
  (89, 79),
  (90, 80),
  (91, 44),
  (91, 45),
  (91, 49),
  (91, 62),
  (91, 75),
  (91, 79),
  (91, 80),
  (92, 92),
  (93, 104),
  (94, 92),
  (94, 104),
  (95, 105),
  (96, 92),
  (96, 104),
  (96, 105),
  (97, 110),
  (98, 92),
  (98, 104),
  (98, 105),
  (98, 110),
  (99, 111),
  (100, 92),
  (100, 104),
  (100, 105),
  (100, 110),
  (100, 111),
  (101, 112),
  (102, 92),
  (102, 104),
  (102, 105),
  (102, 110),
  (102, 111),
  (102, 112),
  (103, 117),
  (104, 92),
  (104, 104),
  (104, 105),
  (104, 110),
  (104, 111),
  (104, 112),
  (104, 117),
  (105, 186),
  (106, 191),
  (107, 186),
  (107, 191),
  (108, 192),
  (109, 186),
  (109, 191),
  (109, 192),
  (110, 205),
  (111, 186),
  (111, 191),
  (111, 192),
  (111, 205),
  (112, 208),
  (113, 186),
  (113, 191),
  (113, 192),
  (113, 205),
  (113, 208),
  (114, 210),
  (115, 186),
  (115, 191),
  (115, 192),
  (115, 205),
  (115, 208),
  (115, 210),
  (116, 234),
  (117, 186),
  (117, 191),
  (117, 192),
  (117, 205),
  (117, 208),
  (117, 210),
  (117, 234),
  (118, 134),
  (119, 136),
  (120, 134),
  (120, 136),
  (121, 146),
  (122, 134),
  (122, 136),
  (122, 146),
  (123, 147),
  (124, 134),
  (124, 136),
  (124, 146),
  (124, 147),
  (125, 151),
  (126, 134),
  (126, 136),
  (126, 146),
  (126, 147),
  (126, 151),
  (127, 162),
  (128, 134),
  (128, 136),
  (128, 146),
  (128, 147),
  (128, 151),
  (128, 162),
  (129, 164),
  (130, 134),
  (130, 136),
  (130, 146),
  (130, 147),
  (130, 151),
  (130, 162),
  (130, 164),
  (131, 4),
  (132, 12),
  (133, 4),
  (133, 12),
  (134, 17),
  (135, 4),
  (135, 12),
  (135, 17),
  (136, 18),
  (137, 4),
  (137, 12),
  (137, 17),
  (137, 18),
  (138, 19),
  (139, 4),
  (139, 12),
  (139, 17),
  (139, 18),
  (139, 19),
  (140, 27),
  (141, 4),
  (141, 12),
  (141, 17),
  (141, 18),
  (141, 19),
  (141, 27),
  (142, 30),
  (143, 4),
  (143, 12),
  (143, 17),
  (143, 18),
  (143, 19),
  (143, 27),
  (143, 30),
  (144, 44),
  (145, 45),
  (146, 44),
  (146, 45),
  (147, 49),
  (148, 44),
  (148, 45),
  (148, 49),
  (149, 62),
  (150, 44),
  (150, 45),
  (150, 49),
  (150, 62),
  (151, 75),
  (152, 44),
  (152, 45),
  (152, 49),
  (152, 62),
  (152, 75),
  (153, 79),
  (154, 44),
  (154, 45),
  (154, 49),
  (154, 62),
  (154, 75),
  (154, 79),
  (155, 80),
  (156, 44),
  (156, 45),
  (156, 49),
  (156, 62),
  (156, 75),
  (156, 79),
  (156, 80),
  (157, 92),
  (158, 104),
  (159, 92),
  (159, 104),
  (160, 105),
  (161, 92),
  (161, 104),
  (161, 105),
  (162, 110),
  (163, 92),
  (163, 104),
  (163, 105),
  (163, 110),
  (164, 111),
  (165, 92),
  (165, 104),
  (165, 105),
  (165, 110),
  (165, 111),
  (166, 112),
  (167, 92),
  (167, 104),
  (167, 105),
  (167, 110),
  (167, 111),
  (167, 112),
  (168, 117),
  (169, 92),
  (169, 104),
  (169, 105),
  (169, 110),
  (169, 111),
  (169, 112),
  (169, 117),
  (170, 186),
  (171, 191),
  (172, 186),
  (172, 191),
  (173, 192),
  (174, 186),
  (174, 191),
  (174, 192),
  (175, 205),
  (176, 186),
  (176, 191),
  (176, 192),
  (176, 205),
  (177, 208),
  (178, 186),
  (178, 191),
  (178, 192),
  (178, 205),
  (178, 208),
  (179, 210),
  (180, 186),
  (180, 191),
  (180, 192),
  (180, 205),
  (180, 208),
  (180, 210),
  (181, 234),
  (182, 186),
  (182, 191),
  (182, 192),
  (182, 205),
  (182, 208),
  (182, 210),
  (182, 234),
  (183, 134),
  (184, 136),
  (185, 134),
  (185, 136),
  (186, 146),
  (187, 134),
  (187, 136),
  (187, 146),
  (188, 147),
  (189, 134),
  (189, 136),
  (189, 146),
  (189, 147),
  (190, 151),
  (191, 134),
  (191, 136),
  (191, 146),
  (191, 147),
  (191, 151),
  (192, 162),
  (193, 134),
  (193, 136),
  (193, 146),
  (193, 147),
  (193, 151),
  (193, 162),
  (194, 164),
  (195, 134),
  (195, 136),
  (195, 146),
  (195, 147),
  (195, 151),
  (195, 162),
  (195, 164),
  (196, 49),
  (197, 62),
  (198, 49),
  (198, 62),
  (199, 105),
  (200, 49),
  (200, 62),
  (200, 105),
  (201, 111),
  (202, 49),
  (202, 62),
  (202, 105),
  (202, 111),
  (203, 164),
  (204, 49),
  (204, 62),
  (204, 105),
  (204, 111),
  (204, 164),
  (205, 192),
  (206, 49),
  (206, 62),
  (206, 105),
  (206, 111),
  (206, 164),
  (206, 192),
  (207, 205),
  (208, 49),
  (208, 62),
  (208, 105),
  (208, 111),
  (208, 164),
  (208, 192),
  (208, 205),
  (209, 9),
  (210, 34),
  (211, 9),
  (211, 34),
  (212, 121),
  (213, 9),
  (213, 34),
  (213, 121),
  (214, 144),
  (215, 9),
  (215, 34),
  (215, 121),
  (215, 144),
  (216, 214),
  (217, 9),
  (217, 34),
  (217, 121),
  (217, 144),
  (217, 214),
  (218, 222),
  (219, 9),
  (219, 34),
  (219, 121),
  (219, 144),
  (219, 214),
  (219, 222),
  (220, 239),
  (221, 9),
  (221, 34),
  (221, 121),
  (221, 144),
  (221, 214),
  (221, 222),
  (221, 239),
  (222, 3),
  (223, 8),
  (224, 3),
  (224, 8),
  (225, 16),
  (226, 3),
  (226, 8),
  (226, 16),
  (227, 22),
  (228, 3),
  (228, 8),
  (228, 16),
  (228, 22),
  (229, 24),
  (230, 3),
  (230, 8),
  (230, 16),
  (230, 22),
  (230, 24),
  (231, 32),
  (232, 3),
  (232, 8),
  (232, 16),
  (232, 22),
  (232, 24),
  (232, 32),
  (233, 40),
  (234, 3),
  (234, 8),
  (234, 16),
  (234, 22),
  (234, 24),
  (234, 32),
  (234, 40),
  (235, 41),
  (236, 48),
  (237, 41),
  (237, 48),
  (238, 54),
  (239, 41),
  (239, 48),
  (239, 54),
  (240, 58),
  (241, 41),
  (241, 48),
  (241, 54),
  (241, 58),
  (242, 60),
  (243, 41),
  (243, 48),
  (243, 54),
  (243, 58),
  (243, 60),
  (244, 64),
  (245, 41),
  (245, 48),
  (245, 54),
  (245, 58),
  (245, 60),
  (245, 64),
  (246, 74),
  (247, 41),
  (247, 48),
  (247, 54),
  (247, 58),
  (247, 60),
  (247, 64),
  (247, 74),
  (248, 85),
  (249, 89),
  (250, 85),
  (250, 89),
  (251, 90),
  (252, 85),
  (252, 89),
  (252, 90),
  (253, 93),
  (254, 85),
  (254, 89),
  (254, 90),
  (254, 93),
  (255, 104),
  (256, 85),
  (256, 89),
  (256, 90),
  (256, 93),
  (256, 104),
  (257, 117),
  (258, 85),
  (258, 89),
  (258, 90),
  (258, 93),
  (258, 104),
  (258, 117),
  (259, 120),
  (260, 85),
  (260, 89),
  (260, 90),
  (260, 93),
  (260, 104),
  (260, 117),
  (260, 120),
  (261, 186),
  (262, 192),
  (263, 186),
  (263, 192),
  (264, 199),
  (265, 186),
  (265, 192),
  (265, 199),
  (266, 207),
  (267, 186),
  (267, 192),
  (267, 199),
  (267, 207),
  (268, 213),
  (269, 186),
  (269, 192),
  (269, 199),
  (269, 207),
  (269, 213),
  (270, 215),
  (271, 186),
  (271, 192),
  (271, 199),
  (271, 207),
  (271, 213),
  (271, 215),
  (272, 238),
  (273, 186),
  (273, 192),
  (273, 199),
  (273, 207),
  (273, 213),
  (273, 215),
  (273, 238),
  (274, 129),
  (275, 133),
  (276, 129),
  (276, 133),
  (277, 137),
  (278, 129),
  (278, 133),
  (278, 137),
  (279, 143),
  (280, 129),
  (280, 133),
  (280, 137),
  (280, 143),
  (281, 164),
  (282, 129),
  (282, 133),
  (282, 137),
  (282, 143),
  (282, 164),
  (283, 171),
  (284, 129),
  (284, 133),
  (284, 137),
  (284, 143),
  (284, 164),
  (284, 171),
  (285, 175),
  (286, 129),
  (286, 133),
  (286, 137),
  (286, 143),
  (286, 164),
  (286, 171),
  (286, 175),
  (287, 3),
  (288, 8),
  (289, 3),
  (289, 8),
  (290, 16),
  (291, 3),
  (291, 8),
  (291, 16),
  (292, 22),
  (293, 3),
  (293, 8),
  (293, 16),
  (293, 22),
  (294, 24),
  (295, 3),
  (295, 8),
  (295, 16),
  (295, 22),
  (295, 24),
  (296, 32),
  (297, 3),
  (297, 8),
  (297, 16),
  (297, 22),
  (297, 24),
  (297, 32),
  (298, 40),
  (299, 3),
  (299, 8),
  (299, 16),
  (299, 22),
  (299, 24),
  (299, 32),
  (299, 40),
  (300, 41),
  (301, 48),
  (302, 41),
  (302, 48),
  (303, 54),
  (304, 41),
  (304, 48),
  (304, 54),
  (305, 58),
  (306, 41),
  (306, 48),
  (306, 54),
  (306, 58),
  (307, 60),
  (308, 41),
  (308, 48),
  (308, 54),
  (308, 58),
  (308, 60),
  (309, 64),
  (310, 41),
  (310, 48),
  (310, 54),
  (310, 58),
  (310, 60),
  (310, 64),
  (311, 74),
  (312, 41),
  (312, 48),
  (312, 54),
  (312, 58),
  (312, 60),
  (312, 64),
  (312, 74),
  (313, 85),
  (314, 89),
  (315, 85),
  (315, 89),
  (316, 90),
  (317, 85),
  (317, 89),
  (317, 90),
  (318, 93),
  (319, 85),
  (319, 89),
  (319, 90),
  (319, 93),
  (320, 104),
  (321, 85),
  (321, 89),
  (321, 90),
  (321, 93),
  (321, 104),
  (322, 117),
  (323, 85),
  (323, 89),
  (323, 90),
  (323, 93),
  (323, 104),
  (323, 117),
  (324, 120),
  (325, 85),
  (325, 89),
  (325, 90),
  (325, 93),
  (325, 104),
  (325, 117),
  (325, 120),
  (326, 186),
  (327, 192),
  (328, 186),
  (328, 192),
  (329, 199),
  (330, 186),
  (330, 192),
  (330, 199),
  (331, 207),
  (332, 186),
  (332, 192),
  (332, 199),
  (332, 207),
  (333, 213),
  (334, 186),
  (334, 192),
  (334, 199),
  (334, 207),
  (334, 213),
  (335, 215),
  (336, 186),
  (336, 192),
  (336, 199),
  (336, 207),
  (336, 213),
  (336, 215),
  (337, 238),
  (338, 186),
  (338, 192),
  (338, 199),
  (338, 207),
  (338, 213),
  (338, 215),
  (338, 238),
  (339, 129),
  (340, 133),
  (341, 129),
  (341, 133),
  (342, 137),
  (343, 129),
  (343, 133),
  (343, 137),
  (344, 143),
  (345, 129),
  (345, 133),
  (345, 137),
  (345, 143),
  (346, 164),
  (347, 129),
  (347, 133),
  (347, 137),
  (347, 143),
  (347, 164),
  (348, 171),
  (349, 129),
  (349, 133),
  (349, 137),
  (349, 143),
  (349, 164),
  (349, 171),
  (350, 175),
  (351, 129),
  (351, 133),
  (351, 137),
  (351, 143),
  (351, 164),
  (351, 171),
  (351, 175),
  (352, 3),
  (353, 8),
  (354, 3),
  (354, 8),
  (355, 16),
  (356, 3),
  (356, 8),
  (356, 16),
  (357, 22),
  (358, 3),
  (358, 8),
  (358, 16),
  (358, 22),
  (359, 24),
  (360, 3),
  (360, 8),
  (360, 16),
  (360, 22),
  (360, 24),
  (361, 32),
  (362, 3),
  (362, 8),
  (362, 16),
  (362, 22),
  (362, 24),
  (362, 32),
  (363, 40),
  (364, 3),
  (364, 8),
  (364, 16),
  (364, 22),
  (364, 24),
  (364, 32),
  (364, 40),
  (365, 41),
  (366, 48),
  (367, 41),
  (367, 48),
  (368, 54),
  (369, 41),
  (369, 48),
  (369, 54),
  (370, 58),
  (371, 41),
  (371, 48),
  (371, 54),
  (371, 58),
  (372, 60),
  (373, 41),
  (373, 48),
  (373, 54),
  (373, 58),
  (373, 60),
  (374, 64),
  (375, 41),
  (375, 48),
  (375, 54),
  (375, 58),
  (375, 60),
  (375, 64),
  (376, 74),
  (377, 41),
  (377, 48),
  (377, 54),
  (377, 58),
  (377, 60),
  (377, 64),
  (377, 74),
  (378, 85),
  (379, 89),
  (380, 85),
  (380, 89),
  (381, 90),
  (382, 85),
  (382, 89),
  (382, 90),
  (383, 93),
  (384, 85),
  (384, 89),
  (384, 90),
  (384, 93),
  (385, 104),
  (386, 85),
  (386, 89),
  (386, 90),
  (386, 93),
  (386, 104),
  (387, 117),
  (388, 85),
  (388, 89),
  (388, 90),
  (388, 93),
  (388, 104),
  (388, 117),
  (389, 120),
  (390, 85),
  (390, 89),
  (390, 90),
  (390, 93),
  (390, 104),
  (390, 117),
  (390, 120),
  (391, 186),
  (392, 192),
  (393, 186),
  (393, 192),
  (394, 199),
  (395, 186),
  (395, 192),
  (395, 199),
  (396, 207),
  (397, 186),
  (397, 192),
  (397, 199),
  (397, 207),
  (398, 213),
  (399, 186),
  (399, 192),
  (399, 199),
  (399, 207),
  (399, 213),
  (400, 215),
  (401, 186),
  (401, 192),
  (401, 199),
  (401, 207),
  (401, 213),
  (401, 215),
  (402, 238),
  (403, 186),
  (403, 192),
  (403, 199),
  (403, 207),
  (403, 213),
  (403, 215),
  (403, 238),
  (404, 129),
  (405, 133),
  (406, 129),
  (406, 133),
  (407, 137),
  (408, 129),
  (408, 133),
  (408, 137),
  (409, 143),
  (410, 129),
  (410, 133),
  (410, 137),
  (410, 143),
  (411, 164),
  (412, 129),
  (412, 133),
  (412, 137),
  (412, 143),
  (412, 164),
  (413, 171),
  (414, 129),
  (414, 133),
  (414, 137),
  (414, 143),
  (414, 164),
  (414, 171),
  (415, 175),
  (416, 129),
  (416, 133),
  (416, 137),
  (416, 143),
  (416, 164),
  (416, 171),
  (416, 175),
  (417, 54),
  (418, 74),
  (419, 54),
  (419, 74),
  (420, 89),
  (421, 54),
  (421, 74),
  (421, 89),
  (422, 90),
  (423, 54),
  (423, 74),
  (423, 89),
  (423, 90),
  (424, 117),
  (425, 54),
  (425, 74),
  (425, 89),
  (425, 90),
  (425, 117),
  (426, 137),
  (427, 54),
  (427, 74),
  (427, 89),
  (427, 90),
  (427, 117),
  (427, 137),
  (428, 186),
  (429, 54),
  (429, 74),
  (429, 89),
  (429, 90),
  (429, 117),
  (429, 137),
  (429, 186),
  (430, 52),
  (431, 53),
  (432, 52),
  (432, 53),
  (433, 75),
  (434, 52),
  (434, 53),
  (434, 75),
  (435, 76),
  (436, 52),
  (436, 53),
  (436, 75),
  (436, 76),
  (437, 95),
  (438, 52),
  (438, 53),
  (438, 75),
  (438, 76),
  (438, 95),
  (439, 154),
  (440, 52),
  (440, 53),
  (440, 75),
  (440, 76),
  (440, 95),
  (440, 154),
  (441, 201),
  (442, 52),
  (442, 53),
  (442, 75),
  (442, 76),
  (442, 95),
  (442, 154),
  (442, 201),
  (443, 4),
  (444, 12),
  (445, 4),
  (445, 12),
  (446, 16),
  (447, 4),
  (447, 12),
  (447, 16),
  (448, 27),
  (449, 4),
  (449, 12),
  (449, 16),
  (449, 27),
  (450, 29),
  (451, 4),
  (451, 12),
  (451, 16),
  (451, 27),
  (451, 29),
  (452, 32),
  (453, 4),
  (453, 12),
  (453, 16),
  (453, 27),
  (453, 29),
  (453, 32),
  (454, 40),
  (455, 4),
  (455, 12),
  (455, 16),
  (455, 27),
  (455, 29),
  (455, 32),
  (455, 40),
  (456, 47),
  (457, 53),
  (458, 47),
  (458, 53),
  (459, 68),
  (460, 47),
  (460, 53),
  (460, 68),
  (461, 73),
  (462, 47),
  (462, 53),
  (462, 68),
  (462, 73),
  (463, 74),
  (464, 47),
  (464, 53),
  (464, 68),
  (464, 73),
  (464, 74),
  (465, 76),
  (466, 47),
  (466, 53),
  (466, 68),
  (466, 73),
  (466, 74),
  (466, 76),
  (467, 79),
  (468, 47),
  (468, 53),
  (468, 68),
  (468, 73),
  (468, 74),
  (468, 76),
  (468, 79),
  (469, 82),
  (470, 85),
  (471, 82),
  (471, 85),
  (472, 96),
  (473, 82),
  (473, 85),
  (473, 96),
  (474, 100),
  (475, 82),
  (475, 85),
  (475, 96),
  (475, 100),
  (476, 107),
  (477, 82),
  (477, 85),
  (477, 96),
  (477, 100),
  (477, 107),
  (478, 109),
  (479, 82),
  (479, 85),
  (479, 96),
  (479, 100),
  (479, 107),
  (479, 109),
  (480, 119),
  (481, 82),
  (481, 85),
  (481, 96),
  (481, 100),
  (481, 107),
  (481, 109),
  (481, 119),
  (482, 183),
  (483, 201),
  (484, 183),
  (484, 201),
  (485, 202),
  (486, 183),
  (486, 201),
  (486, 202),
  (487, 216),
  (488, 183),
  (488, 201),
  (488, 202),
  (488, 216),
  (489, 227),
  (490, 183),
  (490, 201),
  (490, 202),
  (490, 216),
  (490, 227),
  (491, 234),
  (492, 183),
  (492, 201),
  (492, 202),
  (492, 216),
  (492, 227),
  (492, 234),
  (493, 238),
  (494, 183),
  (494, 201),
  (494, 202),
  (494, 216),
  (494, 227),
  (494, 234),
  (494, 238),
  (495, 125),
  (496, 144),
  (497, 125),
  (497, 144),
  (498, 146),
  (499, 125),
  (499, 144),
  (499, 146),
  (500, 147),
  (501, 125),
  (501, 144),
  (501, 146),
  (501, 147),
  (502, 152),
  (503, 125),
  (503, 144),
  (503, 146),
  (503, 147),
  (503, 152),
  (504, 179),
  (505, 125),
  (505, 144),
  (505, 146),
  (505, 147),
  (505, 152),
  (505, 179),
  (506, 180),
  (507, 125),
  (507, 144),
  (507, 146),
  (507, 147),
  (507, 152),
  (507, 179),
  (507, 180),
  (508, 4),
  (509, 12),
  (510, 4),
  (510, 12),
  (511, 16),
  (512, 4),
  (512, 12),
  (512, 16),
  (513, 27),
  (514, 4),
  (514, 12),
  (514, 16),
  (514, 27),
  (515, 29),
  (516, 4),
  (516, 12),
  (516, 16),
  (516, 27),
  (516, 29),
  (517, 32),
  (518, 4),
  (518, 12),
  (518, 16),
  (518, 27),
  (518, 29),
  (518, 32),
  (519, 40),
  (520, 4),
  (520, 12),
  (520, 16),
  (520, 27),
  (520, 29),
  (520, 32),
  (520, 40),
  (521, 47),
  (522, 53),
  (523, 47),
  (523, 53),
  (524, 68),
  (525, 47),
  (525, 53),
  (525, 68),
  (526, 73),
  (527, 47),
  (527, 53),
  (527, 68),
  (527, 73),
  (528, 74),
  (529, 47),
  (529, 53),
  (529, 68),
  (529, 73),
  (529, 74),
  (530, 76),
  (531, 47),
  (531, 53),
  (531, 68),
  (531, 73),
  (531, 74),
  (531, 76),
  (532, 79),
  (533, 47),
  (533, 53),
  (533, 68),
  (533, 73),
  (533, 74),
  (533, 76),
  (533, 79),
  (534, 82),
  (535, 85),
  (536, 82),
  (536, 85),
  (537, 96),
  (538, 82),
  (538, 85),
  (538, 96),
  (539, 100),
  (540, 82),
  (540, 85),
  (540, 96),
  (540, 100),
  (541, 107),
  (542, 82),
  (542, 85),
  (542, 96),
  (542, 100),
  (542, 107),
  (543, 109),
  (544, 82),
  (544, 85),
  (544, 96),
  (544, 100),
  (544, 107),
  (544, 109),
  (545, 119),
  (546, 82),
  (546, 85),
  (546, 96),
  (546, 100),
  (546, 107),
  (546, 109),
  (546, 119),
  (547, 183),
  (548, 201),
  (549, 183),
  (549, 201),
  (550, 202),
  (551, 183),
  (551, 201),
  (551, 202),
  (552, 216),
  (553, 183),
  (553, 201),
  (553, 202),
  (553, 216),
  (554, 227),
  (555, 183),
  (555, 201),
  (555, 202),
  (555, 216),
  (555, 227),
  (556, 234),
  (557, 183),
  (557, 201),
  (557, 202),
  (557, 216),
  (557, 227),
  (557, 234),
  (558, 238),
  (559, 183),
  (559, 201),
  (559, 202),
  (559, 216),
  (559, 227),
  (559, 234),
  (559, 238),
  (560, 125),
  (561, 144),
  (562, 125),
  (562, 144),
  (563, 146),
  (564, 125),
  (564, 144),
  (564, 146),
  (565, 147),
  (566, 125),
  (566, 144),
  (566, 146),
  (566, 147),
  (567, 152),
  (568, 125),
  (568, 144),
  (568, 146),
  (568, 147),
  (568, 152),
  (569, 179),
  (570, 125),
  (570, 144),
  (570, 146),
  (570, 147),
  (570, 152),
  (570, 179),
  (571, 180),
  (572, 125),
  (572, 144),
  (572, 146),
  (572, 147),
  (572, 152),
  (572, 179),
  (572, 180),
  (573, 4),
  (574, 12),
  (575, 4),
  (575, 12),
  (576, 16),
  (577, 4),
  (577, 12),
  (577, 16),
  (578, 27),
  (579, 4),
  (579, 12),
  (579, 16),
  (579, 27),
  (580, 29),
  (581, 4),
  (581, 12),
  (581, 16),
  (581, 27),
  (581, 29),
  (582, 32),
  (583, 4),
  (583, 12),
  (583, 16),
  (583, 27),
  (583, 29),
  (583, 32),
  (584, 40),
  (585, 4),
  (585, 12),
  (585, 16),
  (585, 27),
  (585, 29),
  (585, 32),
  (585, 40),
  (586, 47),
  (587, 53),
  (588, 47),
  (588, 53),
  (589, 68),
  (590, 47),
  (590, 53),
  (590, 68),
  (591, 73),
  (592, 47),
  (592, 53),
  (592, 68),
  (592, 73),
  (593, 74),
  (594, 47),
  (594, 53),
  (594, 68),
  (594, 73),
  (594, 74),
  (595, 76),
  (596, 47),
  (596, 53),
  (596, 68),
  (596, 73),
  (596, 74),
  (596, 76),
  (597, 79),
  (598, 47),
  (598, 53),
  (598, 68),
  (598, 73),
  (598, 74),
  (598, 76),
  (598, 79),
  (599, 82),
  (600, 85),
  (601, 82),
  (601, 85),
  (602, 96),
  (603, 82),
  (603, 85),
  (603, 96),
  (604, 100),
  (605, 82),
  (605, 85),
  (605, 96),
  (605, 100),
  (606, 107),
  (607, 82),
  (607, 85),
  (607, 96),
  (607, 100),
  (607, 107),
  (608, 109),
  (609, 82),
  (609, 85),
  (609, 96),
  (609, 100),
  (609, 107),
  (609, 109),
  (610, 119),
  (611, 82),
  (611, 85),
  (611, 96),
  (611, 100),
  (611, 107),
  (611, 109),
  (611, 119),
  (612, 183),
  (613, 201),
  (614, 183),
  (614, 201),
  (615, 202),
  (616, 183),
  (616, 201),
  (616, 202),
  (617, 216),
  (618, 183),
  (618, 201),
  (618, 202),
  (618, 216),
  (619, 227),
  (620, 183),
  (620, 201),
  (620, 202),
  (620, 216),
  (620, 227),
  (621, 234),
  (622, 183),
  (622, 201),
  (622, 202),
  (622, 216),
  (622, 227),
  (622, 234),
  (623, 238),
  (624, 183),
  (624, 201),
  (624, 202),
  (624, 216),
  (624, 227),
  (624, 234),
  (624, 238),
  (625, 125),
  (626, 144),
  (627, 125),
  (627, 144),
  (628, 146),
  (629, 125),
  (629, 144),
  (629, 146),
  (630, 147),
  (631, 125),
  (631, 144),
  (631, 146),
  (631, 147),
  (632, 152),
  (633, 125),
  (633, 144),
  (633, 146),
  (633, 147),
  (633, 152),
  (634, 179),
  (635, 125),
  (635, 144),
  (635, 146),
  (635, 147),
  (635, 152),
  (635, 179),
  (636, 180),
  (637, 125),
  (637, 144),
  (637, 146),
  (637, 147),
  (637, 152),
  (637, 179),
  (637, 180),
  (638, 47),
  (639, 82),
  (640, 47),
  (640, 82),
  (641, 146),
  (642, 47),
  (642, 82),
  (642, 146),
  (643, 201),
  (644, 47),
  (644, 82),
  (644, 146),
  (644, 201),
  (645, 202),
  (646, 47),
  (646, 82),
  (646, 146),
  (646, 201),
  (646, 202),
  (647, 234),
  (648, 47),
  (648, 82),
  (648, 146),
  (648, 201),
  (648, 202),
  (648, 234),
  (649, 238),
  (650, 47),
  (650, 82),
  (650, 146),
  (650, 201),
  (650, 202),
  (650, 234),
  (650, 238),
  (651, 8),
  (652, 70),
  (653, 8),
  (653, 70),
  (654, 72),
  (655, 8),
  (655, 70),
  (655, 72),
  (656, 121),
  (657, 8),
  (657, 70),
  (657, 72),
  (657, 121),
  (658, 167),
  (659, 8),
  (659, 70),
  (659, 72),
  (659, 121),
  (659, 167),
  (660, 172),
  (661, 8),
  (661, 70),
  (661, 72),
  (661, 121),
  (661, 167),
  (661, 172),
  (662, 230),
  (663, 8),
  (663, 70),
  (663, 72),
  (663, 121),
  (663, 167),
  (663, 172),
  (663, 230),
  (664, 4),
  (665, 5),
  (666, 4),
  (666, 5),
  (667, 9),
  (668, 4),
  (668, 5),
  (668, 9),
  (669, 19),
  (670, 4),
  (670, 5),
  (670, 9),
  (670, 19),
  (671, 30),
  (672, 4),
  (672, 5),
  (672, 9),
  (672, 19),
  (672, 30),
  (673, 37),
  (674, 4),
  (674, 5),
  (674, 9),
  (674, 19),
  (674, 30),
  (674, 37),
  (675, 39),
  (676, 4),
  (676, 5),
  (676, 9),
  (676, 19),
  (676, 30),
  (676, 37),
  (676, 39),
  (677, 41),
  (678, 46),
  (679, 41),
  (679, 46),
  (680, 48),
  (681, 41),
  (681, 46),
  (681, 48),
  (682, 57),
  (683, 41),
  (683, 46),
  (683, 48),
  (683, 57),
  (684, 59),
  (685, 41),
  (685, 46),
  (685, 48),
  (685, 57),
  (685, 59),
  (686, 65),
  (687, 41),
  (687, 46),
  (687, 48),
  (687, 57),
  (687, 59),
  (687, 65),
  (688, 69),
  (689, 41),
  (689, 46),
  (689, 48),
  (689, 57),
  (689, 59),
  (689, 65),
  (689, 69),
  (690, 83),
  (691, 88),
  (692, 83),
  (692, 88),
  (693, 91),
  (694, 83),
  (694, 88),
  (694, 91),
  (695, 105),
  (696, 83),
  (696, 88),
  (696, 91),
  (696, 105),
  (697, 113),
  (698, 83),
  (698, 88),
  (698, 91),
  (698, 105),
  (698, 113),
  (699, 114),
  (700, 83),
  (700, 88),
  (700, 91),
  (700, 105),
  (700, 113),
  (700, 114),
  (701, 119),
  (702, 83),
  (702, 88),
  (702, 91),
  (702, 105),
  (702, 113),
  (702, 114),
  (702, 119),
  (703, 187),
  (704, 205),
  (705, 187),
  (705, 205),
  (706, 213),
  (707, 187),
  (707, 205),
  (707, 213),
  (708, 215),
  (709, 187),
  (709, 205),
  (709, 213),
  (709, 215),
  (710, 229),
  (711, 187),
  (711, 205),
  (711, 213),
  (711, 215),
  (711, 229),
  (712, 232),
  (713, 187),
  (713, 205),
  (713, 213),
  (713, 215),
  (713, 229),
  (713, 232),
  (714, 238),
  (715, 187),
  (715, 205),
  (715, 213),
  (715, 215),
  (715, 229),
  (715, 232),
  (715, 238),
  (716, 133),
  (717, 137),
  (718, 133),
  (718, 137),
  (719, 147),
  (720, 133),
  (720, 137),
  (720, 147),
  (721, 155),
  (722, 133),
  (722, 137),
  (722, 147),
  (722, 155),
  (723, 162),
  (724, 133),
  (724, 137),
  (724, 147),
  (724, 155),
  (724, 162),
  (725, 167),
  (726, 133),
  (726, 137),
  (726, 147),
  (726, 155),
  (726, 162),
  (726, 167),
  (727, 177),
  (728, 133),
  (728, 137),
  (728, 147),
  (728, 155),
  (728, 162),
  (728, 167),
  (728, 177),
  (729, 4),
  (730, 5),
  (731, 4),
  (731, 5),
  (732, 9),
  (733, 4),
  (733, 5),
  (733, 9),
  (734, 19),
  (735, 4),
  (735, 5),
  (735, 9),
  (735, 19),
  (736, 30),
  (737, 4),
  (737, 5),
  (737, 9),
  (737, 19),
  (737, 30),
  (738, 37),
  (739, 4),
  (739, 5),
  (739, 9),
  (739, 19),
  (739, 30),
  (739, 37),
  (740, 39),
  (741, 4),
  (741, 5),
  (741, 9),
  (741, 19),
  (741, 30),
  (741, 37),
  (741, 39),
  (742, 41),
  (743, 46),
  (744, 41),
  (744, 46),
  (745, 48),
  (746, 41),
  (746, 46),
  (746, 48),
  (747, 57),
  (748, 41),
  (748, 46),
  (748, 48),
  (748, 57),
  (749, 59),
  (750, 41),
  (750, 46),
  (750, 48),
  (750, 57),
  (750, 59),
  (751, 65),
  (752, 41),
  (752, 46),
  (752, 48),
  (752, 57),
  (752, 59),
  (752, 65),
  (753, 69),
  (754, 41),
  (754, 46),
  (754, 48),
  (754, 57),
  (754, 59),
  (754, 65),
  (754, 69),
  (755, 83),
  (756, 88),
  (757, 83),
  (757, 88),
  (758, 91),
  (759, 83),
  (759, 88),
  (759, 91),
  (760, 105),
  (761, 83),
  (761, 88),
  (761, 91),
  (761, 105),
  (762, 113),
  (763, 83),
  (763, 88),
  (763, 91),
  (763, 105),
  (763, 113),
  (764, 114),
  (765, 83),
  (765, 88),
  (765, 91),
  (765, 105),
  (765, 113),
  (765, 114),
  (766, 119),
  (767, 83),
  (767, 88),
  (767, 91),
  (767, 105),
  (767, 113),
  (767, 114),
  (767, 119),
  (768, 187),
  (769, 205),
  (770, 187),
  (770, 205),
  (771, 213),
  (772, 187),
  (772, 205),
  (772, 213),
  (773, 215),
  (774, 187),
  (774, 205),
  (774, 213),
  (774, 215),
  (775, 229),
  (776, 187),
  (776, 205),
  (776, 213),
  (776, 215),
  (776, 229),
  (777, 232),
  (778, 187),
  (778, 205),
  (778, 213),
  (778, 215),
  (778, 229),
  (778, 232),
  (779, 238),
  (780, 187),
  (780, 205),
  (780, 213),
  (780, 215),
  (780, 229),
  (780, 232),
  (780, 238),
  (781, 133),
  (782, 137),
  (783, 133),
  (783, 137),
  (784, 147),
  (785, 133),
  (785, 137),
  (785, 147),
  (786, 155),
  (787, 133),
  (787, 137),
  (787, 147),
  (787, 155),
  (788, 162),
  (789, 133),
  (789, 137),
  (789, 147),
  (789, 155),
  (789, 162),
  (790, 167),
  (791, 133),
  (791, 137),
  (791, 147),
  (791, 155),
  (791, 162),
  (791, 167),
  (792, 177),
  (793, 133),
  (793, 137),
  (793, 147),
  (793, 155),
  (793, 162),
  (793, 167),
  (793, 177),
  (794, 4),
  (795, 5),
  (796, 4),
  (796, 5),
  (797, 9),
  (798, 4),
  (798, 5),
  (798, 9),
  (799, 19),
  (800, 4),
  (800, 5),
  (800, 9),
  (800, 19),
  (801, 30),
  (802, 4),
  (802, 5),
  (802, 9),
  (802, 19),
  (802, 30),
  (803, 37),
  (804, 4),
  (804, 5),
  (804, 9),
  (804, 19),
  (804, 30),
  (804, 37),
  (805, 39),
  (806, 4),
  (806, 5),
  (806, 9),
  (806, 19),
  (806, 30),
  (806, 37),
  (806, 39),
  (807, 41),
  (808, 46),
  (809, 41),
  (809, 46),
  (810, 48),
  (811, 41),
  (811, 46),
  (811, 48),
  (812, 57),
  (813, 41),
  (813, 46),
  (813, 48),
  (813, 57),
  (814, 59),
  (815, 41),
  (815, 46),
  (815, 48),
  (815, 57),
  (815, 59),
  (816, 65),
  (817, 41),
  (817, 46),
  (817, 48),
  (817, 57),
  (817, 59),
  (817, 65),
  (818, 69),
  (819, 41),
  (819, 46),
  (819, 48),
  (819, 57),
  (819, 59),
  (819, 65),
  (819, 69),
  (820, 83),
  (821, 88),
  (822, 83),
  (822, 88),
  (823, 91),
  (824, 83),
  (824, 88),
  (824, 91),
  (825, 105),
  (826, 83),
  (826, 88),
  (826, 91),
  (826, 105),
  (827, 113),
  (828, 83),
  (828, 88),
  (828, 91),
  (828, 105),
  (828, 113),
  (829, 114),
  (830, 83),
  (830, 88),
  (830, 91),
  (830, 105),
  (830, 113),
  (830, 114),
  (831, 119),
  (832, 83),
  (832, 88),
  (832, 91),
  (832, 105),
  (832, 113),
  (832, 114),
  (832, 119),
  (833, 187),
  (834, 205),
  (835, 187),
  (835, 205),
  (836, 213),
  (837, 187),
  (837, 205),
  (837, 213),
  (838, 215),
  (839, 187),
  (839, 205),
  (839, 213),
  (839, 215),
  (840, 229),
  (841, 187),
  (841, 205),
  (841, 213),
  (841, 215),
  (841, 229),
  (842, 232),
  (843, 187),
  (843, 205),
  (843, 213),
  (843, 215),
  (843, 229),
  (843, 232),
  (844, 238),
  (845, 187),
  (845, 205),
  (845, 213),
  (845, 215),
  (845, 229),
  (845, 232),
  (845, 238),
  (846, 133),
  (847, 137),
  (848, 133),
  (848, 137),
  (849, 147),
  (850, 133),
  (850, 137),
  (850, 147),
  (851, 155),
  (852, 133),
  (852, 137),
  (852, 147),
  (852, 155),
  (853, 162),
  (854, 133),
  (854, 137),
  (854, 147),
  (854, 155),
  (854, 162),
  (855, 167),
  (856, 133),
  (856, 137),
  (856, 147),
  (856, 155),
  (856, 162),
  (856, 167),
  (857, 177),
  (858, 133),
  (858, 137),
  (858, 147),
  (858, 155),
  (858, 162),
  (858, 167),
  (858, 177),
  (859, 41),
  (860, 65),
  (861, 41),
  (861, 65),
  (862, 83),
  (863, 41),
  (863, 65),
  (863, 83),
  (864, 155),
  (865, 41),
  (865, 65),
  (865, 83),
  (865, 155),
  (866, 167),
  (867, 41),
  (867, 65),
  (867, 83),
  (867, 155),
  (867, 167),
  (868, 177),
  (869, 41),
  (869, 65),
  (869, 83),
  (869, 155),
  (869, 167),
  (869, 177),
  (870, 213),
  (871, 41),
  (871, 65),
  (871, 83),
  (871, 155),
  (871, 167),
  (871, 177),
  (871, 213),
  (872, 61),
  (873, 98),
  (874, 61),
  (874, 98),
  (875, 148),
  (876, 61),
  (876, 98),
  (876, 148),
  (877, 149),
  (878, 61),
  (878, 98),
  (878, 148),
  (878, 149),
  (879, 174),
  (880, 61),
  (880, 98),
  (880, 148),
  (880, 149),
  (880, 174),
  (881, 196),
  (882, 61),
  (882, 98),
  (882, 148),
  (882, 149),
  (882, 174),
  (882, 196),
  (883, 217),
  (884, 61),
  (884, 98),
  (884, 148),
  (884, 149),
  (884, 174),
  (884, 196),
  (884, 217),
  (1106, 18),
  (1107, 19),
  (1108, 18),
  (1108, 19),
  (1109, 20),
  (1110, 18),
  (1110, 19),
  (1110, 20),
  (1111, 23),
  (1112, 18),
  (1112, 19),
  (1112, 20),
  (1112, 23),
  (1113, 32),
  (1114, 18),
  (1114, 19),
  (1114, 20),
  (1114, 23),
  (1114, 32),
  (1115, 35),
  (1116, 18),
  (1116, 19),
  (1116, 20),
  (1116, 23),
  (1116, 32),
  (1116, 35),
  (1117, 38),
  (1118, 18),
  (1118, 19),
  (1118, 20),
  (1118, 23),
  (1118, 32),
  (1118, 35),
  (1118, 38),
  (1119, 42),
  (1120, 43),
  (1121, 42),
  (1121, 43),
  (1122, 50),
  (1123, 42),
  (1123, 43),
  (1123, 50),
  (1124, 54),
  (1125, 42),
  (1125, 43),
  (1125, 50),
  (1125, 54),
  (1126, 65),
  (1127, 42),
  (1127, 43),
  (1127, 50),
  (1127, 54),
  (1127, 65),
  (1128, 72),
  (1129, 42),
  (1129, 43),
  (1129, 50),
  (1129, 54),
  (1129, 65),
  (1129, 72),
  (1130, 75),
  (1131, 42),
  (1131, 43),
  (1131, 50),
  (1131, 54),
  (1131, 65),
  (1131, 72),
  (1131, 75),
  (1132, 91),
  (1133, 103),
  (1134, 91),
  (1134, 103),
  (1135, 107),
  (1136, 91),
  (1136, 103),
  (1136, 107),
  (1137, 109),
  (1138, 91),
  (1138, 103),
  (1138, 107),
  (1138, 109),
  (1139, 113),
  (1140, 91),
  (1140, 103),
  (1140, 107),
  (1140, 109),
  (1140, 113),
  (1141, 114),
  (1142, 91),
  (1142, 103),
  (1142, 107),
  (1142, 109),
  (1142, 113),
  (1142, 114),
  (1143, 118),
  (1144, 91),
  (1144, 103),
  (1144, 107),
  (1144, 109),
  (1144, 113),
  (1144, 114),
  (1144, 118),
  (1145, 189),
  (1146, 190),
  (1147, 189),
  (1147, 190),
  (1148, 201),
  (1149, 189),
  (1149, 190),
  (1149, 201),
  (1150, 206),
  (1151, 189),
  (1151, 190),
  (1151, 201),
  (1151, 206),
  (1152, 214),
  (1153, 189),
  (1153, 190),
  (1153, 201),
  (1153, 206),
  (1153, 214),
  (1154, 230),
  (1155, 189),
  (1155, 190),
  (1155, 201),
  (1155, 206),
  (1155, 214),
  (1155, 230),
  (1156, 235),
  (1157, 189),
  (1157, 190),
  (1157, 201),
  (1157, 206),
  (1157, 214),
  (1157, 230),
  (1157, 235),
  (1158, 123),
  (1159, 131),
  (1160, 123),
  (1160, 131),
  (1161, 137),
  (1162, 123),
  (1162, 131),
  (1162, 137),
  (1163, 139),
  (1164, 123),
  (1164, 131),
  (1164, 137),
  (1164, 139),
  (1165, 145),
  (1166, 123),
  (1166, 131),
  (1166, 137),
  (1166, 139),
  (1166, 145),
  (1167, 157),
  (1168, 123),
  (1168, 131),
  (1168, 137),
  (1168, 139),
  (1168, 145),
  (1168, 157),
  (1169, 177),
  (1170, 123),
  (1170, 131),
  (1170, 137),
  (1170, 139),
  (1170, 145),
  (1170, 157),
  (1170, 177),
  (1171, 18),
  (1172, 19),
  (1173, 18),
  (1173, 19),
  (1174, 20),
  (1175, 18),
  (1175, 19),
  (1175, 20),
  (1176, 23),
  (1177, 18),
  (1177, 19),
  (1177, 20),
  (1177, 23),
  (1178, 32),
  (1179, 18),
  (1179, 19),
  (1179, 20),
  (1179, 23),
  (1179, 32),
  (1180, 35),
  (1181, 18),
  (1181, 19),
  (1181, 20),
  (1181, 23),
  (1181, 32),
  (1181, 35),
  (1182, 38),
  (1183, 18),
  (1183, 19),
  (1183, 20),
  (1183, 23),
  (1183, 32),
  (1183, 35),
  (1183, 38),
  (1184, 42),
  (1185, 43),
  (1186, 42),
  (1186, 43),
  (1187, 50),
  (1188, 42),
  (1188, 43),
  (1188, 50),
  (1189, 54),
  (1190, 42),
  (1190, 43),
  (1190, 50),
  (1190, 54),
  (1191, 65),
  (1192, 42),
  (1192, 43),
  (1192, 50),
  (1192, 54),
  (1192, 65),
  (1193, 72),
  (1194, 42),
  (1194, 43),
  (1194, 50),
  (1194, 54),
  (1194, 65),
  (1194, 72),
  (1195, 75),
  (1196, 42),
  (1196, 43),
  (1196, 50),
  (1196, 54),
  (1196, 65),
  (1196, 72),
  (1196, 75),
  (1197, 91),
  (1198, 103),
  (1199, 91),
  (1199, 103),
  (1200, 107),
  (1201, 91),
  (1201, 103),
  (1201, 107),
  (1202, 109),
  (1203, 91),
  (1203, 103),
  (1203, 107),
  (1203, 109),
  (1204, 113),
  (1205, 91),
  (1205, 103),
  (1205, 107),
  (1205, 109),
  (1205, 113),
  (1206, 114),
  (1207, 91),
  (1207, 103),
  (1207, 107),
  (1207, 109),
  (1207, 113),
  (1207, 114),
  (1208, 118),
  (1209, 91),
  (1209, 103),
  (1209, 107),
  (1209, 109),
  (1209, 113),
  (1209, 114),
  (1209, 118),
  (1210, 189),
  (1211, 190),
  (1212, 189),
  (1212, 190),
  (1213, 201),
  (1214, 189),
  (1214, 190),
  (1214, 201),
  (1215, 206),
  (1216, 189),
  (1216, 190),
  (1216, 201),
  (1216, 206),
  (1217, 214),
  (1218, 189),
  (1218, 190),
  (1218, 201),
  (1218, 206),
  (1218, 214),
  (1219, 230),
  (1220, 189),
  (1220, 190),
  (1220, 201),
  (1220, 206),
  (1220, 214),
  (1220, 230),
  (1221, 235),
  (1222, 189),
  (1222, 190),
  (1222, 201),
  (1222, 206),
  (1222, 214),
  (1222, 230),
  (1222, 235),
  (1223, 123),
  (1224, 131),
  (1225, 123),
  (1225, 131),
  (1226, 137),
  (1227, 123),
  (1227, 131),
  (1227, 137),
  (1228, 139),
  (1229, 123),
  (1229, 131),
  (1229, 137),
  (1229, 139),
  (1230, 145),
  (1231, 123),
  (1231, 131),
  (1231, 137),
  (1231, 139),
  (1231, 145),
  (1232, 157),
  (1233, 123),
  (1233, 131),
  (1233, 137),
  (1233, 139),
  (1233, 145),
  (1233, 157),
  (1234, 177),
  (1235, 123),
  (1235, 131),
  (1235, 137),
  (1235, 139),
  (1235, 145),
  (1235, 157),
  (1235, 177),
  (1236, 18),
  (1237, 19),
  (1238, 18),
  (1238, 19),
  (1239, 20),
  (1240, 18),
  (1240, 19),
  (1240, 20),
  (1241, 23),
  (1242, 18),
  (1242, 19),
  (1242, 20),
  (1242, 23),
  (1243, 32),
  (1244, 18),
  (1244, 19),
  (1244, 20),
  (1244, 23),
  (1244, 32),
  (1245, 35),
  (1246, 18),
  (1246, 19),
  (1246, 20),
  (1246, 23),
  (1246, 32),
  (1246, 35),
  (1247, 38),
  (1248, 18),
  (1248, 19),
  (1248, 20),
  (1248, 23),
  (1248, 32),
  (1248, 35),
  (1248, 38),
  (1249, 42),
  (1250, 43),
  (1251, 42),
  (1251, 43),
  (1252, 50),
  (1253, 42),
  (1253, 43),
  (1253, 50),
  (1254, 54),
  (1255, 42),
  (1255, 43),
  (1255, 50),
  (1255, 54),
  (1256, 65),
  (1257, 42),
  (1257, 43),
  (1257, 50),
  (1257, 54),
  (1257, 65),
  (1258, 72),
  (1259, 42),
  (1259, 43),
  (1259, 50),
  (1259, 54),
  (1259, 65),
  (1259, 72),
  (1260, 75),
  (1261, 42),
  (1261, 43),
  (1261, 50),
  (1261, 54),
  (1261, 65),
  (1261, 72),
  (1261, 75),
  (1262, 91),
  (1263, 103),
  (1264, 91),
  (1264, 103),
  (1265, 107),
  (1266, 91),
  (1266, 103),
  (1266, 107),
  (1267, 109),
  (1268, 91),
  (1268, 103),
  (1268, 107),
  (1268, 109),
  (1269, 113),
  (1270, 91),
  (1270, 103),
  (1270, 107),
  (1270, 109),
  (1270, 113),
  (1271, 114),
  (1272, 91),
  (1272, 103),
  (1272, 107),
  (1272, 109),
  (1272, 113),
  (1272, 114),
  (1273, 118),
  (1274, 91),
  (1274, 103),
  (1274, 107),
  (1274, 109),
  (1274, 113),
  (1274, 114),
  (1274, 118),
  (1275, 189),
  (1276, 190),
  (1277, 189),
  (1277, 190),
  (1278, 201),
  (1279, 189),
  (1279, 190),
  (1279, 201),
  (1280, 206),
  (1281, 189),
  (1281, 190),
  (1281, 201),
  (1281, 206),
  (1282, 214),
  (1283, 189),
  (1283, 190),
  (1283, 201),
  (1283, 206),
  (1283, 214),
  (1284, 230),
  (1285, 189),
  (1285, 190),
  (1285, 201),
  (1285, 206),
  (1285, 214),
  (1285, 230),
  (1286, 235),
  (1287, 189),
  (1287, 190),
  (1287, 201),
  (1287, 206),
  (1287, 214),
  (1287, 230),
  (1287, 235),
  (1288, 123),
  (1289, 131),
  (1290, 123),
  (1290, 131),
  (1291, 137),
  (1292, 123),
  (1292, 131),
  (1292, 137),
  (1293, 139),
  (1294, 123),
  (1294, 131),
  (1294, 137),
  (1294, 139),
  (1295, 145),
  (1296, 123),
  (1296, 131),
  (1296, 137),
  (1296, 139),
  (1296, 145),
  (1297, 157),
  (1298, 123),
  (1298, 131),
  (1298, 137),
  (1298, 139),
  (1298, 145),
  (1298, 157),
  (1299, 177),
  (1300, 123),
  (1300, 131),
  (1300, 137),
  (1300, 139),
  (1300, 145),
  (1300, 157),
  (1300, 177),
  (1301, 43),
  (1302, 50),
  (1303, 43),
  (1303, 50),
  (1304, 114),
  (1305, 43),
  (1305, 50),
  (1305, 114),
  (1306, 123),
  (1307, 43),
  (1307, 50),
  (1307, 114),
  (1307, 123),
  (1308, 157),
  (1309, 43),
  (1309, 50),
  (1309, 114),
  (1309, 123),
  (1309, 157),
  (1310, 177),
  (1311, 43),
  (1311, 50),
  (1311, 114),
  (1311, 123),
  (1311, 157),
  (1311, 177),
  (1312, 214),
  (1313, 43),
  (1313, 50),
  (1313, 114),
  (1313, 123),
  (1313, 157),
  (1313, 177),
  (1313, 214),
  (1314, 45),
  (1315, 51),
  (1316, 45),
  (1316, 51),
  (1317, 79),
  (1318, 45),
  (1318, 51),
  (1318, 79),
  (1319, 87),
  (1320, 45),
  (1320, 51),
  (1320, 79),
  (1320, 87),
  (1321, 97),
  (1322, 45),
  (1322, 51),
  (1322, 79),
  (1322, 87),
  (1322, 97),
  (1323, 130),
  (1324, 45),
  (1324, 51),
  (1324, 79),
  (1324, 87),
  (1324, 97),
  (1324, 130),
  (1325, 151),
  (1326, 45),
  (1326, 51),
  (1326, 79),
  (1326, 87),
  (1326, 97),
  (1326, 130),
  (1326, 151),
  (1769, 4),
  (1770, 8),
  (1771, 4),
  (1771, 8),
  (1772, 11),
  (1773, 4),
  (1773, 8),
  (1773, 11),
  (1774, 18),
  (1775, 4),
  (1775, 8),
  (1775, 11),
  (1775, 18),
  (1776, 21),
  (1777, 4),
  (1777, 8),
  (1777, 11),
  (1777, 18),
  (1777, 21),
  (1778, 22),
  (1779, 4),
  (1779, 8),
  (1779, 11),
  (1779, 18),
  (1779, 21),
  (1779, 22),
  (1780, 26),
  (1781, 4),
  (1781, 8),
  (1781, 11),
  (1781, 18),
  (1781, 21),
  (1781, 22),
  (1781, 26),
  (1782, 44),
  (1783, 53),
  (1784, 44),
  (1784, 53),
  (1785, 60),
  (1786, 44),
  (1786, 53),
  (1786, 60),
  (1787, 70),
  (1788, 44),
  (1788, 53),
  (1788, 60),
  (1788, 70),
  (1789, 78),
  (1790, 44),
  (1790, 53),
  (1790, 60),
  (1790, 70),
  (1790, 78),
  (1791, 79),
  (1792, 44),
  (1792, 53),
  (1792, 60),
  (1792, 70),
  (1792, 78),
  (1792, 79),
  (1793, 80),
  (1794, 44),
  (1794, 53),
  (1794, 60),
  (1794, 70),
  (1794, 78),
  (1794, 79),
  (1794, 80),
  (1795, 81),
  (1796, 85),
  (1797, 81),
  (1797, 85),
  (1798, 91),
  (1799, 81),
  (1799, 85),
  (1799, 91),
  (1800, 101),
  (1801, 81),
  (1801, 85),
  (1801, 91),
  (1801, 101),
  (1802, 103),
  (1803, 81),
  (1803, 85),
  (1803, 91),
  (1803, 101),
  (1803, 103),
  (1804, 113),
  (1805, 81),
  (1805, 85),
  (1805, 91),
  (1805, 101),
  (1805, 103),
  (1805, 113),
  (1806, 116),
  (1807, 81),
  (1807, 85),
  (1807, 91),
  (1807, 101),
  (1807, 103),
  (1807, 113),
  (1807, 116),
  (1808, 182),
  (1809, 199),
  (1810, 182),
  (1810, 199),
  (1811, 205),
  (1812, 182),
  (1812, 199),
  (1812, 205),
  (1813, 208),
  (1814, 182),
  (1814, 199),
  (1814, 205),
  (1814, 208),
  (1815, 216),
  (1816, 182),
  (1816, 199),
  (1816, 205),
  (1816, 208),
  (1816, 216),
  (1817, 217),
  (1818, 182),
  (1818, 199),
  (1818, 205),
  (1818, 208),
  (1818, 216),
  (1818, 217),
  (1819, 229),
  (1820, 182),
  (1820, 199),
  (1820, 205),
  (1820, 208),
  (1820, 216),
  (1820, 217),
  (1820, 229),
  (1821, 143),
  (1822, 146),
  (1823, 143),
  (1823, 146),
  (1824, 154),
  (1825, 143),
  (1825, 146),
  (1825, 154),
  (1826, 158),
  (1827, 143),
  (1827, 146),
  (1827, 154),
  (1827, 158),
  (1828, 165),
  (1829, 143),
  (1829, 146),
  (1829, 154),
  (1829, 158),
  (1829, 165),
  (1830, 167),
  (1831, 143),
  (1831, 146),
  (1831, 154),
  (1831, 158),
  (1831, 165),
  (1831, 167),
  (1832, 180),
  (1833, 143),
  (1833, 146),
  (1833, 154),
  (1833, 158),
  (1833, 165),
  (1833, 167),
  (1833, 180),
  (1834, 4),
  (1835, 8),
  (1836, 4),
  (1836, 8),
  (1837, 11),
  (1838, 4),
  (1838, 8),
  (1838, 11),
  (1839, 18),
  (1840, 4),
  (1840, 8),
  (1840, 11),
  (1840, 18),
  (1841, 21),
  (1842, 4),
  (1842, 8),
  (1842, 11),
  (1842, 18),
  (1842, 21),
  (1843, 22),
  (1844, 4),
  (1844, 8),
  (1844, 11),
  (1844, 18),
  (1844, 21),
  (1844, 22),
  (1845, 26),
  (1846, 4),
  (1846, 8),
  (1846, 11),
  (1846, 18),
  (1846, 21),
  (1846, 22),
  (1846, 26),
  (1847, 44),
  (1848, 53),
  (1849, 44),
  (1849, 53),
  (1850, 60),
  (1851, 44),
  (1851, 53),
  (1851, 60),
  (1852, 70),
  (1853, 44),
  (1853, 53),
  (1853, 60),
  (1853, 70),
  (1854, 78),
  (1855, 44),
  (1855, 53),
  (1855, 60),
  (1855, 70),
  (1855, 78),
  (1856, 79),
  (1857, 44),
  (1857, 53),
  (1857, 60),
  (1857, 70),
  (1857, 78),
  (1857, 79),
  (1858, 80),
  (1859, 44),
  (1859, 53),
  (1859, 60),
  (1859, 70),
  (1859, 78),
  (1859, 79),
  (1859, 80),
  (1860, 81),
  (1861, 85),
  (1862, 81),
  (1862, 85),
  (1863, 91),
  (1864, 81),
  (1864, 85),
  (1864, 91),
  (1865, 101),
  (1866, 81),
  (1866, 85),
  (1866, 91),
  (1866, 101),
  (1867, 103),
  (1868, 81),
  (1868, 85),
  (1868, 91),
  (1868, 101),
  (1868, 103),
  (1869, 113),
  (1870, 81),
  (1870, 85),
  (1870, 91),
  (1870, 101),
  (1870, 103),
  (1870, 113),
  (1871, 116),
  (1872, 81),
  (1872, 85),
  (1872, 91),
  (1872, 101),
  (1872, 103),
  (1872, 113),
  (1872, 116),
  (1873, 182),
  (1874, 199),
  (1875, 182),
  (1875, 199),
  (1876, 205),
  (1877, 182),
  (1877, 199),
  (1877, 205),
  (1878, 208),
  (1879, 182),
  (1879, 199),
  (1879, 205),
  (1879, 208),
  (1880, 216),
  (1881, 182),
  (1881, 199),
  (1881, 205),
  (1881, 208),
  (1881, 216),
  (1882, 217),
  (1883, 182),
  (1883, 199),
  (1883, 205),
  (1883, 208),
  (1883, 216),
  (1883, 217),
  (1884, 229),
  (1885, 182),
  (1885, 199),
  (1885, 205),
  (1885, 208),
  (1885, 216),
  (1885, 217),
  (1885, 229),
  (1886, 143),
  (1887, 146),
  (1888, 143),
  (1888, 146),
  (1889, 154),
  (1890, 143),
  (1890, 146),
  (1890, 154),
  (1891, 158),
  (1892, 143),
  (1892, 146),
  (1892, 154),
  (1892, 158),
  (1893, 165),
  (1894, 143),
  (1894, 146),
  (1894, 154),
  (1894, 158),
  (1894, 165),
  (1895, 167),
  (1896, 143),
  (1896, 146),
  (1896, 154),
  (1896, 158),
  (1896, 165),
  (1896, 167),
  (1897, 180),
  (1898, 143),
  (1898, 146),
  (1898, 154),
  (1898, 158),
  (1898, 165),
  (1898, 167),
  (1898, 180),
  (1899, 4),
  (1900, 8),
  (1901, 4),
  (1901, 8),
  (1902, 11),
  (1903, 4),
  (1903, 8),
  (1903, 11),
  (1904, 18),
  (1905, 4),
  (1905, 8),
  (1905, 11),
  (1905, 18),
  (1906, 21),
  (1907, 4),
  (1907, 8),
  (1907, 11),
  (1907, 18),
  (1907, 21),
  (1908, 22),
  (1909, 4),
  (1909, 8),
  (1909, 11),
  (1909, 18),
  (1909, 21),
  (1909, 22),
  (1910, 26),
  (1911, 4),
  (1911, 8),
  (1911, 11),
  (1911, 18),
  (1911, 21),
  (1911, 22),
  (1911, 26),
  (1912, 44),
  (1913, 53),
  (1914, 44),
  (1914, 53),
  (1915, 60),
  (1916, 44),
  (1916, 53),
  (1916, 60),
  (1917, 70),
  (1918, 44),
  (1918, 53),
  (1918, 60),
  (1918, 70),
  (1919, 78),
  (1920, 44),
  (1920, 53),
  (1920, 60),
  (1920, 70),
  (1920, 78),
  (1921, 79),
  (1922, 44),
  (1922, 53),
  (1922, 60),
  (1922, 70),
  (1922, 78),
  (1922, 79),
  (1923, 80),
  (1924, 44),
  (1924, 53),
  (1924, 60),
  (1924, 70),
  (1924, 78),
  (1924, 79),
  (1924, 80),
  (1925, 81),
  (1926, 85),
  (1927, 81),
  (1927, 85),
  (1928, 91),
  (1929, 81),
  (1929, 85),
  (1929, 91),
  (1930, 101),
  (1931, 81),
  (1931, 85),
  (1931, 91),
  (1931, 101),
  (1932, 103),
  (1933, 81),
  (1933, 85),
  (1933, 91),
  (1933, 101),
  (1933, 103),
  (1934, 113),
  (1935, 81),
  (1935, 85),
  (1935, 91),
  (1935, 101),
  (1935, 103),
  (1935, 113),
  (1936, 116),
  (1937, 81),
  (1937, 85),
  (1937, 91),
  (1937, 101),
  (1937, 103),
  (1937, 113),
  (1937, 116),
  (1938, 182),
  (1939, 199),
  (1940, 182),
  (1940, 199),
  (1941, 205),
  (1942, 182),
  (1942, 199),
  (1942, 205),
  (1943, 208),
  (1944, 182),
  (1944, 199),
  (1944, 205),
  (1944, 208),
  (1945, 216),
  (1946, 182),
  (1946, 199),
  (1946, 205),
  (1946, 208),
  (1946, 216),
  (1947, 217),
  (1948, 182),
  (1948, 199),
  (1948, 205),
  (1948, 208),
  (1948, 216),
  (1948, 217),
  (1949, 229),
  (1950, 182),
  (1950, 199),
  (1950, 205),
  (1950, 208),
  (1950, 216),
  (1950, 217),
  (1950, 229),
  (1951, 143),
  (1952, 146),
  (1953, 143),
  (1953, 146),
  (1954, 154),
  (1955, 143),
  (1955, 146),
  (1955, 154),
  (1956, 158),
  (1957, 143),
  (1957, 146),
  (1957, 154),
  (1957, 158),
  (1958, 165),
  (1959, 143),
  (1959, 146),
  (1959, 154),
  (1959, 158),
  (1959, 165),
  (1960, 167),
  (1961, 143),
  (1961, 146),
  (1961, 154),
  (1961, 158),
  (1961, 165),
  (1961, 167),
  (1962, 180),
  (1963, 143),
  (1963, 146),
  (1963, 154),
  (1963, 158),
  (1963, 165),
  (1963, 167),
  (1963, 180),
  (1964, 18),
  (1965, 60),
  (1966, 18),
  (1966, 60),
  (1967, 70),
  (1968, 18),
  (1968, 60),
  (1968, 70),
  (1969, 79),
  (1970, 18),
  (1970, 60),
  (1970, 70),
  (1970, 79),
  (1971, 116),
  (1972, 18),
  (1972, 60),
  (1972, 70),
  (1972, 79),
  (1972, 116),
  (1973, 180),
  (1974, 18),
  (1974, 60),
  (1974, 70),
  (1974, 79),
  (1974, 116),
  (1974, 180),
  (1975, 182),
  (1976, 18),
  (1976, 60),
  (1976, 70),
  (1976, 79),
  (1976, 116),
  (1976, 180),
  (1976, 182),
  (1977, 15),
  (1978, 25),
  (1979, 15),
  (1979, 25),
  (1980, 27),
  (1981, 15),
  (1981, 25),
  (1981, 27),
  (1982, 46),
  (1983, 15),
  (1983, 25),
  (1983, 27),
  (1983, 46),
  (1984, 126),
  (1985, 15),
  (1985, 25),
  (1985, 27),
  (1985, 46),
  (1985, 126),
  (1986, 137),
  (1987, 15),
  (1987, 25),
  (1987, 27),
  (1987, 46),
  (1987, 126),
  (1987, 137),
  (1988, 203),
  (1989, 15),
  (1989, 25),
  (1989, 27),
  (1989, 46),
  (1989, 126),
  (1989, 137),
  (1989, 203),
  (1990, 7),
  (1991, 9),
  (1992, 7),
  (1992, 9),
  (1993, 15),
  (1994, 7),
  (1994, 9),
  (1994, 15),
  (1995, 16),
  (1996, 7),
  (1996, 9),
  (1996, 15),
  (1996, 16),
  (1997, 20),
  (1998, 7),
  (1998, 9),
  (1998, 15),
  (1998, 16),
  (1998, 20),
  (1999, 30),
  (2000, 7),
  (2000, 9),
  (2000, 15),
  (2000, 16),
  (2000, 20),
  (2000, 30),
  (2001, 38),
  (2002, 7),
  (2002, 9),
  (2002, 15),
  (2002, 16),
  (2002, 20),
  (2002, 30),
  (2002, 38),
  (2003, 50),
  (2004, 53),
  (2005, 50),
  (2005, 53),
  (2006, 57),
  (2007, 50),
  (2007, 53),
  (2007, 57),
  (2008, 63),
  (2009, 50),
  (2009, 53),
  (2009, 57),
  (2009, 63),
  (2010, 70),
  (2011, 50),
  (2011, 53),
  (2011, 57),
  (2011, 63),
  (2011, 70),
  (2012, 74),
  (2013, 50),
  (2013, 53),
  (2013, 57),
  (2013, 63),
  (2013, 70),
  (2013, 74),
  (2014, 75),
  (2015, 50),
  (2015, 53),
  (2015, 57),
  (2015, 63),
  (2015, 70),
  (2015, 74),
  (2015, 75),
  (2016, 91),
  (2017, 102),
  (2018, 91),
  (2018, 102),
  (2019, 103),
  (2020, 91),
  (2020, 102),
  (2020, 103),
  (2021, 106),
  (2022, 91),
  (2022, 102),
  (2022, 103),
  (2022, 106),
  (2023, 112),
  (2024, 91),
  (2024, 102),
  (2024, 103),
  (2024, 106),
  (2024, 112),
  (2025, 114),
  (2026, 91),
  (2026, 102),
  (2026, 103),
  (2026, 106),
  (2026, 112),
  (2026, 114),
  (2027, 116),
  (2028, 91),
  (2028, 102),
  (2028, 103),
  (2028, 106),
  (2028, 112),
  (2028, 114),
  (2028, 116),
  (2029, 185),
  (2030, 199),
  (2031, 185),
  (2031, 199),
  (2032, 200),
  (2033, 185),
  (2033, 199),
  (2033, 200),
  (2034, 206),
  (2035, 185),
  (2035, 199),
  (2035, 200),
  (2035, 206),
  (2036, 221),
  (2037, 185),
  (2037, 199),
  (2037, 200),
  (2037, 206),
  (2037, 221),
  (2038, 229),
  (2039, 185),
  (2039, 199),
  (2039, 200),
  (2039, 206),
  (2039, 221),
  (2039, 229),
  (2040, 240),
  (2041, 185),
  (2041, 199),
  (2041, 200),
  (2041, 206),
  (2041, 221),
  (2041, 229),
  (2041, 240),
  (2042, 135),
  (2043, 137),
  (2044, 135),
  (2044, 137),
  (2045, 144),
  (2046, 135),
  (2046, 137),
  (2046, 144),
  (2047, 158),
  (2048, 135),
  (2048, 137),
  (2048, 144),
  (2048, 158),
  (2049, 163),
  (2050, 135),
  (2050, 137),
  (2050, 144),
  (2050, 158),
  (2050, 163),
  (2051, 166),
  (2052, 135),
  (2052, 137),
  (2052, 144),
  (2052, 158),
  (2052, 163),
  (2052, 166),
  (2053, 170),
  (2054, 135),
  (2054, 137),
  (2054, 144),
  (2054, 158),
  (2054, 163),
  (2054, 166),
  (2054, 170),
  (2055, 7),
  (2056, 9),
  (2057, 7),
  (2057, 9),
  (2058, 15),
  (2059, 7),
  (2059, 9),
  (2059, 15),
  (2060, 16),
  (2061, 7),
  (2061, 9),
  (2061, 15),
  (2061, 16),
  (2062, 20),
  (2063, 7),
  (2063, 9),
  (2063, 15),
  (2063, 16),
  (2063, 20),
  (2064, 30),
  (2065, 7),
  (2065, 9),
  (2065, 15),
  (2065, 16),
  (2065, 20),
  (2065, 30),
  (2066, 38),
  (2067, 7),
  (2067, 9),
  (2067, 15),
  (2067, 16),
  (2067, 20),
  (2067, 30),
  (2067, 38),
  (2068, 50),
  (2069, 53),
  (2070, 50),
  (2070, 53),
  (2071, 57),
  (2072, 50),
  (2072, 53),
  (2072, 57),
  (2073, 63),
  (2074, 50),
  (2074, 53),
  (2074, 57),
  (2074, 63),
  (2075, 70),
  (2076, 50),
  (2076, 53),
  (2076, 57),
  (2076, 63),
  (2076, 70),
  (2077, 74),
  (2078, 50),
  (2078, 53),
  (2078, 57),
  (2078, 63),
  (2078, 70),
  (2078, 74),
  (2079, 75),
  (2080, 50),
  (2080, 53),
  (2080, 57),
  (2080, 63),
  (2080, 70),
  (2080, 74),
  (2080, 75),
  (2081, 91),
  (2082, 102),
  (2083, 91),
  (2083, 102),
  (2084, 103),
  (2085, 91),
  (2085, 102),
  (2085, 103),
  (2086, 106),
  (2087, 91),
  (2087, 102),
  (2087, 103),
  (2087, 106),
  (2088, 112),
  (2089, 91),
  (2089, 102),
  (2089, 103),
  (2089, 106),
  (2089, 112),
  (2090, 114),
  (2091, 91),
  (2091, 102),
  (2091, 103),
  (2091, 106),
  (2091, 112),
  (2091, 114),
  (2092, 116),
  (2093, 91),
  (2093, 102),
  (2093, 103),
  (2093, 106),
  (2093, 112),
  (2093, 114),
  (2093, 116),
  (2094, 185),
  (2095, 199),
  (2096, 185),
  (2096, 199),
  (2097, 200),
  (2098, 185),
  (2098, 199),
  (2098, 200),
  (2099, 206),
  (2100, 185),
  (2100, 199),
  (2100, 200),
  (2100, 206),
  (2101, 221),
  (2102, 185),
  (2102, 199),
  (2102, 200),
  (2102, 206),
  (2102, 221),
  (2103, 229),
  (2104, 185),
  (2104, 199),
  (2104, 200),
  (2104, 206),
  (2104, 221),
  (2104, 229),
  (2105, 240),
  (2106, 185),
  (2106, 199),
  (2106, 200),
  (2106, 206),
  (2106, 221),
  (2106, 229),
  (2106, 240),
  (2107, 135),
  (2108, 137),
  (2109, 135),
  (2109, 137),
  (2110, 144),
  (2111, 135),
  (2111, 137),
  (2111, 144),
  (2112, 158),
  (2113, 135),
  (2113, 137),
  (2113, 144),
  (2113, 158),
  (2114, 163),
  (2115, 135),
  (2115, 137),
  (2115, 144),
  (2115, 158),
  (2115, 163),
  (2116, 166),
  (2117, 135),
  (2117, 137),
  (2117, 144),
  (2117, 158),
  (2117, 163),
  (2117, 166),
  (2118, 170),
  (2119, 135),
  (2119, 137),
  (2119, 144),
  (2119, 158),
  (2119, 163),
  (2119, 166),
  (2119, 170),
  (2120, 7),
  (2121, 9),
  (2122, 7),
  (2122, 9),
  (2123, 15),
  (2124, 7),
  (2124, 9),
  (2124, 15),
  (2125, 16),
  (2126, 7),
  (2126, 9),
  (2126, 15),
  (2126, 16),
  (2127, 20),
  (2128, 7),
  (2128, 9),
  (2128, 15),
  (2128, 16),
  (2128, 20),
  (2129, 30),
  (2130, 7),
  (2130, 9),
  (2130, 15),
  (2130, 16),
  (2130, 20),
  (2130, 30),
  (2131, 38),
  (2132, 7),
  (2132, 9),
  (2132, 15),
  (2132, 16),
  (2132, 20),
  (2132, 30),
  (2132, 38),
  (2133, 50),
  (2134, 53),
  (2135, 50),
  (2135, 53),
  (2136, 57),
  (2137, 50),
  (2137, 53),
  (2137, 57),
  (2138, 63),
  (2139, 50),
  (2139, 53),
  (2139, 57),
  (2139, 63),
  (2140, 70),
  (2141, 50),
  (2141, 53),
  (2141, 57),
  (2141, 63),
  (2141, 70),
  (2142, 74),
  (2143, 50),
  (2143, 53),
  (2143, 57),
  (2143, 63),
  (2143, 70),
  (2143, 74),
  (2144, 75),
  (2145, 50),
  (2145, 53),
  (2145, 57),
  (2145, 63),
  (2145, 70),
  (2145, 74),
  (2145, 75),
  (2146, 91),
  (2147, 102),
  (2148, 91),
  (2148, 102),
  (2149, 103),
  (2150, 91),
  (2150, 102),
  (2150, 103),
  (2151, 106),
  (2152, 91),
  (2152, 102),
  (2152, 103),
  (2152, 106),
  (2153, 112),
  (2154, 91),
  (2154, 102),
  (2154, 103),
  (2154, 106),
  (2154, 112),
  (2155, 114),
  (2156, 91),
  (2156, 102),
  (2156, 103),
  (2156, 106),
  (2156, 112),
  (2156, 114),
  (2157, 116),
  (2158, 91),
  (2158, 102),
  (2158, 103),
  (2158, 106),
  (2158, 112),
  (2158, 114),
  (2158, 116),
  (2159, 185),
  (2160, 199),
  (2161, 185),
  (2161, 199),
  (2162, 200),
  (2163, 185),
  (2163, 199),
  (2163, 200),
  (2164, 206),
  (2165, 185),
  (2165, 199),
  (2165, 200),
  (2165, 206),
  (2166, 221),
  (2167, 185),
  (2167, 199),
  (2167, 200),
  (2167, 206),
  (2167, 221),
  (2168, 229),
  (2169, 185),
  (2169, 199),
  (2169, 200),
  (2169, 206),
  (2169, 221),
  (2169, 229),
  (2170, 240),
  (2171, 185),
  (2171, 199),
  (2171, 200),
  (2171, 206),
  (2171, 221),
  (2171, 229),
  (2171, 240),
  (2172, 135),
  (2173, 137),
  (2174, 135),
  (2174, 137),
  (2175, 144),
  (2176, 135),
  (2176, 137),
  (2176, 144),
  (2177, 158),
  (2178, 135),
  (2178, 137),
  (2178, 144),
  (2178, 158),
  (2179, 163),
  (2180, 135),
  (2180, 137),
  (2180, 144),
  (2180, 158),
  (2180, 163),
  (2181, 166),
  (2182, 135),
  (2182, 137),
  (2182, 144),
  (2182, 158),
  (2182, 163),
  (2182, 166),
  (2183, 170),
  (2184, 135),
  (2184, 137),
  (2184, 144),
  (2184, 158),
  (2184, 163),
  (2184, 166),
  (2184, 170),
  (2185, 9),
  (2186, 16),
  (2187, 9),
  (2187, 16),
  (2188, 53),
  (2189, 9),
  (2189, 16),
  (2189, 53),
  (2190, 70),
  (2191, 9),
  (2191, 16),
  (2191, 53),
  (2191, 70),
  (2192, 75),
  (2193, 9),
  (2193, 16),
  (2193, 53),
  (2193, 70),
  (2193, 75),
  (2194, 135),
  (2195, 9),
  (2195, 16),
  (2195, 53),
  (2195, 70),
  (2195, 75),
  (2195, 135),
  (2196, 240),
  (2197, 9),
  (2197, 16),
  (2197, 53),
  (2197, 70),
  (2197, 75),
  (2197, 135),
  (2197, 240),
  (2198, 12),
  (2199, 28),
  (2200, 12),
  (2200, 28),
  (2201, 35),
  (2202, 12),
  (2202, 28),
  (2202, 35),
  (2203, 130),
  (2204, 12),
  (2204, 28),
  (2204, 35),
  (2204, 130),
  (2205, 152),
  (2206, 12),
  (2206, 28),
  (2206, 35),
  (2206, 130),
  (2206, 152),
  (2207, 175),
  (2208, 12),
  (2208, 28),
  (2208, 35),
  (2208, 130),
  (2208, 152),
  (2208, 175),
  (2209, 182),
  (2210, 12),
  (2210, 28),
  (2210, 35),
  (2210, 130),
  (2210, 152),
  (2210, 175),
  (2210, 182),
  (2653, 2),
  (2654, 21),
  (2655, 2),
  (2655, 21),
  (2656, 22),
  (2657, 2),
  (2657, 21),
  (2657, 22),
  (2658, 28),
  (2659, 2),
  (2659, 21),
  (2659, 22),
  (2659, 28),
  (2660, 37),
  (2661, 2),
  (2661, 21),
  (2661, 22),
  (2661, 28),
  (2661, 37),
  (2662, 39),
  (2663, 2),
  (2663, 21),
  (2663, 22),
  (2663, 28),
  (2663, 37),
  (2663, 39),
  (2664, 241),
  (2665, 2),
  (2665, 21),
  (2665, 22),
  (2665, 28),
  (2665, 37),
  (2665, 39),
  (2665, 241),
  (2666, 54),
  (2667, 55),
  (2668, 54),
  (2668, 55),
  (2669, 68),
  (2670, 54),
  (2670, 55),
  (2670, 68),
  (2671, 69),
  (2672, 54),
  (2672, 55),
  (2672, 68),
  (2672, 69),
  (2673, 72),
  (2674, 54),
  (2674, 55),
  (2674, 68),
  (2674, 69),
  (2674, 72),
  (2675, 79),
  (2676, 54),
  (2676, 55),
  (2676, 68),
  (2676, 69),
  (2676, 72),
  (2676, 79),
  (2677, 80),
  (2678, 54),
  (2678, 55),
  (2678, 68),
  (2678, 69),
  (2678, 72),
  (2678, 79),
  (2678, 80),
  (2679, 87),
  (2680, 99),
  (2681, 87),
  (2681, 99),
  (2682, 102),
  (2683, 87),
  (2683, 99),
  (2683, 102),
  (2684, 105),
  (2685, 87),
  (2685, 99),
  (2685, 102),
  (2685, 105),
  (2686, 106),
  (2687, 87),
  (2687, 99),
  (2687, 102),
  (2687, 105),
  (2687, 106),
  (2688, 118),
  (2689, 87),
  (2689, 99),
  (2689, 102),
  (2689, 105),
  (2689, 106),
  (2689, 118),
  (2690, 120),
  (2691, 87),
  (2691, 99),
  (2691, 102),
  (2691, 105),
  (2691, 106),
  (2691, 118),
  (2691, 120),
  (2692, 187),
  (2693, 192),
  (2694, 187),
  (2694, 192),
  (2695, 193),
  (2696, 187),
  (2696, 192),
  (2696, 193),
  (2697, 201),
  (2698, 187),
  (2698, 192),
  (2698, 193),
  (2698, 201),
  (2699, 204),
  (2700, 187),
  (2700, 192),
  (2700, 193),
  (2700, 201),
  (2700, 204),
  (2701, 209),
  (2702, 187),
  (2702, 192),
  (2702, 193),
  (2702, 201),
  (2702, 204),
  (2702, 209),
  (2703, 240),
  (2704, 187),
  (2704, 192),
  (2704, 193),
  (2704, 201),
  (2704, 204),
  (2704, 209),
  (2704, 240),
  (2705, 134),
  (2706, 139),
  (2707, 134),
  (2707, 139),
  (2708, 144),
  (2709, 134),
  (2709, 139),
  (2709, 144),
  (2710, 148),
  (2711, 134),
  (2711, 139),
  (2711, 144),
  (2711, 148),
  (2712, 149),
  (2713, 134),
  (2713, 139),
  (2713, 144),
  (2713, 148),
  (2713, 149),
  (2714, 155),
  (2715, 134),
  (2715, 139),
  (2715, 144),
  (2715, 148),
  (2715, 149),
  (2715, 155),
  (2716, 164),
  (2717, 134),
  (2717, 139),
  (2717, 144),
  (2717, 148),
  (2717, 149),
  (2717, 155),
  (2717, 164),
  (2718, 2),
  (2719, 21),
  (2720, 2),
  (2720, 21),
  (2721, 22),
  (2722, 2),
  (2722, 21),
  (2722, 22),
  (2723, 28),
  (2724, 2),
  (2724, 21),
  (2724, 22),
  (2724, 28),
  (2725, 37),
  (2726, 2),
  (2726, 21),
  (2726, 22),
  (2726, 28),
  (2726, 37),
  (2727, 39),
  (2728, 2),
  (2728, 21),
  (2728, 22),
  (2728, 28),
  (2728, 37),
  (2728, 39),
  (2729, 241),
  (2730, 2),
  (2730, 21),
  (2730, 22),
  (2730, 28),
  (2730, 37),
  (2730, 39),
  (2730, 241),
  (2731, 54),
  (2732, 55),
  (2733, 54),
  (2733, 55),
  (2734, 68),
  (2735, 54),
  (2735, 55),
  (2735, 68),
  (2736, 69),
  (2737, 54),
  (2737, 55),
  (2737, 68),
  (2737, 69),
  (2738, 72),
  (2739, 54),
  (2739, 55),
  (2739, 68),
  (2739, 69),
  (2739, 72),
  (2740, 79),
  (2741, 54),
  (2741, 55),
  (2741, 68),
  (2741, 69),
  (2741, 72),
  (2741, 79),
  (2742, 80),
  (2743, 54),
  (2743, 55),
  (2743, 68),
  (2743, 69),
  (2743, 72),
  (2743, 79),
  (2743, 80),
  (2744, 87),
  (2745, 99),
  (2746, 87),
  (2746, 99),
  (2747, 102),
  (2748, 87),
  (2748, 99),
  (2748, 102),
  (2749, 105),
  (2750, 87),
  (2750, 99),
  (2750, 102),
  (2750, 105),
  (2751, 106),
  (2752, 87),
  (2752, 99),
  (2752, 102),
  (2752, 105),
  (2752, 106),
  (2753, 118),
  (2754, 87),
  (2754, 99),
  (2754, 102),
  (2754, 105),
  (2754, 106),
  (2754, 118),
  (2755, 120),
  (2756, 87),
  (2756, 99),
  (2756, 102),
  (2756, 105),
  (2756, 106),
  (2756, 118),
  (2756, 120),
  (2757, 187),
  (2758, 192),
  (2759, 187),
  (2759, 192),
  (2760, 193),
  (2761, 187),
  (2761, 192),
  (2761, 193),
  (2762, 201),
  (2763, 187),
  (2763, 192),
  (2763, 193),
  (2763, 201),
  (2764, 204),
  (2765, 187),
  (2765, 192),
  (2765, 193),
  (2765, 201),
  (2765, 204),
  (2766, 209),
  (2767, 187),
  (2767, 192),
  (2767, 193),
  (2767, 201),
  (2767, 204),
  (2767, 209),
  (2768, 240),
  (2769, 187),
  (2769, 192),
  (2769, 193),
  (2769, 201),
  (2769, 204),
  (2769, 209),
  (2769, 240),
  (2770, 134),
  (2771, 139),
  (2772, 134),
  (2772, 139),
  (2773, 144),
  (2774, 134),
  (2774, 139),
  (2774, 144),
  (2775, 148),
  (2776, 134),
  (2776, 139),
  (2776, 144),
  (2776, 148),
  (2777, 149),
  (2778, 134),
  (2778, 139),
  (2778, 144),
  (2778, 148),
  (2778, 149),
  (2779, 155),
  (2780, 134),
  (2780, 139),
  (2780, 144),
  (2780, 148),
  (2780, 149),
  (2780, 155),
  (2781, 164),
  (2782, 134),
  (2782, 139),
  (2782, 144),
  (2782, 148),
  (2782, 149),
  (2782, 155),
  (2782, 164),
  (2783, 2),
  (2784, 21),
  (2785, 2),
  (2785, 21),
  (2786, 22),
  (2787, 2),
  (2787, 21),
  (2787, 22),
  (2788, 28),
  (2789, 2),
  (2789, 21),
  (2789, 22),
  (2789, 28),
  (2790, 37),
  (2791, 2),
  (2791, 21),
  (2791, 22),
  (2791, 28),
  (2791, 37),
  (2792, 39),
  (2793, 2),
  (2793, 21),
  (2793, 22),
  (2793, 28),
  (2793, 37),
  (2793, 39),
  (2794, 241),
  (2795, 2),
  (2795, 21),
  (2795, 22),
  (2795, 28),
  (2795, 37),
  (2795, 39),
  (2795, 241),
  (2796, 54),
  (2797, 55),
  (2798, 54),
  (2798, 55),
  (2799, 68),
  (2800, 54),
  (2800, 55),
  (2800, 68),
  (2801, 69),
  (2802, 54),
  (2802, 55),
  (2802, 68),
  (2802, 69),
  (2803, 72),
  (2804, 54),
  (2804, 55),
  (2804, 68),
  (2804, 69),
  (2804, 72),
  (2805, 79),
  (2806, 54),
  (2806, 55),
  (2806, 68),
  (2806, 69),
  (2806, 72),
  (2806, 79),
  (2807, 80),
  (2808, 54),
  (2808, 55),
  (2808, 68),
  (2808, 69),
  (2808, 72),
  (2808, 79),
  (2808, 80),
  (2809, 87),
  (2810, 99),
  (2811, 87),
  (2811, 99),
  (2812, 102),
  (2813, 87),
  (2813, 99),
  (2813, 102),
  (2814, 105),
  (2815, 87),
  (2815, 99),
  (2815, 102),
  (2815, 105),
  (2816, 106),
  (2817, 87),
  (2817, 99),
  (2817, 102),
  (2817, 105),
  (2817, 106),
  (2818, 118),
  (2819, 87),
  (2819, 99),
  (2819, 102),
  (2819, 105),
  (2819, 106),
  (2819, 118),
  (2820, 120),
  (2821, 87),
  (2821, 99),
  (2821, 102),
  (2821, 105),
  (2821, 106),
  (2821, 118),
  (2821, 120),
  (2822, 187),
  (2823, 192),
  (2824, 187),
  (2824, 192),
  (2825, 193),
  (2826, 187),
  (2826, 192),
  (2826, 193),
  (2827, 201),
  (2828, 187),
  (2828, 192),
  (2828, 193),
  (2828, 201),
  (2829, 204),
  (2830, 187),
  (2830, 192),
  (2830, 193),
  (2830, 201),
  (2830, 204),
  (2831, 209),
  (2832, 187),
  (2832, 192),
  (2832, 193),
  (2832, 201),
  (2832, 204),
  (2832, 209),
  (2833, 240),
  (2834, 187),
  (2834, 192),
  (2834, 193),
  (2834, 201),
  (2834, 204),
  (2834, 209),
  (2834, 240),
  (2835, 134),
  (2836, 139),
  (2837, 134),
  (2837, 139),
  (2838, 144),
  (2839, 134),
  (2839, 139),
  (2839, 144),
  (2840, 148),
  (2841, 134),
  (2841, 139),
  (2841, 144),
  (2841, 148),
  (2842, 149),
  (2843, 134),
  (2843, 139),
  (2843, 144),
  (2843, 148),
  (2843, 149),
  (2844, 155),
  (2845, 134),
  (2845, 139),
  (2845, 144),
  (2845, 148),
  (2845, 149),
  (2845, 155),
  (2846, 164),
  (2847, 134),
  (2847, 139),
  (2847, 144),
  (2847, 148),
  (2847, 149),
  (2847, 155),
  (2847, 164),
  (2848, 2),
  (2849, 55),
  (2850, 2),
  (2850, 55),
  (2851, 87),
  (2852, 2),
  (2852, 55),
  (2852, 87),
  (2853, 105),
  (2854, 2),
  (2854, 55),
  (2854, 87),
  (2854, 105),
  (2855, 164),
  (2856, 2),
  (2856, 55),
  (2856, 87),
  (2856, 105),
  (2856, 164),
  (2857, 187),
  (2858, 2),
  (2858, 55),
  (2858, 87),
  (2858, 105),
  (2858, 164),
  (2858, 187),
  (2859, 209),
  (2860, 2),
  (2860, 55),
  (2860, 87),
  (2860, 105),
  (2860, 164),
  (2860, 187),
  (2860, 209),
  (2861, 25),
  (2862, 116),
  (2863, 25),
  (2863, 116),
  (2864, 124),
  (2865, 25),
  (2865, 116),
  (2865, 124),
  (2866, 177),
  (2867, 25),
  (2867, 116),
  (2867, 124),
  (2867, 177),
  (2868, 191),
  (2869, 25),
  (2869, 116),
  (2869, 124),
  (2869, 177),
  (2869, 191),
  (2870, 200),
  (2871, 25),
  (2871, 116),
  (2871, 124),
  (2871, 177),
  (2871, 191),
  (2871, 200),
  (2872, 222),
  (2873, 25),
  (2873, 116),
  (2873, 124),
  (2873, 177),
  (2873, 191),
  (2873, 200),
  (2873, 222),
  (2874, 3),
  (2875, 5),
  (2876, 3),
  (2876, 5),
  (2877, 9),
  (2878, 3),
  (2878, 5),
  (2878, 9),
  (2879, 16),
  (2880, 3),
  (2880, 5),
  (2880, 9),
  (2880, 16),
  (2881, 19),
  (2882, 3),
  (2882, 5),
  (2882, 9),
  (2882, 16),
  (2882, 19),
  (2883, 24),
  (2884, 3),
  (2884, 5),
  (2884, 9),
  (2884, 16),
  (2884, 19),
  (2884, 24),
  (2885, 26),
  (2886, 3),
  (2886, 5),
  (2886, 9),
  (2886, 16),
  (2886, 19),
  (2886, 24),
  (2886, 26),
  (2887, 46),
  (2888, 50),
  (2889, 46),
  (2889, 50),
  (2890, 55),
  (2891, 46),
  (2891, 50),
  (2891, 55),
  (2892, 56),
  (2893, 46),
  (2893, 50),
  (2893, 55),
  (2893, 56),
  (2894, 61),
  (2895, 46),
  (2895, 50),
  (2895, 55),
  (2895, 56),
  (2895, 61),
  (2896, 62),
  (2897, 46),
  (2897, 50),
  (2897, 55),
  (2897, 56),
  (2897, 61),
  (2897, 62),
  (2898, 76),
  (2899, 46),
  (2899, 50),
  (2899, 55),
  (2899, 56),
  (2899, 61),
  (2899, 62),
  (2899, 76),
  (2900, 101),
  (2901, 103),
  (2902, 101),
  (2902, 103),
  (2903, 104),
  (2904, 101),
  (2904, 103),
  (2904, 104),
  (2905, 106),
  (2906, 101),
  (2906, 103),
  (2906, 104),
  (2906, 106),
  (2907, 112),
  (2908, 101),
  (2908, 103),
  (2908, 104),
  (2908, 106),
  (2908, 112),
  (2909, 119),
  (2910, 101),
  (2910, 103),
  (2910, 104),
  (2910, 106),
  (2910, 112),
  (2910, 119),
  (2911, 120),
  (2912, 101),
  (2912, 103),
  (2912, 104),
  (2912, 106),
  (2912, 112),
  (2912, 119),
  (2912, 120),
  (2913, 188),
  (2914, 189),
  (2915, 188),
  (2915, 189),
  (2916, 208),
  (2917, 188),
  (2917, 189),
  (2917, 208),
  (2918, 211),
  (2919, 188),
  (2919, 189),
  (2919, 208),
  (2919, 211),
  (2920, 218),
  (2921, 188),
  (2921, 189),
  (2921, 208),
  (2921, 211),
  (2921, 218),
  (2922, 220),
  (2923, 188),
  (2923, 189),
  (2923, 208),
  (2923, 211),
  (2923, 218),
  (2923, 220),
  (2924, 232),
  (2925, 188),
  (2925, 189),
  (2925, 208),
  (2925, 211),
  (2925, 218),
  (2925, 220),
  (2925, 232),
  (2926, 143),
  (2927, 148),
  (2928, 143),
  (2928, 148),
  (2929, 150),
  (2930, 143),
  (2930, 148),
  (2930, 150),
  (2931, 156),
  (2932, 143),
  (2932, 148),
  (2932, 150),
  (2932, 156),
  (2933, 160),
  (2934, 143),
  (2934, 148),
  (2934, 150),
  (2934, 156),
  (2934, 160),
  (2935, 166),
  (2936, 143),
  (2936, 148),
  (2936, 150),
  (2936, 156),
  (2936, 160),
  (2936, 166),
  (2937, 169),
  (2938, 143),
  (2938, 148),
  (2938, 150),
  (2938, 156),
  (2938, 160),
  (2938, 166),
  (2938, 169),
  (2939, 3),
  (2940, 5),
  (2941, 3),
  (2941, 5),
  (2942, 9),
  (2943, 3),
  (2943, 5),
  (2943, 9),
  (2944, 16),
  (2945, 3),
  (2945, 5),
  (2945, 9),
  (2945, 16),
  (2946, 19),
  (2947, 3),
  (2947, 5),
  (2947, 9),
  (2947, 16),
  (2947, 19),
  (2948, 24),
  (2949, 3),
  (2949, 5),
  (2949, 9),
  (2949, 16),
  (2949, 19),
  (2949, 24),
  (2950, 26),
  (2951, 3),
  (2951, 5),
  (2951, 9),
  (2951, 16),
  (2951, 19),
  (2951, 24),
  (2951, 26),
  (2952, 46),
  (2953, 50),
  (2954, 46),
  (2954, 50),
  (2955, 55),
  (2956, 46),
  (2956, 50),
  (2956, 55),
  (2957, 56),
  (2958, 46),
  (2958, 50),
  (2958, 55),
  (2958, 56),
  (2959, 61),
  (2960, 46),
  (2960, 50),
  (2960, 55),
  (2960, 56),
  (2960, 61),
  (2961, 62),
  (2962, 46),
  (2962, 50),
  (2962, 55),
  (2962, 56),
  (2962, 61),
  (2962, 62),
  (2963, 76),
  (2964, 46),
  (2964, 50),
  (2964, 55),
  (2964, 56),
  (2964, 61),
  (2964, 62),
  (2964, 76),
  (2965, 101),
  (2966, 103),
  (2967, 101),
  (2967, 103),
  (2968, 104),
  (2969, 101),
  (2969, 103),
  (2969, 104),
  (2970, 106),
  (2971, 101),
  (2971, 103),
  (2971, 104),
  (2971, 106),
  (2972, 112),
  (2973, 101),
  (2973, 103),
  (2973, 104),
  (2973, 106),
  (2973, 112),
  (2974, 119),
  (2975, 101),
  (2975, 103),
  (2975, 104),
  (2975, 106),
  (2975, 112),
  (2975, 119),
  (2976, 120),
  (2977, 101),
  (2977, 103),
  (2977, 104),
  (2977, 106),
  (2977, 112),
  (2977, 119),
  (2977, 120),
  (2978, 188),
  (2979, 189),
  (2980, 188),
  (2980, 189),
  (2981, 208),
  (2982, 188),
  (2982, 189),
  (2982, 208),
  (2983, 211),
  (2984, 188),
  (2984, 189),
  (2984, 208),
  (2984, 211),
  (2985, 218),
  (2986, 188),
  (2986, 189),
  (2986, 208),
  (2986, 211),
  (2986, 218),
  (2987, 220),
  (2988, 188),
  (2988, 189),
  (2988, 208),
  (2988, 211),
  (2988, 218),
  (2988, 220),
  (2989, 232),
  (2990, 188),
  (2990, 189),
  (2990, 208),
  (2990, 211),
  (2990, 218),
  (2990, 220),
  (2990, 232),
  (2991, 143),
  (2992, 148),
  (2993, 143),
  (2993, 148),
  (2994, 150),
  (2995, 143),
  (2995, 148),
  (2995, 150),
  (2996, 156),
  (2997, 143),
  (2997, 148),
  (2997, 150),
  (2997, 156),
  (2998, 160),
  (2999, 143),
  (2999, 148),
  (2999, 150),
  (2999, 156),
  (2999, 160),
  (3000, 166),
  (3001, 143),
  (3001, 148),
  (3001, 150),
  (3001, 156),
  (3001, 160),
  (3001, 166),
  (3002, 169),
  (3003, 143),
  (3003, 148),
  (3003, 150),
  (3003, 156),
  (3003, 160),
  (3003, 166),
  (3003, 169),
  (3004, 3),
  (3005, 5),
  (3006, 3),
  (3006, 5),
  (3007, 9),
  (3008, 3),
  (3008, 5),
  (3008, 9),
  (3009, 16),
  (3010, 3),
  (3010, 5),
  (3010, 9),
  (3010, 16),
  (3011, 19),
  (3012, 3),
  (3012, 5),
  (3012, 9),
  (3012, 16),
  (3012, 19),
  (3013, 24),
  (3014, 3),
  (3014, 5),
  (3014, 9),
  (3014, 16),
  (3014, 19),
  (3014, 24),
  (3015, 26),
  (3016, 3),
  (3016, 5),
  (3016, 9),
  (3016, 16),
  (3016, 19),
  (3016, 24),
  (3016, 26),
  (3017, 46),
  (3018, 50),
  (3019, 46),
  (3019, 50),
  (3020, 55),
  (3021, 46),
  (3021, 50),
  (3021, 55),
  (3022, 56),
  (3023, 46),
  (3023, 50),
  (3023, 55),
  (3023, 56),
  (3024, 61),
  (3025, 46),
  (3025, 50),
  (3025, 55),
  (3025, 56),
  (3025, 61),
  (3026, 62),
  (3027, 46),
  (3027, 50),
  (3027, 55),
  (3027, 56),
  (3027, 61),
  (3027, 62),
  (3028, 76),
  (3029, 46),
  (3029, 50),
  (3029, 55),
  (3029, 56),
  (3029, 61),
  (3029, 62),
  (3029, 76);
INSERT INTO `etape_multimedia` (`id_etape`, `id_multimedia`) VALUES
  (3030, 101),
  (3031, 103),
  (3032, 101),
  (3032, 103),
  (3033, 104),
  (3034, 101),
  (3034, 103),
  (3034, 104),
  (3035, 106),
  (3036, 101),
  (3036, 103),
  (3036, 104),
  (3036, 106),
  (3037, 112),
  (3038, 101),
  (3038, 103),
  (3038, 104),
  (3038, 106),
  (3038, 112),
  (3039, 119),
  (3040, 101),
  (3040, 103),
  (3040, 104),
  (3040, 106),
  (3040, 112),
  (3040, 119),
  (3041, 120),
  (3042, 101),
  (3042, 103),
  (3042, 104),
  (3042, 106),
  (3042, 112),
  (3042, 119),
  (3042, 120),
  (3043, 188),
  (3044, 189),
  (3045, 188),
  (3045, 189),
  (3046, 208),
  (3047, 188),
  (3047, 189),
  (3047, 208),
  (3048, 211),
  (3049, 188),
  (3049, 189),
  (3049, 208),
  (3049, 211),
  (3050, 218),
  (3051, 188),
  (3051, 189),
  (3051, 208),
  (3051, 211),
  (3051, 218),
  (3052, 220),
  (3053, 188),
  (3053, 189),
  (3053, 208),
  (3053, 211),
  (3053, 218),
  (3053, 220),
  (3054, 232),
  (3055, 188),
  (3055, 189),
  (3055, 208),
  (3055, 211),
  (3055, 218),
  (3055, 220),
  (3055, 232),
  (3056, 143),
  (3057, 148),
  (3058, 143),
  (3058, 148),
  (3059, 150),
  (3060, 143),
  (3060, 148),
  (3060, 150),
  (3061, 156),
  (3062, 143),
  (3062, 148),
  (3062, 150),
  (3062, 156),
  (3063, 160),
  (3064, 143),
  (3064, 148),
  (3064, 150),
  (3064, 156),
  (3064, 160),
  (3065, 166),
  (3066, 143),
  (3066, 148),
  (3066, 150),
  (3066, 156),
  (3066, 160),
  (3066, 166),
  (3067, 169),
  (3068, 143),
  (3068, 148),
  (3068, 150),
  (3068, 156),
  (3068, 160),
  (3068, 166),
  (3068, 169),
  (3069, 24),
  (3070, 61),
  (3071, 24),
  (3071, 61),
  (3072, 62),
  (3073, 24),
  (3073, 61),
  (3073, 62),
  (3074, 76),
  (3075, 24),
  (3075, 61),
  (3075, 62),
  (3075, 76),
  (3076, 119),
  (3077, 24),
  (3077, 61),
  (3077, 62),
  (3077, 76),
  (3077, 119),
  (3078, 143),
  (3079, 24),
  (3079, 61),
  (3079, 62),
  (3079, 76),
  (3079, 119),
  (3079, 143),
  (3080, 220),
  (3081, 24),
  (3081, 61),
  (3081, 62),
  (3081, 76),
  (3081, 119),
  (3081, 143),
  (3081, 220),
  (3082, 20),
  (3083, 88),
  (3084, 20),
  (3084, 88),
  (3085, 93),
  (3086, 20),
  (3086, 88),
  (3086, 93),
  (3087, 99),
  (3088, 20),
  (3088, 88),
  (3088, 93),
  (3088, 99),
  (3089, 196),
  (3090, 20),
  (3090, 88),
  (3090, 93),
  (3090, 99),
  (3090, 196),
  (3091, 204),
  (3092, 20),
  (3092, 88),
  (3092, 93),
  (3092, 99),
  (3092, 196),
  (3092, 204),
  (3093, 227),
  (3094, 20),
  (3094, 88),
  (3094, 93),
  (3094, 99),
  (3094, 196),
  (3094, 204),
  (3094, 227),
  (3095, 4),
  (3096, 7),
  (3097, 4),
  (3097, 7),
  (3098, 11),
  (3099, 4),
  (3099, 7),
  (3099, 11),
  (3100, 12),
  (3101, 4),
  (3101, 7),
  (3101, 11),
  (3101, 12),
  (3102, 14),
  (3103, 4),
  (3103, 7),
  (3103, 11),
  (3103, 12),
  (3103, 14),
  (3104, 17),
  (3105, 4),
  (3105, 7),
  (3105, 11),
  (3105, 12),
  (3105, 14),
  (3105, 17),
  (3106, 31),
  (3107, 4),
  (3107, 7),
  (3107, 11),
  (3107, 12),
  (3107, 14),
  (3107, 17),
  (3107, 31),
  (3108, 44),
  (3109, 59),
  (3110, 44),
  (3110, 59),
  (3111, 63),
  (3112, 44),
  (3112, 59),
  (3112, 63),
  (3113, 64),
  (3114, 44),
  (3114, 59),
  (3114, 63),
  (3114, 64),
  (3115, 70),
  (3116, 44),
  (3116, 59),
  (3116, 63),
  (3116, 64),
  (3116, 70),
  (3117, 74),
  (3118, 44),
  (3118, 59),
  (3118, 63),
  (3118, 64),
  (3118, 70),
  (3118, 74),
  (3119, 77),
  (3120, 44),
  (3120, 59),
  (3120, 63),
  (3120, 64),
  (3120, 70),
  (3120, 74),
  (3120, 77),
  (3121, 83),
  (3122, 92),
  (3123, 83),
  (3123, 92),
  (3124, 94),
  (3125, 83),
  (3125, 92),
  (3125, 94),
  (3126, 97),
  (3127, 83),
  (3127, 92),
  (3127, 94),
  (3127, 97),
  (3128, 105),
  (3129, 83),
  (3129, 92),
  (3129, 94),
  (3129, 97),
  (3129, 105),
  (3130, 108),
  (3131, 83),
  (3131, 92),
  (3131, 94),
  (3131, 97),
  (3131, 105),
  (3131, 108),
  (3132, 112),
  (3133, 83),
  (3133, 92),
  (3133, 94),
  (3133, 97),
  (3133, 105),
  (3133, 108),
  (3133, 112),
  (3134, 181),
  (3135, 182),
  (3136, 181),
  (3136, 182),
  (3137, 184),
  (3138, 181),
  (3138, 182),
  (3138, 184),
  (3139, 191),
  (3140, 181),
  (3140, 182),
  (3140, 184),
  (3140, 191),
  (3141, 221),
  (3142, 181),
  (3142, 182),
  (3142, 184),
  (3142, 191),
  (3142, 221),
  (3143, 223),
  (3144, 181),
  (3144, 182),
  (3144, 184),
  (3144, 191),
  (3144, 221),
  (3144, 223),
  (3145, 232),
  (3146, 181),
  (3146, 182),
  (3146, 184),
  (3146, 191),
  (3146, 221),
  (3146, 223),
  (3146, 232),
  (3147, 125),
  (3148, 126),
  (3149, 125),
  (3149, 126),
  (3150, 131),
  (3151, 125),
  (3151, 126),
  (3151, 131),
  (3152, 139),
  (3153, 125),
  (3153, 126),
  (3153, 131),
  (3153, 139),
  (3154, 142),
  (3155, 125),
  (3155, 126),
  (3155, 131),
  (3155, 139),
  (3155, 142),
  (3156, 156),
  (3157, 125),
  (3157, 126),
  (3157, 131),
  (3157, 139),
  (3157, 142),
  (3157, 156),
  (3158, 170),
  (3159, 125),
  (3159, 126),
  (3159, 131),
  (3159, 139),
  (3159, 142),
  (3159, 156),
  (3159, 170),
  (3160, 4),
  (3161, 7),
  (3162, 4),
  (3162, 7),
  (3163, 11),
  (3164, 4),
  (3164, 7),
  (3164, 11),
  (3165, 12),
  (3166, 4),
  (3166, 7),
  (3166, 11),
  (3166, 12),
  (3167, 14),
  (3168, 4),
  (3168, 7),
  (3168, 11),
  (3168, 12),
  (3168, 14),
  (3169, 17),
  (3170, 4),
  (3170, 7),
  (3170, 11),
  (3170, 12),
  (3170, 14),
  (3170, 17),
  (3171, 31),
  (3172, 4),
  (3172, 7),
  (3172, 11),
  (3172, 12),
  (3172, 14),
  (3172, 17),
  (3172, 31),
  (3173, 44),
  (3174, 59),
  (3175, 44),
  (3175, 59),
  (3176, 63),
  (3177, 44),
  (3177, 59),
  (3177, 63),
  (3178, 64),
  (3179, 44),
  (3179, 59),
  (3179, 63),
  (3179, 64),
  (3180, 70),
  (3181, 44),
  (3181, 59),
  (3181, 63),
  (3181, 64),
  (3181, 70),
  (3182, 74),
  (3183, 44),
  (3183, 59),
  (3183, 63),
  (3183, 64),
  (3183, 70),
  (3183, 74),
  (3184, 77),
  (3185, 44),
  (3185, 59),
  (3185, 63),
  (3185, 64),
  (3185, 70),
  (3185, 74),
  (3185, 77),
  (3186, 83),
  (3187, 92),
  (3188, 83),
  (3188, 92),
  (3189, 94),
  (3190, 83),
  (3190, 92),
  (3190, 94),
  (3191, 97),
  (3192, 83),
  (3192, 92),
  (3192, 94),
  (3192, 97),
  (3193, 105),
  (3194, 83),
  (3194, 92),
  (3194, 94),
  (3194, 97),
  (3194, 105),
  (3195, 108),
  (3196, 83),
  (3196, 92),
  (3196, 94),
  (3196, 97),
  (3196, 105),
  (3196, 108),
  (3197, 112),
  (3198, 83),
  (3198, 92),
  (3198, 94),
  (3198, 97),
  (3198, 105),
  (3198, 108),
  (3198, 112),
  (3199, 181),
  (3200, 182),
  (3201, 181),
  (3201, 182),
  (3202, 184),
  (3203, 181),
  (3203, 182),
  (3203, 184),
  (3204, 191),
  (3205, 181),
  (3205, 182),
  (3205, 184),
  (3205, 191),
  (3206, 221),
  (3207, 181),
  (3207, 182),
  (3207, 184),
  (3207, 191),
  (3207, 221),
  (3208, 223),
  (3209, 181),
  (3209, 182),
  (3209, 184),
  (3209, 191),
  (3209, 221),
  (3209, 223),
  (3210, 232),
  (3211, 181),
  (3211, 182),
  (3211, 184),
  (3211, 191),
  (3211, 221),
  (3211, 223),
  (3211, 232),
  (3212, 125),
  (3213, 126),
  (3214, 125),
  (3214, 126),
  (3215, 131),
  (3216, 125),
  (3216, 126),
  (3216, 131),
  (3217, 139),
  (3218, 125),
  (3218, 126),
  (3218, 131),
  (3218, 139),
  (3219, 142),
  (3220, 125),
  (3220, 126),
  (3220, 131),
  (3220, 139),
  (3220, 142),
  (3221, 156),
  (3222, 125),
  (3222, 126),
  (3222, 131),
  (3222, 139),
  (3222, 142),
  (3222, 156),
  (3223, 170),
  (3224, 125),
  (3224, 126),
  (3224, 131),
  (3224, 139),
  (3224, 142),
  (3224, 156),
  (3224, 170),
  (3225, 4),
  (3226, 7),
  (3227, 4),
  (3227, 7),
  (3228, 11),
  (3229, 4),
  (3229, 7),
  (3229, 11),
  (3230, 12),
  (3231, 4),
  (3231, 7),
  (3231, 11),
  (3231, 12),
  (3232, 14),
  (3233, 4),
  (3233, 7),
  (3233, 11),
  (3233, 12),
  (3233, 14),
  (3234, 17),
  (3235, 4),
  (3235, 7),
  (3235, 11),
  (3235, 12),
  (3235, 14),
  (3235, 17),
  (3236, 31),
  (3237, 4),
  (3237, 7),
  (3237, 11),
  (3237, 12),
  (3237, 14),
  (3237, 17),
  (3237, 31),
  (3238, 44),
  (3239, 59),
  (3240, 44),
  (3240, 59),
  (3241, 63),
  (3242, 44),
  (3242, 59),
  (3242, 63),
  (3243, 64),
  (3244, 44),
  (3244, 59),
  (3244, 63),
  (3244, 64),
  (3245, 70),
  (3246, 44),
  (3246, 59),
  (3246, 63),
  (3246, 64),
  (3246, 70),
  (3247, 74),
  (3248, 44),
  (3248, 59),
  (3248, 63),
  (3248, 64),
  (3248, 70),
  (3248, 74),
  (3249, 77),
  (3250, 44),
  (3250, 59),
  (3250, 63),
  (3250, 64),
  (3250, 70),
  (3250, 74),
  (3250, 77),
  (3251, 83),
  (3252, 92),
  (3253, 83),
  (3253, 92),
  (3254, 94),
  (3255, 83),
  (3255, 92),
  (3255, 94),
  (3256, 97),
  (3257, 83),
  (3257, 92),
  (3257, 94),
  (3257, 97),
  (3258, 105),
  (3259, 83),
  (3259, 92),
  (3259, 94),
  (3259, 97),
  (3259, 105),
  (3260, 108),
  (3261, 83),
  (3261, 92),
  (3261, 94),
  (3261, 97),
  (3261, 105),
  (3261, 108),
  (3262, 112),
  (3263, 83),
  (3263, 92),
  (3263, 94),
  (3263, 97),
  (3263, 105),
  (3263, 108),
  (3263, 112),
  (3264, 181),
  (3265, 182),
  (3266, 181),
  (3266, 182),
  (3267, 184),
  (3268, 181),
  (3268, 182),
  (3268, 184),
  (3269, 191),
  (3270, 181),
  (3270, 182),
  (3270, 184),
  (3270, 191),
  (3271, 221),
  (3272, 181),
  (3272, 182),
  (3272, 184),
  (3272, 191),
  (3272, 221),
  (3273, 223),
  (3274, 181),
  (3274, 182),
  (3274, 184),
  (3274, 191),
  (3274, 221),
  (3274, 223),
  (3275, 232),
  (3276, 181),
  (3276, 182),
  (3276, 184),
  (3276, 191),
  (3276, 221),
  (3276, 223),
  (3276, 232),
  (3277, 125),
  (3278, 126),
  (3279, 125),
  (3279, 126),
  (3280, 131),
  (3281, 125),
  (3281, 126),
  (3281, 131),
  (3282, 139),
  (3283, 125),
  (3283, 126),
  (3283, 131),
  (3283, 139),
  (3284, 142),
  (3285, 125),
  (3285, 126),
  (3285, 131),
  (3285, 139),
  (3285, 142),
  (3286, 156),
  (3287, 125),
  (3287, 126),
  (3287, 131),
  (3287, 139),
  (3287, 142),
  (3287, 156),
  (3288, 170),
  (3289, 125),
  (3289, 126),
  (3289, 131),
  (3289, 139),
  (3289, 142),
  (3289, 156),
  (3289, 170),
  (3290, 17),
  (3291, 31),
  (3292, 17),
  (3292, 31),
  (3293, 44),
  (3294, 17),
  (3294, 31),
  (3294, 44),
  (3295, 77),
  (3296, 17),
  (3296, 31),
  (3296, 44),
  (3296, 77),
  (3297, 83),
  (3298, 17),
  (3298, 31),
  (3298, 44),
  (3298, 77),
  (3298, 83),
  (3299, 108),
  (3300, 17),
  (3300, 31),
  (3300, 44),
  (3300, 77),
  (3300, 83),
  (3300, 108),
  (3301, 170),
  (3302, 17),
  (3302, 31),
  (3302, 44),
  (3302, 77),
  (3302, 83),
  (3302, 108),
  (3302, 170),
  (3303, 22),
  (3304, 35),
  (3305, 22),
  (3305, 35),
  (3306, 41),
  (3307, 22),
  (3307, 35),
  (3307, 41),
  (3308, 56),
  (3309, 22),
  (3309, 35),
  (3309, 41),
  (3309, 56),
  (3310, 103),
  (3311, 22),
  (3311, 35),
  (3311, 41),
  (3311, 56),
  (3311, 103),
  (3312, 116),
  (3313, 22),
  (3313, 35),
  (3313, 41),
  (3313, 56),
  (3313, 103),
  (3313, 116),
  (3314, 210),
  (3315, 22),
  (3315, 35),
  (3315, 41),
  (3315, 56),
  (3315, 103),
  (3315, 116),
  (3315, 210),
  (3316, 22),
  (3317, 24),
  (3318, 22),
  (3318, 24),
  (3319, 30),
  (3320, 22),
  (3320, 24),
  (3320, 30),
  (3321, 31),
  (3322, 22),
  (3322, 24),
  (3322, 30),
  (3322, 31),
  (3323, 34),
  (3324, 22),
  (3324, 24),
  (3324, 30),
  (3324, 31),
  (3324, 34),
  (3325, 37),
  (3326, 22),
  (3326, 24),
  (3326, 30),
  (3326, 31),
  (3326, 34),
  (3326, 37),
  (3327, 38),
  (3328, 22),
  (3328, 24),
  (3328, 30),
  (3328, 31),
  (3328, 34),
  (3328, 37),
  (3328, 38),
  (3329, 41),
  (3330, 44),
  (3331, 41),
  (3331, 44),
  (3332, 53),
  (3333, 41),
  (3333, 44),
  (3333, 53),
  (3334, 59),
  (3335, 41),
  (3335, 44),
  (3335, 53),
  (3335, 59),
  (3336, 61),
  (3337, 41),
  (3337, 44),
  (3337, 53),
  (3337, 59),
  (3337, 61),
  (3338, 65),
  (3339, 41),
  (3339, 44),
  (3339, 53),
  (3339, 59),
  (3339, 61),
  (3339, 65),
  (3340, 67),
  (3341, 41),
  (3341, 44),
  (3341, 53),
  (3341, 59),
  (3341, 61),
  (3341, 65),
  (3341, 67),
  (3342, 81),
  (3343, 82),
  (3344, 81),
  (3344, 82),
  (3345, 84),
  (3346, 81),
  (3346, 82),
  (3346, 84),
  (3347, 90),
  (3348, 81),
  (3348, 82),
  (3348, 84),
  (3348, 90),
  (3349, 93),
  (3350, 81),
  (3350, 82),
  (3350, 84),
  (3350, 90),
  (3350, 93),
  (3351, 95),
  (3352, 81),
  (3352, 82),
  (3352, 84),
  (3352, 90),
  (3352, 93),
  (3352, 95),
  (3353, 112),
  (3354, 81),
  (3354, 82),
  (3354, 84),
  (3354, 90),
  (3354, 93),
  (3354, 95),
  (3354, 112),
  (3355, 187),
  (3356, 195),
  (3357, 187),
  (3357, 195),
  (3358, 214),
  (3359, 187),
  (3359, 195),
  (3359, 214),
  (3360, 218),
  (3361, 187),
  (3361, 195),
  (3361, 214),
  (3361, 218),
  (3362, 220),
  (3363, 187),
  (3363, 195),
  (3363, 214),
  (3363, 218),
  (3363, 220),
  (3364, 230),
  (3365, 187),
  (3365, 195),
  (3365, 214),
  (3365, 218),
  (3365, 220),
  (3365, 230),
  (3366, 235),
  (3367, 187),
  (3367, 195),
  (3367, 214),
  (3367, 218),
  (3367, 220),
  (3367, 230),
  (3367, 235),
  (3368, 122),
  (3369, 133),
  (3370, 122),
  (3370, 133),
  (3371, 138),
  (3372, 122),
  (3372, 133),
  (3372, 138),
  (3373, 142),
  (3374, 122),
  (3374, 133),
  (3374, 138),
  (3374, 142),
  (3375, 155),
  (3376, 122),
  (3376, 133),
  (3376, 138),
  (3376, 142),
  (3376, 155),
  (3377, 168),
  (3378, 122),
  (3378, 133),
  (3378, 138),
  (3378, 142),
  (3378, 155),
  (3378, 168),
  (3379, 172),
  (3380, 122),
  (3380, 133),
  (3380, 138),
  (3380, 142),
  (3380, 155),
  (3380, 168),
  (3380, 172),
  (3381, 22),
  (3382, 24),
  (3383, 22),
  (3383, 24),
  (3384, 30),
  (3385, 22),
  (3385, 24),
  (3385, 30),
  (3386, 31),
  (3387, 22),
  (3387, 24),
  (3387, 30),
  (3387, 31),
  (3388, 34),
  (3389, 22),
  (3389, 24),
  (3389, 30),
  (3389, 31),
  (3389, 34),
  (3390, 37),
  (3391, 22),
  (3391, 24),
  (3391, 30),
  (3391, 31),
  (3391, 34),
  (3391, 37),
  (3392, 38),
  (3393, 22),
  (3393, 24),
  (3393, 30),
  (3393, 31),
  (3393, 34),
  (3393, 37),
  (3393, 38),
  (3394, 41),
  (3395, 44),
  (3396, 41),
  (3396, 44),
  (3397, 53),
  (3398, 41),
  (3398, 44),
  (3398, 53),
  (3399, 59),
  (3400, 41),
  (3400, 44),
  (3400, 53),
  (3400, 59),
  (3401, 61),
  (3402, 41),
  (3402, 44),
  (3402, 53),
  (3402, 59),
  (3402, 61),
  (3403, 65),
  (3404, 41),
  (3404, 44),
  (3404, 53),
  (3404, 59),
  (3404, 61),
  (3404, 65),
  (3405, 67),
  (3406, 41),
  (3406, 44),
  (3406, 53),
  (3406, 59),
  (3406, 61),
  (3406, 65),
  (3406, 67),
  (3407, 81),
  (3408, 82),
  (3409, 81),
  (3409, 82),
  (3410, 84),
  (3411, 81),
  (3411, 82),
  (3411, 84),
  (3412, 90),
  (3413, 81),
  (3413, 82),
  (3413, 84),
  (3413, 90),
  (3414, 93),
  (3415, 81),
  (3415, 82),
  (3415, 84),
  (3415, 90),
  (3415, 93),
  (3416, 95),
  (3417, 81),
  (3417, 82),
  (3417, 84),
  (3417, 90),
  (3417, 93),
  (3417, 95),
  (3418, 112),
  (3419, 81),
  (3419, 82),
  (3419, 84),
  (3419, 90),
  (3419, 93),
  (3419, 95),
  (3419, 112),
  (3420, 187),
  (3421, 195),
  (3422, 187),
  (3422, 195),
  (3423, 214),
  (3424, 187),
  (3424, 195),
  (3424, 214),
  (3425, 218),
  (3426, 187),
  (3426, 195),
  (3426, 214),
  (3426, 218),
  (3427, 220),
  (3428, 187),
  (3428, 195),
  (3428, 214),
  (3428, 218),
  (3428, 220),
  (3429, 230),
  (3430, 187),
  (3430, 195),
  (3430, 214),
  (3430, 218),
  (3430, 220),
  (3430, 230),
  (3431, 235),
  (3432, 187),
  (3432, 195),
  (3432, 214),
  (3432, 218),
  (3432, 220),
  (3432, 230),
  (3432, 235),
  (3433, 122),
  (3434, 133),
  (3435, 122),
  (3435, 133),
  (3436, 138),
  (3437, 122),
  (3437, 133),
  (3437, 138),
  (3438, 142),
  (3439, 122),
  (3439, 133),
  (3439, 138),
  (3439, 142),
  (3440, 155),
  (3441, 122),
  (3441, 133),
  (3441, 138),
  (3441, 142),
  (3441, 155),
  (3442, 168),
  (3443, 122),
  (3443, 133),
  (3443, 138),
  (3443, 142),
  (3443, 155),
  (3443, 168),
  (3444, 172),
  (3445, 122),
  (3445, 133),
  (3445, 138),
  (3445, 142),
  (3445, 155),
  (3445, 168),
  (3445, 172),
  (3446, 22),
  (3447, 24),
  (3448, 22),
  (3448, 24),
  (3449, 30),
  (3450, 22),
  (3450, 24),
  (3450, 30),
  (3451, 31),
  (3452, 22),
  (3452, 24),
  (3452, 30),
  (3452, 31),
  (3453, 34),
  (3454, 22),
  (3454, 24),
  (3454, 30),
  (3454, 31),
  (3454, 34),
  (3455, 37),
  (3456, 22),
  (3456, 24),
  (3456, 30),
  (3456, 31),
  (3456, 34),
  (3456, 37),
  (3457, 38),
  (3458, 22),
  (3458, 24),
  (3458, 30),
  (3458, 31),
  (3458, 34),
  (3458, 37),
  (3458, 38),
  (3459, 41),
  (3460, 44),
  (3461, 41),
  (3461, 44),
  (3462, 53),
  (3463, 41),
  (3463, 44),
  (3463, 53),
  (3464, 59),
  (3465, 41),
  (3465, 44),
  (3465, 53),
  (3465, 59),
  (3466, 61),
  (3467, 41),
  (3467, 44),
  (3467, 53),
  (3467, 59),
  (3467, 61),
  (3468, 65),
  (3469, 41),
  (3469, 44),
  (3469, 53),
  (3469, 59),
  (3469, 61),
  (3469, 65),
  (3470, 67),
  (3471, 41),
  (3471, 44),
  (3471, 53),
  (3471, 59),
  (3471, 61),
  (3471, 65),
  (3471, 67),
  (3472, 81),
  (3473, 82),
  (3474, 81),
  (3474, 82),
  (3475, 84),
  (3476, 81),
  (3476, 82),
  (3476, 84),
  (3477, 90),
  (3478, 81),
  (3478, 82),
  (3478, 84),
  (3478, 90),
  (3479, 93),
  (3480, 81),
  (3480, 82),
  (3480, 84),
  (3480, 90),
  (3480, 93),
  (3481, 95),
  (3482, 81),
  (3482, 82),
  (3482, 84),
  (3482, 90),
  (3482, 93),
  (3482, 95),
  (3483, 112),
  (3484, 81),
  (3484, 82),
  (3484, 84),
  (3484, 90),
  (3484, 93),
  (3484, 95),
  (3484, 112),
  (3485, 187),
  (3486, 195),
  (3487, 187),
  (3487, 195),
  (3488, 214),
  (3489, 187),
  (3489, 195),
  (3489, 214),
  (3490, 218),
  (3491, 187),
  (3491, 195),
  (3491, 214),
  (3491, 218),
  (3492, 220),
  (3493, 187),
  (3493, 195),
  (3493, 214),
  (3493, 218),
  (3493, 220),
  (3494, 230),
  (3495, 187),
  (3495, 195),
  (3495, 214),
  (3495, 218),
  (3495, 220),
  (3495, 230),
  (3496, 235),
  (3497, 187),
  (3497, 195),
  (3497, 214),
  (3497, 218),
  (3497, 220),
  (3497, 230),
  (3497, 235),
  (3498, 122),
  (3499, 133),
  (3500, 122),
  (3500, 133),
  (3501, 138),
  (3502, 122),
  (3502, 133),
  (3502, 138),
  (3503, 142),
  (3504, 122),
  (3504, 133),
  (3504, 138),
  (3504, 142),
  (3505, 155),
  (3506, 122),
  (3506, 133),
  (3506, 138),
  (3506, 142),
  (3506, 155),
  (3507, 168),
  (3508, 122),
  (3508, 133),
  (3508, 138),
  (3508, 142),
  (3508, 155),
  (3508, 168),
  (3509, 172),
  (3510, 122),
  (3510, 133),
  (3510, 138),
  (3510, 142),
  (3510, 155),
  (3510, 168),
  (3510, 172),
  (3511, 31),
  (3512, 65),
  (3513, 31),
  (3513, 65),
  (3514, 142),
  (3515, 31),
  (3515, 65),
  (3515, 142),
  (3516, 155),
  (3517, 31),
  (3517, 65),
  (3517, 142),
  (3517, 155),
  (3518, 214),
  (3519, 31),
  (3519, 65),
  (3519, 142),
  (3519, 155),
  (3519, 214),
  (3520, 218),
  (3521, 31),
  (3521, 65),
  (3521, 142),
  (3521, 155),
  (3521, 214),
  (3521, 218),
  (3522, 220),
  (3523, 31),
  (3523, 65),
  (3523, 142),
  (3523, 155),
  (3523, 214),
  (3523, 218),
  (3523, 220),
  (3524, 6),
  (3525, 18),
  (3526, 6),
  (3526, 18),
  (3527, 43),
  (3528, 6),
  (3528, 18),
  (3528, 43),
  (3529, 75),
  (3530, 6),
  (3530, 18),
  (3530, 43),
  (3530, 75),
  (3531, 140),
  (3532, 6),
  (3532, 18),
  (3532, 43),
  (3532, 75),
  (3532, 140),
  (3533, 163),
  (3534, 6),
  (3534, 18),
  (3534, 43),
  (3534, 75),
  (3534, 140),
  (3534, 163),
  (3535, 239),
  (3536, 6),
  (3536, 18),
  (3536, 43),
  (3536, 75),
  (3536, 140),
  (3536, 163),
  (3536, 239);

-- --------------------------------------------------------

--
-- Structure de la table `exercice`
--

CREATE TABLE IF NOT EXISTS `exercice` (
  `id_exercice` int(11) NOT NULL,
  `id_partie` int(11) DEFAULT NULL,
  `id_strategie` int(11) DEFAULT NULL,
  `id_etape` int(11) DEFAULT NULL,
  `temps_exercice` int(11) DEFAULT NULL,
  `temps_ecoule` int(11) DEFAULT NULL,
  `nb_bonne_reponse` int(11) DEFAULT NULL,
  `nb_question_validee` int(11) DEFAULT NULL,
  `dateCreation` date DEFAULT NULL,
  `id_phase` int(11) DEFAULT NULL,
  `niveau` int(11) DEFAULT NULL
) ENGINE=InnoDB  DEFAULT CHARSET=utf8 COLLATE=utf8_unicode_ci AUTO_INCREMENT=273 ;

--
-- Contenu de la table `exercice`
--

INSERT INTO `exercice` (`id_exercice`, `id_partie`, `id_strategie`, `id_etape`, `temps_exercice`, `temps_ecoule`, `nb_bonne_reponse`, `nb_question_validee`, `dateCreation`, `id_phase`, `niveau`) VALUES
  (1, 151, 3, 1, NULL, NULL, 10, 12, '2016-05-25', 1, 1),
  (2, 151, 1, 26, NULL, NULL, 0, 1, '2016-05-25', 1, 1),
  (3, 151, 2, 27, NULL, NULL, 13, 14, '2016-05-25', 1, 1),
  (4, 151, 4, 40, NULL, NULL, 2, 8, '2016-05-25', 1, 1),
  (5, 151, 6, 53, NULL, NULL, 9, 14, '2016-05-25', 1, 1),
  (6, 151, 3, 66, NULL, NULL, 0, 1, '2016-05-25', 1, 2),
  (7, 151, 1, 79, NULL, NULL, 5, 7, '2016-05-25', 1, 2),
  (8, 151, 2, 92, NULL, NULL, 0, 4, '2016-05-25', 1, 2),
  (9, 151, 4, 105, NULL, NULL, 8, 11, '2016-05-25', 1, 2),
  (10, 151, 6, 118, NULL, NULL, 12, 15, '2016-05-25', 1, 2),
  (11, 151, 3, 131, 59, 0, 10, 10, '2016-05-25', 2, 1),
  (12, 151, 1, 144, 59, 0, 3, 7, '2016-05-25', 2, 1),
  (13, 151, 2, 157, 59, 0, 0, 4, '2016-05-25', 2, 1),
  (14, 151, 4, 170, 59, 0, 12, 13, '2016-05-25', 2, 1),
  (15, 151, 6, 183, 59, 0, 6, 10, '2016-05-25', 2, 1),
  (16, 151, 5, 196, 59, 0, 7, 11, '2016-05-25', 2, 2),
  (17, 151, 5, 209, 59, 0, 1, 8, '2016-05-25', 3, 0),
  (18, 152, 3, 222, NULL, NULL, 6, 7, '2016-05-25', 1, 1),
  (19, 152, 1, 247, NULL, NULL, 11, 11, '2016-05-25', 1, 1),
  (20, 152, 2, 248, NULL, NULL, 0, 4, '2016-05-26', 1, 1),
  (21, 152, 4, 261, NULL, NULL, 1, 4, '2016-05-25', 1, 1),
  (22, 152, 6, 274, NULL, NULL, 0, 7, '2016-05-25', 1, 1),
  (23, 152, 3, 287, NULL, NULL, 7, 10, '2016-05-25', 1, 2),
  (24, 152, 1, 300, NULL, NULL, 11, 13, '2016-05-25', 1, 2),
  (25, 152, 2, 313, NULL, NULL, 0, 3, '2016-05-25', 1, 2),
  (26, 152, 4, 326, NULL, NULL, 1, 6, '2016-05-25', 1, 2),
  (27, 152, 6, 339, NULL, NULL, 5, 5, '2016-05-25', 1, 2),
  (28, 152, 3, 352, 60, 0, 7, 8, '2016-05-25', 2, 1),
  (29, 152, 1, 365, 60, 0, 7, 9, '2016-05-25', 2, 1),
  (30, 152, 2, 378, 60, 0, 2, 5, '2016-05-25', 2, 1),
  (31, 152, 4, 391, 60, 0, 9, 15, '2016-05-25', 2, 1),
  (32, 152, 6, 404, 60, 0, 14, 14, '2016-05-25', 2, 1),
  (33, 152, 5, 417, 60, 0, 4, 9, '2016-05-25', 2, 2),
  (34, 152, 5, 430, 30, 0, 0, 5, '2016-05-25', 3, 0),
  (35, 153, 3, 443, NULL, NULL, 13, 14, '2016-05-26', 1, 1),
  (36, 153, 1, 468, NULL, NULL, 4, 8, '2016-05-26', 1, 1),
  (37, 153, 2, 469, NULL, NULL, 9, 13, '2016-05-26', 1, 1),
  (38, 153, 4, 482, NULL, NULL, 13, 13, '2016-05-26', 1, 1),
  (39, 153, 6, 495, NULL, NULL, 7, 11, '2016-05-26', 1, 1),
  (40, 153, 3, 508, NULL, NULL, 9, 13, '2016-05-26', 1, 2),
  (41, 153, 1, 521, NULL, NULL, 3, 5, '2016-05-26', 1, 2),
  (42, 153, 2, 534, NULL, NULL, 7, 13, '2016-05-26', 1, 2),
  (43, 153, 4, 547, NULL, NULL, 6, 7, '2016-05-26', 1, 2),
  (44, 153, 6, 560, NULL, NULL, 9, 11, '2016-05-26', 1, 2),
  (45, 153, 3, 573, 59, 0, 2, 4, '2016-05-26', 2, 1),
  (46, 153, 1, 586, 59, 0, 1, 2, '2016-05-26', 2, 1),
  (47, 153, 2, 599, 59, 0, 7, 12, '2016-05-26', 2, 1),
  (48, 153, 4, 612, 59, 0, 5, 8, '2016-05-26', 2, 1),
  (49, 153, 6, 625, 59, 0, 5, 6, '2016-05-26', 2, 1),
  (50, 153, 5, 638, 59, 0, 1, 3, '2016-05-26', 2, 2),
  (51, 153, 5, 651, 59, 0, 0, 1, '2016-05-26', 3, 0),
  (52, 154, 3, 664, NULL, NULL, 6, 8, '2016-05-26', 1, 1),
  (53, 154, 1, 680, NULL, NULL, 3, 8, '2016-05-26', 1, 1),
  (54, 154, 2, 690, NULL, NULL, 7, 14, '2016-05-26', 1, 1),
  (55, 154, 4, 703, NULL, NULL, 1, 4, '2016-05-26', 1, 1),
  (56, 154, 6, 716, NULL, NULL, 1, 8, '2016-05-26', 1, 1),
  (57, 154, 3, 729, NULL, NULL, 6, 12, '2016-05-26', 1, 2),
  (58, 154, 1, 742, NULL, NULL, 4, 5, '2016-05-26', 1, 2),
  (59, 154, 2, 755, NULL, NULL, 1, 4, '2016-05-26', 1, 2),
  (60, 154, 4, 768, NULL, NULL, 0, 6, '2016-05-26', 1, 2),
  (61, 154, 6, 781, NULL, NULL, 0, 2, '2016-05-26', 1, 2),
  (62, 154, 3, 794, 9, 0, 8, 8, '2016-05-26', 2, 1),
  (63, 154, 1, 807, 9, 0, 0, 3, '2016-05-26', 2, 1),
  (64, 154, 2, 820, 9, 0, 2, 8, '2016-05-26', 2, 1),
  (65, 154, 4, 833, 9, 0, 8, 15, '2016-05-26', 2, 1),
  (66, 154, 6, 846, 9, 0, 1, 4, '2016-05-26', 2, 1),
  (67, 154, 5, 859, 9, 0, 4, 6, '2016-05-26', 2, 2),
  (68, 154, 5, 872, 26, 0, 1, 2, '2016-05-26', 3, 0),
  (86, 156, 3, 1106, NULL, NULL, 5, 9, '2016-05-27', 1, 1),
  (87, 156, 1, 1119, NULL, NULL, 7, 10, '2016-05-27', 1, 1),
  (88, 156, 2, 1132, NULL, NULL, 3, 6, '2016-05-27', 1, 1),
  (89, 156, 4, 1145, NULL, NULL, 0, 1, '2016-05-27', 1, 1),
  (90, 156, 6, 1158, NULL, NULL, 0, 2, '2016-05-27', 1, 1),
  (91, 156, 3, 1171, NULL, NULL, 2, 8, '2016-05-27', 1, 2),
  (92, 156, 1, 1184, NULL, NULL, 0, 2, '2016-05-27', 1, 2),
  (93, 156, 2, 1197, NULL, NULL, 3, 4, '2016-05-27', 1, 2),
  (94, 156, 4, 1210, NULL, NULL, 8, 12, '2016-05-27', 1, 2),
  (95, 156, 6, 1223, NULL, NULL, 0, 2, '2016-05-27', 1, 2),
  (96, 156, 3, 1236, 2, 0, 2, 4, '2016-05-27', 2, 1),
  (97, 156, 1, 1249, 2, 0, 0, 1, '2016-05-27', 2, 1),
  (98, 156, 2, 1262, 2, 0, 6, 8, '2016-05-27', 2, 1),
  (99, 156, 4, 1275, 2, 0, 0, 5, '2016-05-27', 2, 1),
  (100, 156, 6, 1288, 2, 0, 14, 15, '2016-05-27', 2, 1),
  (101, 156, 5, 1301, 2, 0, 1, 1, '2016-05-27', 2, 2),
  (102, 156, 5, 1314, 2, 0, 0, 5, '2016-05-27', 3, 0),
  (137, 159, 3, 1769, NULL, NULL, 5, 8, '2016-11-25', 1, 1),
  (138, 159, 1, 1782, NULL, NULL, 1, 7, '2016-11-25', 1, 1),
  (139, 159, 2, 1795, NULL, NULL, 13, 15, '2016-11-25', 1, 1),
  (140, 159, 4, 1808, NULL, NULL, 0, 6, '2016-11-25', 1, 1),
  (141, 159, 6, 1821, NULL, NULL, 0, 2, '2016-11-25', 1, 1),
  (142, 159, 3, 1834, NULL, NULL, 1, 6, '2016-11-25', 1, 2),
  (143, 159, 1, 1847, NULL, NULL, 5, 10, '2016-11-25', 1, 2),
  (144, 159, 2, 1860, NULL, NULL, 0, 2, '2016-11-25', 1, 2),
  (145, 159, 4, 1873, NULL, NULL, 5, 9, '2016-11-25', 1, 2),
  (146, 159, 6, 1886, NULL, NULL, 5, 9, '2016-11-25', 1, 2),
  (147, 159, 3, 1899, 7200, 0, 0, 3, '2016-11-25', 2, 1),
  (148, 159, 1, 1912, 7200, 0, 0, 3, '2016-11-25', 2, 1),
  (149, 159, 2, 1925, 7200, 0, 0, 7, '2016-11-25', 2, 1),
  (150, 159, 4, 1938, 7200, 0, 5, 11, '2016-11-25', 2, 1),
  (151, 159, 6, 1951, 7200, 0, 0, 4, '2016-11-25', 2, 1),
  (152, 159, 5, 1964, 7200, 0, 0, 3, '2016-11-25', 2, 2),
  (153, 159, 5, 1977, 7200, 0, 0, 3, '2016-11-25', 3, 0),
  (154, 160, 3, 1990, NULL, NULL, 2, 4, '2016-11-25', 1, 1),
  (155, 160, 1, 2003, NULL, NULL, 7, 13, '2016-11-25', 1, 1),
  (156, 160, 2, 2016, NULL, NULL, 3, 9, '2016-11-25', 1, 1),
  (157, 160, 4, 2029, NULL, NULL, 3, 3, '2016-11-25', 1, 1),
  (158, 160, 6, 2042, NULL, NULL, 0, 3, '2016-11-25', 1, 1),
  (159, 160, 3, 2055, NULL, NULL, 8, 8, '2016-11-25', 1, 2),
  (160, 160, 1, 2068, NULL, NULL, 13, 14, '2016-11-25', 1, 2),
  (161, 160, 2, 2081, NULL, NULL, 0, 1, '2016-11-25', 1, 2),
  (162, 160, 4, 2094, NULL, NULL, 2, 9, '2016-11-25', 1, 2),
  (163, 160, 6, 2107, NULL, NULL, 11, 13, '2016-11-25', 1, 2),
  (164, 160, 3, 2120, 3600, 0, 7, 8, '2016-11-25', 2, 1),
  (165, 160, 1, 2133, 3600, 0, 8, 14, '2016-11-25', 2, 1),
  (166, 160, 2, 2146, 3600, 0, 0, 0, '2016-11-25', 2, 1),
  (167, 160, 4, 2159, 3600, 0, 0, 5, '2016-11-25', 2, 1),
  (168, 160, 6, 2172, 3600, 0, 4, 11, '2016-11-25', 2, 1),
  (169, 160, 5, 2185, 3600, 0, 10, 10, '2016-11-25', 2, 2),
  (170, 160, 5, 2198, 3600, 0, 0, 0, '2016-11-25', 3, 0),
  (205, 163, 3, 2653, NULL, NULL, 0, 2, '2017-01-04', 1, 1),
  (206, 163, 1, 2666, NULL, NULL, 5, 8, '2017-01-04', 1, 1),
  (207, 163, 2, 2679, NULL, NULL, 5, 6, '2017-01-04', 1, 1),
  (208, 163, 4, 2692, NULL, NULL, 1, 5, '2017-01-04', 1, 1),
  (209, 163, 6, 2705, NULL, NULL, 5, 6, '2017-01-04', 1, 1),
  (210, 163, 3, 2718, NULL, NULL, 0, 0, '2017-01-04', 1, 2),
  (211, 163, 1, 2731, NULL, NULL, 10, 13, '2017-01-04', 1, 2),
  (212, 163, 2, 2744, NULL, NULL, 2, 4, '2017-01-04', 1, 2),
  (213, 163, 4, 2757, NULL, NULL, 7, 12, '2017-01-04', 1, 2),
  (214, 163, 6, 2770, NULL, NULL, 3, 4, '2017-01-04', 1, 2),
  (215, 163, 3, 2783, 7200, 0, 13, 13, '2017-01-04', 2, 1),
  (216, 163, 1, 2796, 7200, 0, 2, 7, '2017-01-04', 2, 1),
  (217, 163, 2, 2809, 7200, 0, 9, 11, '2017-01-04', 2, 1),
  (218, 163, 4, 2822, 7200, 0, 4, 6, '2017-01-04', 2, 1),
  (219, 163, 6, 2835, 7200, 0, 7, 9, '2017-01-04', 2, 1),
  (220, 163, 5, 2848, 7200, 0, 8, 14, '2017-01-04', 2, 2),
  (221, 163, 5, 2861, 10800, 0, 10, 14, '2017-01-04', 3, 0),
  (222, 164, 3, 2874, NULL, NULL, 9, 11, '2017-01-04', 1, 1),
  (223, 164, 1, 2893, NULL, NULL, 13, 16, '2017-01-04', 1, 1),
  (224, 164, 2, 2900, NULL, NULL, 10, 11, '2017-01-04', 1, 1),
  (225, 164, 4, 2913, NULL, NULL, 5, 10, '2017-01-04', 1, 1),
  (226, 164, 6, 2926, NULL, NULL, 0, 1, '2017-01-04', 1, 1),
  (227, 164, 3, 2940, NULL, NULL, 3, 8, '2017-01-04', 1, 2),
  (228, 164, 1, 2954, NULL, NULL, 0, 3, '2017-01-04', 1, 2),
  (229, 164, 2, 2967, NULL, NULL, 4, 9, '2017-01-04', 1, 2),
  (230, 164, 4, 2979, NULL, NULL, 5, 6, '2017-01-04', 1, 2),
  (231, 164, 6, 2991, NULL, NULL, 0, 1, '2017-01-04', 1, 2),
  (232, 164, 3, 3004, 600, 0, 0, 3, '2017-01-04', 2, 1),
  (233, 164, 1, 3017, 600, 0, 4, 10, '2017-01-04', 2, 1),
  (234, 164, 2, 3030, 600, 0, 8, 12, '2017-01-04', 2, 1),
  (235, 164, 4, 3043, 600, 0, 8, 14, '2017-01-04', 2, 1),
  (236, 164, 6, 3057, 600, 0, 0, 5, '2017-01-04', 2, 1),
  (237, 164, 5, 3069, 600, 0, 9, 12, '2017-01-04', 2, 2),
  (238, 164, 5, 3083, 600, 0, 10, 14, '2017-01-04', 3, 0),
  (239, 165, 3, 3095, NULL, NULL, 0, 3, '2017-03-21', 1, 1),
  (240, 165, 1, 3108, NULL, NULL, 0, 6, '2017-03-21', 1, 1),
  (241, 165, 2, 3121, NULL, NULL, 3, 4, '2017-03-21', 1, 1),
  (242, 165, 4, 3134, NULL, NULL, 0, 2, '2017-03-21', 1, 1),
  (243, 165, 6, 3147, NULL, NULL, 8, 11, '2017-03-21', 1, 1),
  (244, 165, 3, 3160, NULL, NULL, 5, 8, '2017-03-21', 1, 2),
  (245, 165, 1, 3173, NULL, NULL, 0, 4, '2017-03-21', 1, 2),
  (246, 165, 2, 3186, NULL, NULL, 7, 13, '2017-03-21', 1, 2),
  (247, 165, 4, 3199, NULL, NULL, 0, 5, '2017-03-21', 1, 2),
  (248, 165, 6, 3212, NULL, NULL, 1, 4, '2017-03-21', 1, 2),
  (249, 165, 3, 3225, 120, 0, 1, 6, '2017-03-21', 2, 1),
  (250, 165, 1, 3238, 120, 0, 0, 1, '2017-03-21', 2, 1),
  (251, 165, 2, 3251, 120, 0, 4, 4, '2017-03-21', 2, 1),
  (252, 165, 4, 3264, 120, 0, 0, 0, '2017-03-21', 2, 1),
  (253, 165, 6, 3277, 120, 0, 3, 5, '2017-03-21', 2, 1),
  (254, 165, 5, 3290, 120, 0, 6, 9, '2017-03-21', 2, 2),
  (255, 165, 5, 3306, 10, 0, 1, 2, '2017-03-21', 3, 0),
  (256, 166, 3, 3319, NULL, NULL, 3, 3, '2017-03-29', 1, 1),
  (257, 166, 1, 3329, NULL, NULL, 0, 0, '2017-03-29', 1, 1),
  (258, 166, 2, 3342, NULL, NULL, 0, 0, '2017-03-29', 1, 1),
  (259, 166, 4, 3355, NULL, NULL, 0, 0, '2017-03-29', 1, 1),
  (260, 166, 6, 3368, NULL, NULL, 0, 0, '2017-03-29', 1, 1),
  (261, 166, 3, 3381, NULL, NULL, 0, 0, '2017-03-29', 1, 2),
  (262, 166, 1, 3394, NULL, NULL, 0, 0, '2017-03-29', 1, 2),
  (263, 166, 2, 3407, NULL, NULL, 0, 0, '2017-03-29', 1, 2),
  (264, 166, 4, 3420, NULL, NULL, 0, 0, '2017-03-29', 1, 2),
  (265, 166, 6, 3433, NULL, NULL, 0, 0, '2017-03-29', 1, 2),
  (266, 166, 3, 3446, 30, 0, 0, 0, '2017-03-29', 2, 1),
  (267, 166, 1, 3459, 30, 0, 0, 0, '2017-03-29', 2, 1),
  (268, 166, 2, 3472, 30, 0, 0, 0, '2017-03-29', 2, 1),
  (269, 166, 4, 3485, 30, 0, 0, 0, '2017-03-29', 2, 1),
  (270, 166, 6, 3498, 30, 0, 0, 0, '2017-03-29', 2, 1),
  (271, 166, 5, 3511, 30, 0, 0, 0, '2017-03-29', 2, 2),
  (272, 166, 5, 3524, 30, 0, 0, 0, '2017-03-29', 3, 0);

-- --------------------------------------------------------

--
-- Structure de la table `medecin`
--

CREATE TABLE IF NOT EXISTS `medecin` (
  `id_medecin` int(11) NOT NULL,
  `utilisateur_id` int(11) DEFAULT NULL
) ENGINE=InnoDB  DEFAULT CHARSET=utf8 COLLATE=utf8_unicode_ci AUTO_INCREMENT=5 ;

--
-- Contenu de la table `medecin`
--

INSERT INTO `medecin` (`id_medecin`, `utilisateur_id`) VALUES
  (3, 10),
  (4, 12);

-- --------------------------------------------------------

--
-- Structure de la table `multimedia`
--

CREATE TABLE IF NOT EXISTS `multimedia` (
  `id_multimedia` int(11) NOT NULL,
  `id_strategie` int(11) DEFAULT NULL,
  `nom` varchar(50) COLLATE utf8_unicode_ci NOT NULL,
  `image` varchar(100) COLLATE utf8_unicode_ci DEFAULT NULL,
  `indice_apprentissage` varchar(150) COLLATE utf8_unicode_ci DEFAULT NULL,
  `indice_entrainement` varchar(150) COLLATE utf8_unicode_ci DEFAULT NULL
) ENGINE=InnoDB  DEFAULT CHARSET=utf8 COLLATE=utf8_unicode_ci AUTO_INCREMENT=243 ;

--
-- Contenu de la table `multimedia`
--

INSERT INTO `multimedia` (`id_multimedia`, `id_strategie`, `nom`, `image`, `indice_apprentissage`, `indice_entrainement`) VALUES
  (2, 3, 'mecaniciens', '/Banque images et sons/Images/Metiers/mecanicien.jpg', 'Regarder la voiture qui est noire', NULL),
  (3, 3, 'cameraman', '/Banque images et sons/Images/Metiers/cameraman.jpg', 'Regardez la caméra', NULL),
  (4, 3, 'guitariste', '/Banque images et sons/Images/Metiers/guitariste.jpg', '/m2a20162017-orthophonie/web/Banque images et sons/Sons/Metiers/guitariste.mp3', NULL),
  (5, 3, 'taxi', '/Banque images et sons/Images/Metiers/taxi.jpg', '/m2a20162017-orthophonie/web/Banque images et sons/Sons/Metiers/taxi.mp3', NULL),
  (6, 3, 'clown', '/Banque images et sons/Images/Metiers/clown.jpg', '/m2a20162017-orthophonie/web/Banque images et sons/Sons/Metiers/clown.mp3', NULL),
  (7, 3, 'caissiere', '/Banque images et sons/Images/Metiers/caissiere.jpg', '/m2a20162017-orthophonie/web/Banque images et sons/Sons/Metiers/caissiere.mp3', NULL),
  (8, 3, 'arbitre', '/Banque images et sons/Images/Metiers/arbitre.jpg', '/m2a20162017-orthophonie/web/Banque images et sons/Sons/Metiers/arbitre.mp3', NULL),
  (9, 3, 'cuisinier.png', '/Banque images et sons/Images/Metiers/cuisinier.png', '/m2a20162017-orthophonie/web/Banque images et sons/Sons/Metiers/cuisinier.png', NULL),
  (11, 3, 'avocat', '/Banque images et sons/Images/Metiers/avocat.jpg', '/m2a20162017-orthophonie/web/Banque images et sons/Sons/Metiers/avocat.mp3', NULL),
  (12, 3, 'bucheron', '/Banque images et sons/Images/Metiers/bucheron.jpg', '/m2a20162017-orthophonie/web/Banque images et sons/Sons/Metiers/bucheron.mp3', NULL),
  (13, 3, 'Soldat', '/Banque images et sons/Images/Metiers/Militaire.jpg', '/Banque images et sons/Sons/Metiers/Militaire.mp3', NULL),
  (14, 3, 'boulanger', '/Banque images et sons/Images/Metiers/boulanger.jpg', '/Banque images et sons/Sons/Metiers/boulanger.mp3', NULL),
  (15, 3, 'dentiste', '/Banque images et sons/Images/Metiers/dentiste.jpg', '/Banque images et sons/Sons/Metiers/dentiste.mp3', NULL),
  (16, 3, 'pianiste', '/Banque images et sons/Images/Metiers/pianiste.jpg', '/Banque images et sons/Sons/Metiers/pianiste.mp3', NULL),
  (17, 3, 'apiculteur', '/Banque images et sons/Images/Metiers/apiculteur.jpg', '/Banque images et sons/Sons/Metiers/apiculteur.mp3', NULL),
  (18, 3, 'professeur', '/Banque images et sons/Images/Metiers/professeur.jpg', '/Banque images et sons/Sons/Metiers/professeur.mp3', NULL),
  (19, 3, 'footballeur', '/Banque images et sons/Images/Metiers/footballeur.jpg', '/Banque images et sons/Sons/Metiers/footballeur.mp3', NULL),
  (20, 3, 'pompier', '/Banque images et sons/Images/Metiers/pompier.jpg', '/Banque images et sons/Sons/Metiers/pompier.mp3', NULL),
  (21, 3, 'pecheur', '/Banque images et sons/Images/Metiers/pecheur.jpg', '/Banque images et sons/Sons/Metiers/pecheur.mp3', NULL),
  (22, 3, 'eboueur', '/Banque images et sons/Images/Metiers/eboueur.jpg', '/Banque images et sons/Sons/Metiers/eboueur.mp3', NULL),
  (23, 3, 'jardinier', '/Banque images et sons/Images/Metiers/jardinier.jpg', '/Banque images et sons/Sons/Metiers/jardinier.mp3', NULL),
  (24, 3, 'electricien', '/Banque images et sons/Images/Metiers/electricien.jpg', '/Banque images et sons/Sons/Metiers/electricien.mp3', NULL),
  (25, 3, 'pharmarcien', '/Banque images et sons/Images/Metiers/pharmarcien.jpg', '/Banque images et sons/Sons/Metiers/pharmarcien.mp3', NULL),
  (26, 3, 'detective', '/Banque images et sons/Images/Metiers/detective.jpg', '/Banque images et sons/Sons/Metiers/detective.mp3', NULL),
  (27, 3, 'poissonnier', '/Banque images et sons/Images/Metiers/poissonnier.jpg', '/Banque images et sons/Sons/Metiers/poissonnier.mp3', NULL),
  (28, 3, 'veterinaire', '/Banque images et sons/Images/Metiers/veterinaire.jpg', '/Banque images et sons/Sons/Metiers/veterinaire.mp3', NULL),
  (29, 3, 'forgeron', '/Banque images et sons/Images/Metiers/forgeron.jpg', '/Banque images et sons/Sons/Metiers/forgeron.mp3', NULL),
  (30, 3, 'le facteur', '/Banque images et sons/Images/Metiers/facteur.jpg', '/Banque images et sons/Sons/Metiers/facteur.mp3', NULL),
  (31, 3, 'le nageur', '/Banque images et sons/Images/Metiers/nageur.JPG', '/Banque images et sons/Sons/Metiers/nageur.mp3', NULL),
  (32, 3, 'polices', '/Banque images et sons/Images/Metiers/polices.jpg', '/Banque images et sons/Sons/Metiers/polices.mp3', NULL),
  (33, 3, 'boucher', '/Banque images et sons/Images/Metiers/boucher.jpg', '/Banque images et sons/Sons/Metiers/boucher.mp3', NULL),
  (34, 3, 'magicien', '/Banque images et sons/Images/Metiers/magicien.jpg', '/Banque images et sons/Sons/Metiers/magicien.mp3', NULL),
  (35, 3, 'macon', '/Banque images et sons/Images/Metiers/macon.jpg', '/Banque images et sons/Sons/Metiers/macon.mp3', NULL),
  (36, 3, 'journaliste', '/Banque images et sons/Images/Metiers/journaliste.jpg', '/Banque images et sons/Sons/Metiers/journaliste.mp3', NULL),
  (37, 3, 'peintre', '/Banque images et sons/Images/Metiers/peintre.png', '/Banque images et sons/Sons/Metiers/peintre.png', NULL),
  (38, 3, 'eboueurs', '/Banque images et sons/Images/Metiers/eboueurs.jpg', '/Banque images et sons/Sons/Metiers/eboueurs.mp3', NULL),
  (39, 3, 'juge', '/Banque images et sons/Images/Metiers/juge.jpg', '/Banque images et sons/Sons/Metiers/juge.mp3', NULL),
  (40, 3, 'medecin', '/Banque images et sons/Images/Metiers/medecin.jpg', '/Banque images et sons/Sons/Metiers/medecin.mp3', NULL),
  (41, 1, 'lebarbu', '/Banque images et sons/Images/Morphologie/Monsieur/lebarbu.jpg', '/Banque images et sons/Sons/Morphologie/Monsieur/lebarbu.mp3', NULL),
  (42, 1, 'maquille', '/Banque images et sons/Images/Morphologie/Monsieur/maquille.jpg', '/Banque images et sons/Sons/Morphologie/Monsieur/maquille.mp3', NULL),
  (43, 1, 'lage', '/Banque images et sons/Images/Morphologie/Monsieur/lage.jpg', '/Banque images et sons/Sons/Morphologie/Monsieur/lage.mp3', NULL),
  (44, 1, 'carreau', '/Banque images et sons/Images/Morphologie/Monsieur/carreau.jpg', '/Banque images et sons/Sons/Morphologie/Monsieur/carreau.mp3', NULL),
  (45, 1, 'lenoeud', '/Banque images et sons/Images/Morphologie/Monsieur/lenoeud.jpg', '/Banque images et sons/Sons/Morphologie/Monsieur/lenoeud.mp3', NULL),
  (46, 1, 'ryo', '/Banque images et sons/Images/Morphologie/Monsieur/ryo.jpg', '/Banque images et sons/Sons/Morphologie/Monsieur/ryo.mp3', NULL),
  (47, 1, 'leblanc', '/Banque images et sons/Images/Morphologie/Monsieur/leblanc.jpg', '/Banque images et sons/Sons/Morphologie/Monsieur/leblanc.mp3', NULL),
  (48, 1, 'lerose', '/Banque images et sons/Images/Morphologie/Monsieur/lerose.jpg', '/Banque images et sons/Sons/Morphologie/Monsieur/lerose.mp3', NULL),
  (49, 1, 'frisette', '/Banque images et sons/Images/Morphologie/Monsieur/frisette.jpg', '/Banque images et sons/Sons/Morphologie/Monsieur/frisette.mp3', NULL),
  (50, 1, 'lemagicien', '/Banque images et sons/Images/Morphologie/Monsieur/lemagicien.jpg', '/Banque images et sons/Sons/Morphologie/Monsieur/lemagicien.mp3', NULL),
  (51, 1, 'lerond', '/Banque images et sons/Images/Morphologie/Monsieur/lerond.jpg', '/Banque images et sons/Sons/Morphologie/Monsieur/lerond.mp3', NULL),
  (52, 1, 'lecasque', '/Banque images et sons/Images/Morphologie/Monsieur/lecasque.jpg', '/Banque images et sons/Sons/Morphologie/Monsieur/lecasque.mp3', NULL),
  (53, 1, 'pc', '/Banque images et sons/Images/Morphologie/Monsieur/pc.jpg', '/Banque images et sons/Sons/Morphologie/Monsieur/pc.mp3', NULL),
  (54, 1, 'joyeux', '/Banque images et sons/Images/Morphologie/Monsieur/joyeux.jpg', '/Banque images et sons/Sons/Morphologie/Monsieur/joyeux.mp3', NULL),
  (55, 1, 'echarpe', '/Banque images et sons/Images/Morphologie/Monsieur/echarpe.jpg', '/Banque images et sons/Sons/Morphologie/Monsieur/echarpe.mp3', NULL),
  (56, 1, 'lanu', '/Banque images et sons/Images/Morphologie/Madame/lanu.jpg', '/Banque images et sons/Sons/Morphologie/Madame/lanu.mp3', NULL),
  (57, 1, 'amoureux', '/Banque images et sons/Images/Morphologie/Monsieur/amoureux.jpg', '/Banque images et sons/Sons/Morphologie/Monsieur/amoureux.mp3', NULL),
  (58, 1, 'lamontre', '/Banque images et sons/Images/Morphologie/Monsieur/lamontre.jpg', '/Banque images et sons/Sons/Morphologie/Monsieur/lamontre.mp3', NULL),
  (59, 1, 'serieux', '/Banque images et sons/Images/Morphologie/Monsieur/serieux.jpg', '/Banque images et sons/Sons/Morphologie/Monsieur/serieux.mp3', NULL),
  (60, 1, 'lacreme', '/Banque images et sons/Images/Morphologie/Monsieur/lacreme.jpg', '/Banque images et sons/Sons/Morphologie/Monsieur/lacreme.mp3', NULL),
  (61, 1, 'sourcil', '/Banque images et sons/Images/Morphologie/Madame/sourcil.jpg', '/Banque images et sons/Sons/Morphologie/Madame/sourcil.mp3', NULL),
  (62, 1, 'lunetta', '/Banque images et sons/Images/Morphologie/Madame/lunetta.jpg', '/Banque images et sons/Sons/Morphologie/Madame/lunetta.mp3', NULL),
  (63, 1, 'lablonde', '/Banque images et sons/Images/Morphologie/Madame/lablonde.jpg', '/Banque images et sons/Sons/Morphologie/Madame/lablonde.mp3', NULL),
  (64, 1, 'rouge', '/Banque images et sons/Images/Morphologie/Madame/rouge.jpg', '/Banque images et sons/Sons/Morphologie/Madame/rouge.mp3', NULL),
  (65, 1, 'lire', '/Banque images et sons/Images/Morphologie/Madame/lire.jpg', '/Banque images et sons/Sons/Morphologie/Madame/lire.mp3', NULL),
  (66, 1, 'propre', '/Banque images et sons/Images/Morphologie/Madame/propre.jpg', '/Banque images et sons/Sons/Morphologie/Madame/propre.mp3', NULL),
  (67, 1, 'sourir', '/Banque images et sons/Images/Morphologie/Madame/sourir.jpg', '/Banque images et sons/Sons/Morphologie/Madame/sourir.mp3', NULL),
  (68, 1, 'couette', '/Banque images et sons/Images/Morphologie/Madame/couette.jpg', '/Banque images et sons/Sons/Morphologie/Madame/couette.mp3', NULL),
  (69, 1, 'concentrer', '/Banque images et sons/Images/Morphologie/Madame/concentrer.jpg', '/Banque images et sons/Sons/Morphologie/Madame/concentrer.mp3', NULL),
  (70, 1, 'lalecture', '/Banque images et sons/Images/Morphologie/Madame/lalecture.jpg', '/Banque images et sons/Sons/Morphologie/Madame/lalecture.mp3', NULL),
  (71, 1, 'lachinoise', '/Banque images et sons/Images/Morphologie/Madame/lachinoise.jpg', '/Banque images et sons/Sons/Morphologie/Madame/lachinoise.mp3', NULL),
  (72, 1, 'lassise', '/Banque images et sons/Images/Morphologie/Madame/lassise.jpg', '/Banque images et sons/Sons/Morphologie/Madame/lassise.mp3', NULL),
  (73, 1, 'collier', '/Banque images et sons/Images/Morphologie/Madame/collier.jpg', '/Banque images et sons/Sons/Morphologie/Madame/collier.mp3', NULL),
  (74, 1, 'stresse', '/Banque images et sons/Images/Morphologie/Madame/stresse.jpg', '/Banque images et sons/Sons/Morphologie/Madame/stresse.mp3', NULL),
  (75, 1, 'doctrice', '/Banque images et sons/Images/Morphologie/Madame/doctrice.jpg', '/Banque images et sons/Sons/Morphologie/Madame/doctrice.mp3', NULL),
  (76, 1, 'leprospectus', '/Banque images et sons/Images/Morphologie/Madame/leprospectus.jpg', '/Banque images et sons/Sons/Morphologie/Madame/leprospectus.mp3', NULL),
  (77, 1, 'ladebardeur', '/Banque images et sons/Images/Morphologie/Madame/ladebardeur.jpg', '/Banque images et sons/Sons/Morphologie/Madame/ladebardeur.mp3', NULL),
  (78, 1, 'pc', '/Banque images et sons/Images/Morphologie/Madame/pc.jpg', '/Banque images et sons/Sons/Morphologie/Madame/pc.mp3', NULL),
  (79, 1, 'chataigne', '/Banque images et sons/Images/Morphologie/Madame/chataigne.jpg', '/Banque images et sons/Sons/Morphologie/Madame/chataigne.mp3', NULL),
  (80, 1, 'tasse', '/Banque images et sons/Images/Morphologie/Madame/tasse.jpg', '/Banque images et sons/Sons/Morphologie/Madame/tasse.mp3', NULL),
  (81, 2, 'lachaussure', '/Banque images et sons/Images/Morphologie_inverse/Monsieur/lachaussure.jpg', '/Banque images et sons/Sons/Morphologie_inverse/Monsieur/lachaussure.mp3', NULL),
  (82, 2, 'chauve', '/Banque images et sons/Images/Morphologie_inverse/Monsieur/chauve.jpg', '/Banque images et sons/Sons/Morphologie_inverse/Monsieur/chauve.mp3', NULL),
  (83, 2, 'lenoir', '/Banque images et sons/Images/Morphologie_inverse/Monsieur/lenoir.jpg', '/Banque images et sons/Sons/Morphologie_inverse/Monsieur/lenoir.mp3', NULL),
  (84, 2, 'rouge', '/Banque images et sons/Images/Morphologie_inverse/Monsieur/rouge.jpg', '/Banque images et sons/Sons/Morphologie_inverse/Monsieur/rouge.mp3', NULL),
  (85, 2, 'pull', '/Banque images et sons/Images/Morphologie_inverse/Monsieur/pull.jpg', '/Banque images et sons/Sons/Morphologie_inverse/Monsieur/pull.mp3', NULL),
  (86, 2, 'chaussure', '/Banque images et sons/Images/Morphologie_inverse/Monsieur/chaussure.jpg', '/Banque images et sons/Sons/Morphologie_inverse/Monsieur/chaussure.mp3', NULL),
  (87, 2, 'lejeune', '/Banque images et sons/Images/Morphologie_inverse/Monsieur/lejeune.jpg', '/Banque images et sons/Sons/Morphologie_inverse/Monsieur/lejeune.mp3', NULL),
  (88, 2, 'lechinois', '/Banque images et sons/Images/Morphologie_inverse/Monsieur/lechinois.jpg', '/Banque images et sons/Sons/Morphologie_inverse/Monsieur/lechinois.mp3', NULL),
  (89, 2, 'lemarron', '/Banque images et sons/Images/Morphologie_inverse/Monsieur/lemarron.jpg', '/Banque images et sons/Sons/Morphologie_inverse/Monsieur/lemarron.mp3', NULL),
  (90, 2, 'lacouette', '/Banque images et sons/Images/Morphologie_inverse/Monsieur/lacouette.jpg', '/Banque images et sons/Sons/Morphologie_inverse/Monsieur/lacouette.mp3', NULL),
  (91, 2, 'levert', '/Banque images et sons/Images/Morphologie_inverse/Monsieur/levert.jpg', '/Banque images et sons/Sons/Morphologie_inverse/Monsieur/levert.mp3', NULL),
  (92, 2, 'legant', '/Banque images et sons/Images/Morphologie_inverse/Monsieur/legant.jpg', '/Banque images et sons/Sons/Morphologie_inverse/Monsieur/legant.mp3', NULL),
  (93, 2, 'triste', '/Banque images et sons/Images/Morphologie_inverse/Monsieur/triste.jpg', '/Banque images et sons/Sons/Morphologie_inverse/Monsieur/triste.mp3', NULL),
  (94, 2, 'lemaigre', '/Banque images et sons/Images/Morphologie_inverse/Monsieur/lemaigre.jpg', '/Banque images et sons/Sons/Morphologie_inverse/Monsieur/lemaigre.mp3', NULL),
  (95, 2, 'legros', '/Banque images et sons/Images/Morphologie_inverse/Monsieur/legros.jpg', '/Banque images et sons/Sons/Morphologie_inverse/Monsieur/legros.mp3', NULL),
  (96, 2, 'debardeur', '/Banque images et sons/Images/Morphologie_inverse/Monsieur/debardeur.jpg', '/Banque images et sons/Sons/Morphologie_inverse/Monsieur/debardeur.mp3', NULL),
  (97, 2, 'sale', '/Banque images et sons/Images/Morphologie_inverse/Monsieur/sale.jpg', '/Banque images et sons/Sons/Morphologie_inverse/Monsieur/sale.mp3', NULL),
  (98, 2, 'bus', '/Banque images et sons/Images/Morphologie_inverse/Monsieur/bus.jpg', '/Banque images et sons/Sons/Morphologie_inverse/Monsieur/bus.mp3', NULL),
  (99, 2, 'cercle', '/Banque images et sons/Images/Morphologie_inverse/Monsieur/cercle.jpg', '/Banque images et sons/Sons/Morphologie_inverse/Monsieur/cercle.mp3', NULL),
  (100, 2, 'lentille', '/Banque images et sons/Images/Morphologie_inverse/Madame/lentille.jpg', '/Banque images et sons/Sons/Morphologie_inverse/Madame/lentille.mp3', NULL),
  (101, 2, 'chauve', '/Banque images et sons/Images/Morphologie_inverse/Madame/chauve.jpg', '/Banque images et sons/Sons/Morphologie_inverse/Madame/chauve.mp3', NULL),
  (102, 2, 'vert', '/Banque images et sons/Images/Morphologie_inverse/Madame/vert.jpg', '/Banque images et sons/Sons/Morphologie_inverse/Madame/vert.mp3', NULL),
  (103, 2, 'deconcentrer', '/Banque images et sons/Images/Morphologie_inverse/Madame/deconcentrer.jpg', '/Banque images et sons/Sons/Morphologie_inverse/Madame/deconcentrer.mp3', NULL),
  (104, 2, 'lavoiture', '/Banque images et sons/Images/Morphologie_inverse/Madame/lavoiture.jpg', '/Banque images et sons/Sons/Morphologie_inverse/Madame/lavoiture.mp3', NULL),
  (105, 2, 'brune', '/Banque images et sons/Images/Morphologie_inverse/Madame/brune.jpg', '/Banque images et sons/Sons/Morphologie_inverse/Madame/brune.mp3', NULL),
  (106, 2, 'triste', '/Banque images et sons/Images/Morphologie_inverse/Madame/triste.jpg', '/Banque images et sons/Sons/Morphologie_inverse/Madame/triste.mp3', NULL),
  (107, 2, 'habit', '/Banque images et sons/Images/Morphologie_inverse/Madame/habit.jpg', '/Banque images et sons/Sons/Morphologie_inverse/Madame/habit.mp3', NULL),
  (108, 2, 'debout', '/Banque images et sons/Images/Morphologie_inverse/Madame/debout.jpg', '/Banque images et sons/Sons/Morphologie_inverse/Madame/debout.mp3', NULL),
  (109, 2, 'garagiste', '/Banque images et sons/Images/Morphologie_inverse/Madame/garagiste.jpg', '/Banque images et sons/Sons/Morphologie_inverse/Madame/garagiste.mp3', NULL),
  (110, 2, 'relax', '/Banque images et sons/Images/Morphologie_inverse/Madame/relax.jpg', '/Banque images et sons/Sons/Morphologie_inverse/Madame/relax.mp3', NULL),
  (111, 2, 'bracelet', '/Banque images et sons/Images/Morphologie_inverse/Madame/bracelet.jpg', '/Banque images et sons/Sons/Morphologie_inverse/Madame/bracelet.mp3', NULL),
  (112, 2, 'guitare', '/Banque images et sons/Images/Morphologie_inverse/Madame/guitare.jpg', '/Banque images et sons/Sons/Morphologie_inverse/Madame/guitare.mp3', NULL),
  (113, 2, 'larousse', '/Banque images et sons/Images/Morphologie_inverse/Madame/larousse.jpg', '/Banque images et sons/Sons/Morphologie_inverse/Madame/larousse.mp3', NULL),
  (114, 2, 'sale', '/Banque images et sons/Images/Morphologie_inverse/Madame/sale.jpg', '/Banque images et sons/Sons/Morphologie_inverse/Madame/sale.mp3', NULL),
  (115, 2, 'legilet', '/Banque images et sons/Images/Morphologie_inverse/Madame/legilet.jpg', '/Banque images et sons/Sons/Morphologie_inverse/Madame/legilet.mp3', NULL),
  (116, 2, 'manger', '/Banque images et sons/Images/Morphologie_inverse/Madame/manger.jpg', '/Banque images et sons/Sons/Morphologie_inverse/Madame/manger.mp3', NULL),
  (117, 2, 'telephone', '/Banque images et sons/Images/Morphologie_inverse/Madame/telephone.jpg', '/Banque images et sons/Sons/Morphologie_inverse/Madame/telephone.mp3', NULL),
  (118, 2, 'laturc', '/Banque images et sons/Images/Morphologie_inverse/Madame/laturc.jpg', '/Banque images et sons/Sons/Morphologie_inverse/Madame/laturc.mp3', NULL),
  (119, 2, 'lunette', '/Banque images et sons/Images/Morphologie_inverse/Madame/lunette.jpg', '/Banque images et sons/Sons/Morphologie_inverse/Madame/lunette.mp3', NULL),
  (120, 2, 'nez', '/Banque images et sons/Images/Morphologie_inverse/Madame/nez.jpg', '/Banque images et sons/Sons/Morphologie_inverse/Madame/nez.mp3', NULL),
  (121, 6, 'ambulance', '/Banque images et sons/Images/Phoneme/Monsieur/ambulance.jpg', '/Banque images et sons/Sons/Phoneme/Monsieur/ambulance.mp3', NULL),
  (122, 6, 'assez', '/Banque images et sons/Images/Phoneme/Monsieur/assez.jpg', '/Banque images et sons/Sons/Phoneme/Monsieur/assez.mp3', NULL),
  (123, 6, 'baleine', '/Banque images et sons/Images/Phoneme/Monsieur/baleine.jpg', '/Banque images et sons/Sons/Phoneme/Monsieur/baleine.mp3', NULL),
  (124, 6, 'brin', '/Banque images et sons/Images/Phoneme/Monsieur/brin.jpg', '/Banque images et sons/Sons/Phoneme/Monsieur/brin.mp3', NULL),
  (125, 6, 'brun', '/Banque images et sons/Images/Phoneme/Monsieur/brun.jpg', '/Banque images et sons/Sons/Phoneme/Monsieur/brun.mp3', NULL),
  (126, 6, 'chanter', '/Banque images et sons/Images/Phoneme/Monsieur/chanter.jpg', '/Banque images et sons/Sons/Phoneme/Monsieur/chanter.mp3', NULL),
  (127, 6, 'clown', '/Banque images et sons/Images/Phoneme/Monsieur/clown.jpg', '/Banque images et sons/Sons/Phoneme/Monsieur/clown.mp3', NULL),
  (128, 6, 'essayage', '/Banque images et sons/Images/Phoneme/Monsieur/essayage.jpg', '/Banque images et sons/Sons/Phoneme/Monsieur/essayage.mp3', NULL),
  (129, 6, 'examen', '/Banque images et sons/Images/Phoneme/Monsieur/examen.jpg', '/Banque images et sons/Sons/Phoneme/Monsieur/examen.mp3', NULL),
  (130, 6, 'feu', '/Banque images et sons/Images/Phoneme/Monsieur/feu.jpg', '/Banque images et sons/Sons/Phoneme/Monsieur/feu.mp3', NULL),
  (131, 6, 'hibou', '/Banque images et sons/Images/Phoneme/Monsieur/hibou.jpg', '/Banque images et sons/Sons/Phoneme/Monsieur/hibou.mp3', NULL),
  (132, 6, 'lune', '/Banque images et sons/Images/Phoneme/Monsieur/lune.jpg', '/Banque images et sons/Sons/Phoneme/Monsieur/lune.mp3', NULL),
  (133, 6, 'mais', '/Banque images et sons/Images/Phoneme/Monsieur/mais.jpg', '/Banque images et sons/Sons/Phoneme/Monsieur/mais.mp3', NULL),
  (134, 6, 'midi', '/Banque images et sons/Images/Phoneme/Monsieur/midi.jpg', '/Banque images et sons/Sons/Phoneme/Monsieur/midi.mp3', NULL),
  (135, 6, 'moto', '/Banque images et sons/Images/Phoneme/Monsieur/moto.jpg', '/Banque images et sons/Sons/Phoneme/Monsieur/moto.mp3', NULL),
  (136, 6, 'oeuf', '/Banque images et sons/Images/Phoneme/Monsieur/oeuf.jpg', '/Banque images et sons/Sons/Phoneme/Monsieur/oeuf.mp3', NULL),
  (137, 6, 'ombre', '/Banque images et sons/Images/Phoneme/Monsieur/ombre.jpg', '/Banque images et sons/Sons/Phoneme/Monsieur/ombre.mp3', NULL),
  (138, 6, 'parfum', '/Banque images et sons/Images/Phoneme/Monsieur/parfum.jpg', '/Banque images et sons/Sons/Phoneme/Monsieur/parfum.mp3', NULL),
  (139, 6, 'patte', '/Banque images et sons/Images/Phoneme/Monsieur/patte.jpg', '/Banque images et sons/Sons/Phoneme/Monsieur/patte.mp3', NULL),
  (140, 6, 'peindre', '/Banque images et sons/Images/Phoneme/Monsieur/peindre.jpg', '/Banque images et sons/Sons/Phoneme/Monsieur/peindre.mp3', NULL),
  (141, 6, 'petit', '/Banque images et sons/Images/Phoneme/Monsieur/petit.jpg', '/Banque images et sons/Sons/Phoneme/Monsieur/petit.mp3', NULL),
  (142, 6, 'robe', '/Banque images et sons/Images/Phoneme/Monsieur/robe.jpg', '/Banque images et sons/Sons/Phoneme/Monsieur/robe.mp3', NULL),
  (143, 6, 'sel', '/Banque images et sons/Images/Phoneme/Monsieur/sel.jpg', '/Banque images et sons/Sons/Phoneme/Monsieur/sel.mp3', NULL),
  (144, 6, 'stylo', '/Banque images et sons/Images/Phoneme/Monsieur/stylo.jpg', '/Banque images et sons/Sons/Phoneme/Monsieur/stylo.mp3', NULL),
  (145, 6, 'synthese', '/Banque images et sons/Images/Phoneme/Monsieur/synthese.jpg', '/Banque images et sons/Sons/Phoneme/Monsieur/synthese.mp3', NULL),
  (146, 6, 'taureau', '/Banque images et sons/Images/Phoneme/Monsieur/taureau.jpg', '/Banque images et sons/Sons/Phoneme/Monsieur/taureau.mp3', NULL),
  (147, 6, 'tente', '/Banque images et sons/Images/Phoneme/Monsieur/tente.jpg', '/Banque images et sons/Sons/Phoneme/Monsieur/tente.mp3', NULL),
  (148, 6, 'thym', '/Banque images et sons/Images/Phoneme/Monsieur/thym.jpg', '/Banque images et sons/Sons/Phoneme/Monsieur/thym.mp3', NULL),
  (149, 6, 'tonton', '/Banque images et sons/Images/Phoneme/Monsieur/tonton.jpg', '/Banque images et sons/Sons/Phoneme/Monsieur/tonton.mp3', NULL),
  (150, 6, 'voiture', '/Banque images et sons/Images/Phoneme/Monsieur/voiture.jpg', '/Banque images et sons/Sons/Phoneme/Monsieur/voiture.mp3', NULL),
  (151, 6, 'cane', '/Banque images et sons/Images/Phoneme/Madame/cane.jpg', '/Banque images et sons/Sons/Phoneme/Madame/cane.mp3', NULL),
  (152, 6, 'feuille', '/Banque images et sons/Images/Phoneme/Madame/feuille.jpg', '/Banque images et sons/Sons/Phoneme/Madame/feuille.mp3', NULL),
  (153, 6, 'voyelle', '/Banque images et sons/Images/Phoneme/Madame/voyelle.jpg', '/Banque images et sons/Sons/Phoneme/Madame/voyelle.mp3', NULL),
  (154, 6, 'dent', '/Banque images et sons/Images/Phoneme/Madame/dent.jpg', '/Banque images et sons/Sons/Phoneme/Madame/dent.mp3', NULL),
  (155, 6, 'bonjour', '/Banque images et sons/Images/Phoneme/Madame/bonjour.jpg', '/Banque images et sons/Sons/Phoneme/Madame/bonjour.mp3', NULL),
  (156, 6, 'qui', '/Banque images et sons/Images/Phoneme/Madame/qui.jpg', '/Banque images et sons/Sons/Phoneme/Madame/qui.mp3', NULL),
  (157, 6, 'oui', '/Banque images et sons/Images/Phoneme/Madame/oui.jpg', '/Banque images et sons/Sons/Phoneme/Madame/oui.mp3', NULL),
  (158, 6, 'travail', '/Banque images et sons/Images/Phoneme/Madame/travail.jpg', '/Banque images et sons/Sons/Phoneme/Madame/travail.mp3', NULL),
  (159, 6, 'affaire', '/Banque images et sons/Images/Phoneme/Madame/affaire.jpg', '/Banque images et sons/Sons/Phoneme/Madame/affaire.mp3', NULL),
  (160, 6, 'partir', '/Banque images et sons/Images/Phoneme/Madame/partir.jpg', '/Banque images et sons/Sons/Phoneme/Madame/partir.mp3', NULL),
  (161, 6, 'oiseau', '/Banque images et sons/Images/Phoneme/Madame/oiseau.jpg', '/Banque images et sons/Sons/Phoneme/Madame/oiseau.mp3', NULL),
  (162, 6, 'coq', '/Banque images et sons/Images/Phoneme/Madame/coq.jpg', '/Banque images et sons/Sons/Phoneme/Madame/coq.mp3', NULL),
  (163, 6, 'fouet', '/Banque images et sons/Images/Phoneme/Madame/fouet.jpg', '/Banque images et sons/Sons/Phoneme/Madame/fouet.mp3', NULL),
  (164, 6, 'ville', '/Banque images et sons/Images/Phoneme/Madame/ville.jpg', '/Banque images et sons/Sons/Phoneme/Madame/ville.mp3', NULL),
  (165, 6, 'accord', '/Banque images et sons/Images/Phoneme/Madame/accord.jpg', '/Banque images et sons/Sons/Phoneme/Madame/accord.mp3', NULL),
  (166, 6, 'gare', '/Banque images et sons/Images/Phoneme/Madame/gare.jpg', '/Banque images et sons/Sons/Phoneme/Madame/gare.mp3', NULL),
  (167, 6, 'treuil', '/Banque images et sons/Images/Phoneme/Madame/treuil.jpg', '/Banque images et sons/Sons/Phoneme/Madame/treuil.mp3', NULL),
  (168, 6, 'pigeon', '/Banque images et sons/Images/Phoneme/Madame/pigeon.jpg', '/Banque images et sons/Sons/Phoneme/Madame/pigeon.mp3', NULL),
  (169, 6, 'travaille', '/Banque images et sons/Images/Phoneme/Madame/travaille.jpg', '/Banque images et sons/Sons/Phoneme/Madame/travaille.mp3', NULL),
  (170, 6, 'guitare', '/Banque images et sons/Images/Phoneme/Madame/guitare.jpg', '/Banque images et sons/Sons/Phoneme/Madame/guitare.mp3', NULL),
  (171, 6, 'huit', '/Banque images et sons/Images/Phoneme/Madame/huit.jpg', '/Banque images et sons/Sons/Phoneme/Madame/huit.mp3', NULL),
  (172, 6, 'lapin', '/Banque images et sons/Images/Phoneme/Madame/lapin.jpg', '/Banque images et sons/Sons/Phoneme/Madame/lapin.mp3', NULL),
  (173, 6, 'seconde', '/Banque images et sons/Images/Phoneme/Madame/seconde.jpg', '/Banque images et sons/Sons/Phoneme/Madame/seconde.mp3', NULL),
  (174, 6, 'oeil', '/Banque images et sons/Images/Phoneme/Madame/oeil.jpg', '/Banque images et sons/Sons/Phoneme/Madame/oeil.mp3', NULL),
  (175, 6, 'tomate', '/Banque images et sons/Images/Phoneme/Madame/tomate.jpg', '/Banque images et sons/Sons/Phoneme/Madame/tomate.mp3', NULL),
  (176, 6, 'radio', '/Banque images et sons/Images/Phoneme/Madame/radio.jpg', '/Banque images et sons/Sons/Phoneme/Madame/radio.mp3', NULL),
  (177, 6, 'addition', '/Banque images et sons/Images/Phoneme/Madame/addition.jpg', '/Banque images et sons/Sons/Phoneme/Madame/addition.mp3', NULL),
  (178, 6, 'girafe', '/Banque images et sons/Images/Phoneme/Madame/girafe.jpg', '/Banque images et sons/Sons/Phoneme/Madame/girafe.mp3', NULL),
  (179, 6, 'pomme', '/Banque images et sons/Images/Phoneme/Madame/pomme.jpg', '/Banque images et sons/Sons/Phoneme/Madame/pomme.mp3', NULL),
  (180, 6, 'point', '/Banque images et sons/Images/Phoneme/Madame/point.jpg', '/Banque images et sons/Sons/Phoneme/Madame/point.mp3', NULL),
  (181, 4, 'toilette', '/Banque images et sons/Images/Association_idees/Monsieur/toilette.jpg', '/Banque images et sons/Sons/Association_idees/Monsieur/toilette.mp3', NULL),
  (182, 4, 'vent', '/Banque images et sons/Images/Association_idees/Monsieur/vent.jpg', '/Banque images et sons/Sons/Association_idees/Monsieur/vent.mp3', NULL),
  (183, 4, 'miroir', '/Banque images et sons/Images/Association_idees/Monsieur/miroir.jpg', '/Banque images et sons/Sons/Association_idees/Monsieur/miroir.mp3', NULL),
  (184, 4, 'ordinateur', '/Banque images et sons/Images/Association_idees/Monsieur/ordinateur.jpg', '/Banque images et sons/Sons/Association_idees/Monsieur/ordinateur.mp3', NULL),
  (185, 4, 'poteau', '/Banque images et sons/Images/Association_idees/Monsieur/poteau.jpg', '/Banque images et sons/Sons/Association_idees/Monsieur/poteau.mp3', NULL),
  (186, 4, 'lacet', '/Banque images et sons/Images/Association_idees/Monsieur/lacet.jpg', '/Banque images et sons/Sons/Association_idees/Monsieur/lacet.mp3', NULL),
  (187, 4, 'pull', '/Banque images et sons/Images/Association_idees/Monsieur/pull.jpg', 'Regarde son nœud-papillon', NULL),
  (188, 4, 'chaussure', '/Banque images et sons/Images/Association_idees/Monsieur/chaussure.jpg', '/Banque images et sons/Sons/Association_idees/Monsieur/chaussure.mp3', NULL),
  (189, 4, 'couette', '/Banque images et sons/Images/Association_idees/Monsieur/couette.jpg', '/Banque images et sons/Sons/Association_idees/Monsieur/couette.mp3', NULL),
  (190, 4, 'tasse', '/Banque images et sons/Images/Association_idees/Monsieur/tasse.jpg', '/Banque images et sons/Sons/Association_idees/Monsieur/tasse.mp3', NULL),
  (191, 4, 'avion', '/Banque images et sons/Images/Association_idees/Monsieur/avion.jpg', '/Banque images et sons/Sons/Association_idees/Monsieur/avion.mp3', NULL),
  (192, 4, 'collier', '/Banque images et sons/Images/Association_idees/Monsieur/collier.jpg', '/Banque images et sons/Sons/Association_idees/Monsieur/collier.mp3', NULL),
  (193, 4, 'tatouage', '/Banque images et sons/Images/Association_idees/Monsieur/tatouage.jpg', '/Banque images et sons/Sons/Association_idees/Monsieur/tatouage.mp3', NULL),
  (194, 4, 'confiture', '/Banque images et sons/Images/Association_idees/Monsieur/confiture.jpg', '/Banque images et sons/Sons/Association_idees/Monsieur/confiture.mp3', NULL),
  (195, 4, 'foot', '/Banque images et sons/Images/Association_idees/Monsieur/foot.jpg', '/Banque images et sons/Sons/Association_idees/Monsieur/foot.mp3', NULL),
  (196, 4, 'porc', '/Banque images et sons/Images/Association_idees/Monsieur/porc.jpg', '/Banque images et sons/Sons/Association_idees/Monsieur/porc.mp3', NULL),
  (197, 4, 'banane', '/Banque images et sons/Images/Association_idees/Monsieur/banane.jpg', '/Banque images et sons/Sons/Association_idees/Monsieur/banane.mp3', NULL),
  (198, 4, 'chaise', '/Banque images et sons/Images/Association_idees/Monsieur/chaise.jpg', '/Banque images et sons/Sons/Association_idees/Monsieur/chaise.mp3', NULL),
  (199, 4, 'marin', '/Banque images et sons/Images/Association_idees/Monsieur/marin.jpg', '/Banque images et sons/Sons/Association_idees/Monsieur/marin.mp3', NULL),
  (200, 4, 'cheval', '/Banque images et sons/Images/Association_idees/Monsieur/cheval.jpg', '/Banque images et sons/Sons/Association_idees/Monsieur/cheval.mp3', NULL),
  (201, 4, 'car', '/Banque images et sons/Images/Association_idees/Monsieur/car.jpg', '/Banque images et sons/Sons/Association_idees/Monsieur/car.mp3', NULL),
  (202, 4, 'fleur', '/Banque images et sons/Images/Association_idees/Monsieur/fleur.jpg', '/Banque images et sons/Sons/Association_idees/Monsieur/fleur.mp3', NULL),
  (203, 4, 'table', '/Banque images et sons/Images/Association_idees/Monsieur/table.jpg', '/Banque images et sons/Sons/Association_idees/Monsieur/table.mp3', NULL),
  (204, 4, 'golf', '/Banque images et sons/Images/Association_idees/Monsieur/golf.jpg', '/Banque images et sons/Sons/Association_idees/Monsieur/golf.mp3', NULL),
  (205, 4, 'parapluie', '/Banque images et sons/Images/Association_idees/Monsieur/parapluie.jpg', '/Banque images et sons/Sons/Association_idees/Monsieur/parapluie.mp3', NULL),
  (206, 4, 'flute', '/Banque images et sons/Images/Association_idees/Monsieur/flute.jpg', '/Banque images et sons/Sons/Association_idees/Monsieur/flute.mp3', NULL),
  (207, 4, 'bus', '/Banque images et sons/Images/Association_idees/Monsieur/bus.jpg', '/Banque images et sons/Sons/Association_idees/Monsieur/bus.mp3', NULL),
  (208, 4, 'cercle', '/Banque images et sons/Images/Association_idees/Monsieur/cercle.jpg', '/Banque images et sons/Sons/Association_idees/Monsieur/cercle.mp3', NULL),
  (209, 4, 'volant', '/Banque images et sons/Images/Association_idees/Monsieur/volant.jpg', '/Banque images et sons/Sons/Association_idees/Monsieur/volant.mp3', NULL),
  (210, 4, 'cigarette', '/Banque images et sons/Images/Association_idees/Monsieur/cigarette.jpg', '/Banque images et sons/Sons/Association_idees/Monsieur/cigarette.mp3', NULL),
  (211, 4, 'girafe', '/Banque images et sons/Images/Association_idees/Madame/girafe.jpg', '/Banque images et sons/Sons/Association_idees/Madame/girafe.mp3', NULL),
  (212, 4, 'casquette', '/Banque images et sons/Images/Association_idees/Madame/casquette.jpg', '/Banque images et sons/Sons/Association_idees/Madame/casquette.mp3', NULL),
  (213, 4, 'ocean', '/Banque images et sons/Images/Association_idees/Madame/ocean.jpg', '/Banque images et sons/Sons/Association_idees/Madame/ocean.mp3', NULL),
  (214, 4, 'baguette', '/Banque images et sons/Images/Association_idees/Madame/baguette.jpg', '/Banque images et sons/Sons/Association_idees/Madame/baguette.mp3', NULL),
  (215, 4, 'pain', '/Banque images et sons/Images/Association_idees/Madame/pain.jpg', '/Banque images et sons/Sons/Association_idees/Madame/pain.mp3', NULL),
  (216, 4, 'ceinture', '/Banque images et sons/Images/Association_idees/Madame/ceinture.jpg', '/Banque images et sons/Sons/Association_idees/Madame/ceinture.mp3', NULL),
  (217, 4, 'oreille', '/Banque images et sons/Images/Association_idees/Madame/oreille.jpg', '/Banque images et sons/Sons/Association_idees/Madame/oreille.mp3', NULL),
  (218, 4, 'foret', '/Banque images et sons/Images/Association_idees/Madame/foret.jpg', '/Banque images et sons/Sons/Association_idees/Madame/foret.mp3', NULL),
  (219, 4, 'bra', '/Banque images et sons/Images/Association_idees/Madame/bra.jpg', '/Banque images et sons/Sons/Association_idees/Madame/bra.mp3', NULL),
  (220, 4, 'cape', '/Banque images et sons/Images/Association_idees/Madame/cape.jpg', '/Banque images et sons/Sons/Association_idees/Madame/cape.mp3', NULL),
  (221, 4, 'plante', '/Banque images et sons/Images/Association_idees/Madame/plante.jpg', '/Banque images et sons/Sons/Association_idees/Madame/plante.mp3', NULL),
  (222, 4, 'riz', '/Banque images et sons/Images/Association_idees/Madame/riz.jpg', '/Banque images et sons/Sons/Association_idees/Madame/riz.mp3', NULL),
  (223, 4, 'jouet', '/Banque images et sons/Images/Association_idees/Madame/jouet.jpg', '/Banque images et sons/Sons/Association_idees/Madame/jouet.mp3', NULL),
  (224, 4, 'armure', '/Banque images et sons/Images/Association_idees/Madame/armure.jpg', '/Banque images et sons/Sons/Association_idees/Madame/armure.mp3', NULL),
  (225, 4, 'chocolat', '/Banque images et sons/Images/Association_idees/Madame/chocolat.jpg', '/Banque images et sons/Sons/Association_idees/Madame/chocolat.mp3', NULL),
  (226, 4, 'neige', '/Banque images et sons/Images/Association_idees/Madame/neige.jpg', '/Banque images et sons/Sons/Association_idees/Madame/neige.mp3', NULL),
  (227, 4, 'herbe', '/Banque images et sons/Images/Association_idees/Madame/herbe.jpg', '/Banque images et sons/Sons/Association_idees/Madame/herbe.mp3', NULL),
  (228, 4, 'feu', '/Banque images et sons/Images/Association_idees/Madame/feu.jpg', '/Banque images et sons/Sons/Association_idees/Madame/feu.mp3', NULL),
  (229, 4, 'confiture', '/Banque images et sons/Images/Association_idees/Madame/confiture.jpg', '/Banque images et sons/Sons/Association_idees/Madame/confiture.mp3', NULL),
  (230, 4, 'farine', '/Banque images et sons/Images/Association_idees/Madame/farine.jpg', '/Banque images et sons/Sons/Association_idees/Madame/farine.mp3', NULL),
  (231, 4, 'pistolet', '/Banque images et sons/Images/Association_idees/Madame/pistolet.jpg', '/Banque images et sons/Sons/Association_idees/Madame/pistolet.mp3', NULL),
  (232, 4, 'pompier', '/Banque images et sons/Images/Association_idees/Madame/pompier.jpg', '/Banque images et sons/Sons/Association_idees/Madame/pompier.mp3', NULL),
  (233, 4, 'arbre', '/Banque images et sons/Images/Association_idees/Madame/arbre.jpg', '/Banque images et sons/Sons/Association_idees/Madame/arbre.mp3', NULL),
  (234, 4, 'mer', '/Banque images et sons/Images/Association_idees/Madame/mer.jpg', '/Banque images et sons/Sons/Association_idees/Madame/mer.mp3', NULL),
  (235, 4, 'jungle', '/Banque images et sons/Images/Association_idees/Madame/jungle.jpg', '/Banque images et sons/Sons/Association_idees/Madame/jungle.mp3', NULL),
  (236, 4, 'fleur', '/Banque images et sons/Images/Association_idees/Madame/fleur.jpg', '/Banque images et sons/Sons/Association_idees/Madame/fleur.mp3', NULL),
  (237, 4, 'roue', '/Banque images et sons/Images/Association_idees/Madame/roue.jpg', '/Banque images et sons/Sons/Association_idees/Madame/roue.mp3', NULL),
  (238, 4, 'pont', '/Banque images et sons/Images/Association_idees/Madame/pont.jpg', '/Banque images et sons/Sons/Association_idees/Madame/pont.mp3', NULL),
  (239, 4, 'drapeau', '/Banque images et sons/Images/Association_idees/Madame/drapeau.jpg', '/Banque images et sons/Sons/Association_idees/Madame/drapeau.mp3', NULL),
  (240, 4, 'main', '/Banque images et sons/Images/Association_idees/Madame/main.jpg', '/Banque images et sons/Sons/Association_idees/Madame/main.mp3', NULL),
  (241, 3, 'Essai', '/Banque images et sons/Images/arbitre.jpg714.gif', '/Banque images et sons/Sons/arbitre.mp3812.mpga', NULL),
  (242, 1, 'cherrytips', 'Banque images et sons/Images/Morphologie/Testing.png', 'Banque images et sons/Sons/Morphologie/Testing.mp3', NULL);

-- --------------------------------------------------------

--
-- Structure de la table `partie`
--

CREATE TABLE IF NOT EXISTS `partie` (
  `id_partie` int(11) NOT NULL,
  `id_patient` int(11) DEFAULT NULL,
  `dateCreation` date DEFAULT NULL
) ENGINE=InnoDB  DEFAULT CHARSET=utf8 COLLATE=utf8_unicode_ci AUTO_INCREMENT=167 ;

--
-- Contenu de la table `partie`
--

INSERT INTO `partie` (`id_partie`, `id_patient`, `dateCreation`) VALUES
  (153, 6, '2016-05-26'),
  (154, 1, '2016-05-26'),
  (156, 6, '2016-05-27'),
  (159, 13, '2016-11-25'),
  (160, 13, '2016-11-25'),
  (163, 10, '2017-01-04'),
  (164, 19, '2017-01-04'),
  (165, 19, '2017-03-21'),
  (166, 19, '2017-03-29');

-- --------------------------------------------------------

--
-- Structure de la table `patient`
--

CREATE TABLE IF NOT EXISTS `patient` (
  `id_patient` int(11) NOT NULL,
  `utilisateur_id` int(11) DEFAULT NULL
) ENGINE=InnoDB  DEFAULT CHARSET=utf8 COLLATE=utf8_unicode_ci AUTO_INCREMENT=20 ;

--
-- Contenu de la table `patient`
--

INSERT INTO `patient` (`id_patient`, `utilisateur_id`) VALUES
  (1, 2),
  (6, 5),
  (13, 6),
  (10, 8),
  (18, 11),
  (19, 13);

-- --------------------------------------------------------

--
-- Structure de la table `patient_medecin`
--

CREATE TABLE IF NOT EXISTS `patient_medecin` (
  `id_patient` int(11) NOT NULL,
  `id_medecin` int(11) NOT NULL
) ENGINE=InnoDB DEFAULT CHARSET=utf8 COLLATE=utf8_unicode_ci;

--
-- Contenu de la table `patient_medecin`
--

INSERT INTO `patient_medecin` (`id_patient`, `id_medecin`) VALUES
  (1, 1),
  (6, 1),
  (6, 3),
  (8, 1),
  (10, 1),
  (13, 1),
  (13, 4),
  (14, 1),
  (16, 3),
  (18, 4);

-- --------------------------------------------------------

--
-- Structure de la table `pausevideo`
--

CREATE TABLE IF NOT EXISTS `pausevideo` (
  `id_pause_video` int(11) NOT NULL,
  `URL` varchar(255) COLLATE utf8_unicode_ci DEFAULT NULL,
  `duree` int(11) DEFAULT NULL
) ENGINE=InnoDB  DEFAULT CHARSET=utf8 COLLATE=utf8_unicode_ci AUTO_INCREMENT=28 ;

--
-- Contenu de la table `pausevideo`
--

INSERT INTO `pausevideo` (`id_pause_video`, `URL`, `duree`) VALUES
  (1, 'https://www.youtube.com/embed/eTHde8NHYYM', 1),
  (2, 'https://www.youtube.com/embed/0hlKFlgN-PQ', 1),
  (3, 'https://www.youtube.com/embed/XFFpVVGJiz4', 1),
  (4, 'https://www.youtube.com/embed/hH_2qQ5Abd0', 1),
  (5, 'https://www.youtube.com/embed/Ki86Apbro40', 1),
  (6, 'https://www.youtube.com/embed/0i4decADw1E', 1),
  (7, 'https://www.youtube.com/embed/2vbkk643Pfk', 1),
  (8, 'https://www.youtube.com/embed/v9Lq_1y2t9c', 1),
  (9, 'https://www.youtube.com/embed/zwDBRXIobvI', 1),
  (10, 'https://www.youtube.com/embed/zgBG6dtw6Qw', 1),
  (11, 'https://www.youtube.com/embed/_mYfze3NTD4', 1),
  (12, 'https://www.youtube.com/embed/xyYq4w_kdVg', 1),
  (13, 'https://www.youtube.com/embed/-_bpeDZd1wU', 1),
  (14, 'https://www.youtube.com/embed/7kKLufqwyBE', 1),
  (15, 'https://www.youtube.com/embed/EGzVuWUMiGw', 1),
  (16, 'https://www.youtube.com/embed/JoAfgEpt3FU', 1),
  (17, 'https://www.youtube.com/embed/iDWGN_w6TsU', 1),
  (18, 'https://www.youtube.com/embed/bE7xZatyMIc', 1),
  (19, 'https://www.youtube.com/embed/hCn4RBskAs4', 1),
  (20, 'https://www.youtube.com/embed/V60UrRY5L-k', 1),
  (21, 'https://www.youtube.com/embed/rHv198Uo6Yw', 1),
  (22, 'https://www.youtube.com/embed/tWOHY9Grsdc', 1),
  (23, 'https://www.youtube.com/embed/Q8qZvtreTck', 1),
  (24, 'https://www.youtube.com/embed/Ag_16Iqq8T4', 1),
  (25, 'https://www.youtube.com/embed/I_d_cZifO3E', 1),
  (26, 'https://www.youtube.com/embed/pItkUHDz_sI', 1),
  (27, 'https://www.youtube.com/embed/lBidAqHcih0', 1);

-- --------------------------------------------------------

--
-- Structure de la table `phase`
--

CREATE TABLE IF NOT EXISTS `phase` (
  `id_phase` int(11) NOT NULL,
  `nom` varchar(255) COLLATE utf8_unicode_ci DEFAULT NULL
) ENGINE=InnoDB  DEFAULT CHARSET=utf8 COLLATE=utf8_unicode_ci AUTO_INCREMENT=4 ;

--
-- Contenu de la table `phase`
--

INSERT INTO `phase` (`id_phase`, `nom`) VALUES
  (1, 'Apprentissage'),
  (2, 'Entrainement'),
  (3, 'Transfert');

-- --------------------------------------------------------

--
-- Structure de la table `strategie`
--

CREATE TABLE IF NOT EXISTS `strategie` (
  `id_strategie` int(11) NOT NULL,
  `nom` varchar(255) COLLATE utf8_unicode_ci DEFAULT NULL,
  `nom_simple` varchar(255) COLLATE utf8_unicode_ci NOT NULL
) ENGINE=InnoDB  DEFAULT CHARSET=utf8 COLLATE=utf8_unicode_ci AUTO_INCREMENT=7 ;

--
-- Contenu de la table `strategie`
--

INSERT INTO `strategie` (`id_strategie`, `nom`, `nom_simple`) VALUES
  (1, 'Morphologie', 'Morphologie'),
  (2, 'Morphologie inverse', 'Morphologie_inverse'),
  (3, 'Métier', 'Metiers'),
  (4, 'Association d''idées', 'Association_idees'),
  (5, 'Aléatoire', 'Aleatoire'),
  (6, 'Phoneme', 'Phoneme');

-- --------------------------------------------------------

--
-- Structure de la table `utilisateur`
--

CREATE TABLE IF NOT EXISTS `utilisateur` (
  `id` int(11) NOT NULL,
  `username` varchar(255) COLLATE utf8_unicode_ci NOT NULL,
  `username_canonical` varchar(255) COLLATE utf8_unicode_ci NOT NULL,
  `email` varchar(255) COLLATE utf8_unicode_ci NOT NULL,
  `email_canonical` varchar(255) COLLATE utf8_unicode_ci NOT NULL,
  `enabled` tinyint(1) NOT NULL,
  `salt` varchar(255) COLLATE utf8_unicode_ci NOT NULL,
  `password` varchar(255) COLLATE utf8_unicode_ci NOT NULL,
  `last_login` datetime DEFAULT NULL,
  `locked` tinyint(1) NOT NULL,
  `expired` tinyint(1) NOT NULL,
  `expires_at` datetime DEFAULT NULL,
  `confirmation_token` varchar(255) COLLATE utf8_unicode_ci DEFAULT NULL,
  `password_requested_at` datetime DEFAULT NULL,
  `roles` longtext COLLATE utf8_unicode_ci NOT NULL COMMENT '(DC2Type:array)',
  `credentials_expired` tinyint(1) NOT NULL,
  `credentials_expire_at` datetime DEFAULT NULL,
  `nom` varchar(20) COLLATE utf8_unicode_ci DEFAULT NULL,
  `prenom` varchar(20) COLLATE utf8_unicode_ci DEFAULT NULL
) ENGINE=InnoDB  DEFAULT CHARSET=utf8 COLLATE=utf8_unicode_ci AUTO_INCREMENT=14 ;

--
-- Contenu de la table `utilisateur`
--

INSERT INTO `utilisateur` (`id`, `username`, `username_canonical`, `email`, `email_canonical`, `enabled`, `salt`, `password`, `last_login`, `locked`, `expired`, `expires_at`, `confirmation_token`, `password_requested_at`, `roles`, `credentials_expired`, `credentials_expire_at`, `nom`, `prenom`) VALUES
  (1, 'medecin', 'medecin', 'medecin@medecin.fr', 'medecin@medecin.fr', 1, '55tz9gyjar0o4kg4sc84goco4c8ooco', 'ZbF185jKyxLjqzC30yDZt8jg5S+fLTx4/uk5F60kNFebbYV98cGaT2a++r6Dar3U+zKi4IX9TlH7WuaSFfXLUg==', '2016-05-27 12:26:12', 0, 0, NULL, NULL, NULL, 'a:0:{}', 0, NULL, 'Medecin', 'Medecin'),
  (2, 'patient', 'patient', 'patient@patient.fr', 'patient@patient.fr', 1, 'n53n3djijjksk8ss8gkgscgcs8c8ww4', 'j+ca8I0EDpVCXQRD+UmZEq8YlAsETaidLe9LWTe5WQ9a2C8ilHP1407Auz2SyYlwHpdkH7L/jTZSXC6Wf4BGjA==', '2016-05-26 11:29:50', 0, 0, NULL, NULL, NULL, 'a:0:{}', 0, NULL, 'Patient', 'Patient'),
  (5, 'user', 'user', 'utilisateur@utilisateur.fr', 'utilisateur@utilisateur.fr', 1, 'hco9h1im8ygcw0sogkgwgwwg000so4c', 'jYjmaGr+hqly9UtpCeKbWMfPOZRjqL5kPuemCsoggmliY70jdmeqxFCsYC36vfdf/stNbIkPQtTncfru/M1W9w==', '2016-05-27 12:55:28', 0, 0, NULL, NULL, NULL, 'a:0:{}', 0, NULL, 'PLUS', 'Brian'),
  (6, 'titi', 'titi', 'jfpp@laposte.net', 'jfpp@laposte.net', 1, '484wxy8bans44k8gwco4s0c8w80o40c', 'Y4rdplpDS0Lng0MIc6OAsMMM3rHYBdLUbVhjS7o8lh9aSvfPqQzvLH/fFssYrNHRqjV18m1h6G3xtcMuaXsnbQ==', '2016-11-25 11:22:09', 0, 0, NULL, NULL, NULL, 'a:0:{}', 0, NULL, 'TITI', 'petit'),
  (7, 'beta', 'beta', 'test@test.com', 'test@test.com', 1, '7jcoand31hk44w0o40wcgs0004go8sk', 'Z/0xommWhxebZqoevaH2I9I20V74Ce7w5QWcKuK6kngtsNnJ3F16Pe5afLfCbTgMwXevdJtjKTvglZ0Kga/vnA==', '2016-11-14 17:25:09', 0, 0, NULL, NULL, NULL, 'a:0:{}', 0, NULL, 'beta', 'test'),
  (8, 'JFPP', 'jfpp', 'jean-francois.pradat-peyre@u-paris10.fr', 'jean-francois.pradat-peyre@u-paris10.fr', 1, 'pp15vdxzhs0wwckoow0w0go8o8k0woc', '1FLKv6B6m/+jHwH08CSfetIuFXkcJobXaOPPCqDFbd5xto9Ky5GO0rufQOhXjyq/9UPm59MUYpfOciRFIQYTvw==', '2016-11-14 18:30:16', 0, 0, NULL, NULL, NULL, 'a:0:{}', 0, NULL, 'PRADAT-PEYRE', 'J.-F.'),
  (10, 'ortho', 'ortho', 'toto@toto.net', 'toto@toto.net', 1, '317wbq7dhfcwk8wc0c0scg0occk4gc0', '4Mi3ftfLUiXoiWez2JuMGcRiFY44HxDhIfzdXE/iIjFQHLTHIxnTmmLrlFHh9YFQK76Fyk5pB8no7u0y2NI8NQ==', '2016-11-28 21:00:11', 0, 0, NULL, NULL, NULL, 'a:0:{}', 0, NULL, 'Ortho', 'C.'),
  (11, 'pat1', 'pat1', 'pat1@pat1.net', 'pat1@pat1.net', 1, 'patr4yhm1lc8swksgc8c8ssgckoc8o0', '8/zIBA3/uyPpv8Fv++6FfvXa0SWqlsaiiJXhdH3dBoqxx2cV0Ld0QoQq11ZVLiR2AcdQy1IK+xXzGiIp2BKGTQ==', '2016-11-28 21:03:11', 0, 0, NULL, NULL, NULL, 'a:0:{}', 0, NULL, 'PATIENT1', 'jj'),
  (12, 'Mktotoy', 'mktotoy', 'thomas.aonzo@gmail.com', 'thomas.aonzo@gmail.com', 1, 't8zlv1wiscg00ckck44oo4wkoc4swo', 'QbpsP6NQd9xO+besbkz0gb0dFL4mVahRH2GxR+9kymrlAnvEQHLR9cd0aAwu7tk6erxx6+98lKe4jTzctgUfuw==', '2017-04-05 10:19:58', 0, 0, NULL, NULL, NULL, 'a:0:{}', 0, NULL, 'Aonzo', 'Thomas'),
  (13, 'laurent', 'laurent', 'laurentm@laurentm.fr', 'laurentm@laurentm.fr', 1, 'ep23rbx28zcwoks000w04gcg8w0gwsg', 'sOT8XPxT67ADR7FdD3UPxwVlJb5UyS5LtUq7qx/pTocKKd9AecLStj07koXqVXqhdDe/F9PZY3/w5g4rh71ajw==', '2017-03-30 10:46:14', 0, 0, NULL, NULL, NULL, 'a:0:{}', 0, NULL, 'M', 'Laurent');

--
-- Index pour les tables exportées
--

--
-- Index pour la table `etape`
--
ALTER TABLE `etape`
ADD PRIMARY KEY (`id_etape`), ADD KEY `IDX_285F75DDB4C32BD8` (`id_exercice`);

--
-- Index pour la table `etape_multimedia`
--
ALTER TABLE `etape_multimedia`
ADD PRIMARY KEY (`id_etape`,`id_multimedia`), ADD KEY `IDX_51A9C43FC6DA34ED` (`id_etape`), ADD KEY `IDX_51A9C43FC4BBA8B4` (`id_multimedia`);

--
-- Index pour la table `exercice`
--
ALTER TABLE `exercice`
ADD PRIMARY KEY (`id_exercice`), ADD UNIQUE KEY `UNIQ_E418C74DC6DA34ED` (`id_etape`), ADD KEY `IDX_E418C74DFB820CAC` (`id_strategie`), ADD KEY `IDX_E418C74D5F3897FB` (`id_phase`), ADD KEY `IDX_E418C74D23ACAAD0` (`id_partie`);

--
-- Index pour la table `medecin`
--
ALTER TABLE `medecin`
ADD PRIMARY KEY (`id_medecin`), ADD UNIQUE KEY `UNIQ_1BDA53C6FB88E14F` (`utilisateur_id`);

--
-- Index pour la table `multimedia`
--
ALTER TABLE `multimedia`
ADD PRIMARY KEY (`id_multimedia`), ADD KEY `IDX_61312863FB820CAC` (`id_strategie`);

--
-- Index pour la table `partie`
--
ALTER TABLE `partie`
ADD PRIMARY KEY (`id_partie`), ADD KEY `IDX_59B1F3DC4477E9B` (`id_patient`);

--
-- Index pour la table `patient`
--
ALTER TABLE `patient`
ADD PRIMARY KEY (`id_patient`), ADD UNIQUE KEY `UNIQ_1ADAD7EBFB88E14F` (`utilisateur_id`);

--
-- Index pour la table `patient_medecin`
--
ALTER TABLE `patient_medecin`
ADD PRIMARY KEY (`id_patient`,`id_medecin`), ADD KEY `IDX_46B9062DC4477E9B` (`id_patient`), ADD KEY `IDX_46B9062DC547FAB6` (`id_medecin`);

--
-- Index pour la table `pausevideo`
--
ALTER TABLE `pausevideo`
ADD PRIMARY KEY (`id_pause_video`);

--
-- Index pour la table `phase`
--
ALTER TABLE `phase`
ADD PRIMARY KEY (`id_phase`);

--
-- Index pour la table `strategie`
--
ALTER TABLE `strategie`
ADD PRIMARY KEY (`id_strategie`);

--
-- Index pour la table `utilisateur`
--
ALTER TABLE `utilisateur`
ADD PRIMARY KEY (`id`), ADD UNIQUE KEY `UNIQ_1D1C63B392FC23A8` (`username_canonical`), ADD UNIQUE KEY `UNIQ_1D1C63B3A0D96FBF` (`email_canonical`);

--
-- AUTO_INCREMENT pour les tables exportées
--

--
-- AUTO_INCREMENT pour la table `etape`
--
ALTER TABLE `etape`
MODIFY `id_etape` int(11) NOT NULL AUTO_INCREMENT,AUTO_INCREMENT=3537;
--
-- AUTO_INCREMENT pour la table `exercice`
--
ALTER TABLE `exercice`
MODIFY `id_exercice` int(11) NOT NULL AUTO_INCREMENT,AUTO_INCREMENT=273;
--
-- AUTO_INCREMENT pour la table `medecin`
--
ALTER TABLE `medecin`
MODIFY `id_medecin` int(11) NOT NULL AUTO_INCREMENT,AUTO_INCREMENT=5;
--
-- AUTO_INCREMENT pour la table `multimedia`
--
ALTER TABLE `multimedia`
MODIFY `id_multimedia` int(11) NOT NULL AUTO_INCREMENT,AUTO_INCREMENT=243;
--
-- AUTO_INCREMENT pour la table `partie`
--
ALTER TABLE `partie`
MODIFY `id_partie` int(11) NOT NULL AUTO_INCREMENT,AUTO_INCREMENT=167;
--
-- AUTO_INCREMENT pour la table `patient`
--
ALTER TABLE `patient`
MODIFY `id_patient` int(11) NOT NULL AUTO_INCREMENT,AUTO_INCREMENT=20;
--
-- AUTO_INCREMENT pour la table `pausevideo`
--
ALTER TABLE `pausevideo`
MODIFY `id_pause_video` int(11) NOT NULL AUTO_INCREMENT,AUTO_INCREMENT=28;
--
-- AUTO_INCREMENT pour la table `phase`
--
ALTER TABLE `phase`
MODIFY `id_phase` int(11) NOT NULL AUTO_INCREMENT,AUTO_INCREMENT=4;
--
-- AUTO_INCREMENT pour la table `strategie`
--
ALTER TABLE `strategie`
MODIFY `id_strategie` int(11) NOT NULL AUTO_INCREMENT,AUTO_INCREMENT=7;
--
-- AUTO_INCREMENT pour la table `utilisateur`
--
ALTER TABLE `utilisateur`
MODIFY `id` int(11) NOT NULL AUTO_INCREMENT,AUTO_INCREMENT=14;
--
-- Contraintes pour les tables exportées
--

--
-- Contraintes pour la table `etape`
--
ALTER TABLE `etape`
ADD CONSTRAINT `FK_285F75DDB4C32BD8` FOREIGN KEY (`id_exercice`) REFERENCES `exercice` (`id_exercice`) ON DELETE CASCADE;

--
-- Contraintes pour la table `etape_multimedia`
--
ALTER TABLE `etape_multimedia`
ADD CONSTRAINT `FK_51A9C43FC4BBA8B4` FOREIGN KEY (`id_multimedia`) REFERENCES `multimedia` (`id_multimedia`) ON DELETE CASCADE,
ADD CONSTRAINT `FK_51A9C43FC6DA34ED` FOREIGN KEY (`id_etape`) REFERENCES `etape` (`id_etape`) ON DELETE CASCADE;

--
-- Contraintes pour la table `medecin`
--
ALTER TABLE `medecin`
ADD CONSTRAINT `FK_1BDA53C6FB88E14F` FOREIGN KEY (`utilisateur_id`) REFERENCES `utilisateur` (`id`);

/*!40101 SET CHARACTER_SET_CLIENT=@OLD_CHARACTER_SET_CLIENT */;
/*!40101 SET CHARACTER_SET_RESULTS=@OLD_CHARACTER_SET_RESULTS */;
/*!40101 SET COLLATION_CONNECTION=@OLD_COLLATION_CONNECTION */;
