-- phpMyAdmin SQL Dump
-- version 4.6.4
-- https://www.phpmyadmin.net/
--
-- Client :  localhost:8889
-- Généré le :  Lun 28 Novembre 2016 à 21:04
-- Version du serveur :  5.6.33
-- Version de PHP :  7.0.12

SET SQL_MODE = "NO_AUTO_VALUE_ON_ZERO";
SET time_zone = "+00:00";

--
-- Base de données :  `orthophonie`
--

-- --------------------------------------------------------

--
-- Structure de la table `etape`
--

CREATE TABLE `etape` (
  `id_etape` int(11) NOT NULL,
  `id_exercice` int(11) DEFAULT NULL,
  `num_etape` int(11) DEFAULT NULL,
  `bonne_reponse` tinyint(1) NOT NULL
) ENGINE=InnoDB DEFAULT CHARSET=utf8 COLLATE=utf8_unicode_ci;

--
-- Contenu de la table `etape`
--

INSERT INTO `etape` (`id_etape`, `id_exercice`, `num_etape`, `bonne_reponse`) VALUES
(1, 1, 1, 0),
(2, 1, 2, 0),
(3, 1, 3, 0),
(4, 1, 4, 0),
(5, 1, 5, 0),
(6, 1, 6, 0),
(7, 1, 7, 0),
(8, 1, 8, 0),
(9, 1, 9, 0),
(10, 1, 10, 0),
(11, 1, 11, 0),
(12, 1, 12, 0),
(13, 1, 13, 0),
(14, 2, 1, 1),
(15, 2, 2, 1),
(16, 2, 3, 1),
(17, 2, 4, 1),
(18, 2, 5, 1),
(19, 2, 6, 1),
(20, 2, 7, 1),
(21, 2, 8, 1),
(22, 2, 9, 1),
(23, 2, 10, 1),
(24, 2, 11, 1),
(25, 2, 12, 1),
(26, 2, 13, 1),
(27, 3, 1, 0),
(28, 3, 2, 0),
(29, 3, 3, 0),
(30, 3, 4, 0),
(31, 3, 5, 0),
(32, 3, 6, 0),
(33, 3, 7, 0),
(34, 3, 8, 0),
(35, 3, 9, 0),
(36, 3, 10, 0),
(37, 3, 11, 0),
(38, 3, 12, 0),
(39, 3, 13, 0),
(40, 4, 1, 0),
(41, 4, 2, 0),
(42, 4, 3, 0),
(43, 4, 4, 0),
(44, 4, 5, 0),
(45, 4, 6, 0),
(46, 4, 7, 0),
(47, 4, 8, 0),
(48, 4, 9, 0),
(49, 4, 10, 0),
(50, 4, 11, 0),
(51, 4, 12, 0),
(52, 4, 13, 0),
(53, 5, 1, 0),
(54, 5, 2, 0),
(55, 5, 3, 0),
(56, 5, 4, 0),
(57, 5, 5, 0),
(58, 5, 6, 0),
(59, 5, 7, 0),
(60, 5, 8, 0),
(61, 5, 9, 0),
(62, 5, 10, 0),
(63, 5, 11, 0),
(64, 5, 12, 0),
(65, 5, 13, 0),
(66, 6, 1, 0),
(67, 6, 2, 0),
(68, 6, 3, 0),
(69, 6, 4, 0),
(70, 6, 5, 0),
(71, 6, 6, 0),
(72, 6, 7, 0),
(73, 6, 8, 0),
(74, 6, 9, 0),
(75, 6, 10, 0),
(76, 6, 11, 0),
(77, 6, 12, 0),
(78, 6, 13, 0),
(79, 7, 1, 0),
(80, 7, 2, 0),
(81, 7, 3, 0),
(82, 7, 4, 0),
(83, 7, 5, 0),
(84, 7, 6, 0),
(85, 7, 7, 0),
(86, 7, 8, 0),
(87, 7, 9, 0),
(88, 7, 10, 0),
(89, 7, 11, 0),
(90, 7, 12, 0),
(91, 7, 13, 0),
(92, 8, 1, 0),
(93, 8, 2, 0),
(94, 8, 3, 0),
(95, 8, 4, 0),
(96, 8, 5, 0),
(97, 8, 6, 0),
(98, 8, 7, 0),
(99, 8, 8, 0),
(100, 8, 9, 0),
(101, 8, 10, 0),
(102, 8, 11, 0),
(103, 8, 12, 0),
(104, 8, 13, 0),
(105, 9, 1, 0),
(106, 9, 2, 0),
(107, 9, 3, 0),
(108, 9, 4, 0),
(109, 9, 5, 0),
(110, 9, 6, 0),
(111, 9, 7, 0),
(112, 9, 8, 0),
(113, 9, 9, 0),
(114, 9, 10, 0),
(115, 9, 11, 0),
(116, 9, 12, 0),
(117, 9, 13, 0),
(118, 10, 1, 0),
(119, 10, 2, 0),
(120, 10, 3, 0),
(121, 10, 4, 0),
(122, 10, 5, 0),
(123, 10, 6, 0),
(124, 10, 7, 0),
(125, 10, 8, 0),
(126, 10, 9, 0),
(127, 10, 10, 0),
(128, 10, 11, 0),
(129, 10, 12, 0),
(130, 10, 13, 0),
(131, 11, 1, 0),
(132, 11, 2, 0),
(133, 11, 3, 0),
(134, 11, 4, 0),
(135, 11, 5, 0),
(136, 11, 6, 0),
(137, 11, 7, 0),
(138, 11, 8, 0),
(139, 11, 9, 0),
(140, 11, 10, 0),
(141, 11, 11, 0),
(142, 11, 12, 0),
(143, 11, 13, 0),
(144, 12, 1, 0),
(145, 12, 2, 0),
(146, 12, 3, 0),
(147, 12, 4, 0),
(148, 12, 5, 0),
(149, 12, 6, 0),
(150, 12, 7, 0),
(151, 12, 8, 0),
(152, 12, 9, 0),
(153, 12, 10, 0),
(154, 12, 11, 0),
(155, 12, 12, 0),
(156, 12, 13, 0),
(157, 13, 1, 0),
(158, 13, 2, 0),
(159, 13, 3, 0),
(160, 13, 4, 0),
(161, 13, 5, 0),
(162, 13, 6, 0),
(163, 13, 7, 0),
(164, 13, 8, 0),
(165, 13, 9, 0),
(166, 13, 10, 0),
(167, 13, 11, 0),
(168, 13, 12, 0),
(169, 13, 13, 0),
(170, 14, 1, 0),
(171, 14, 2, 0),
(172, 14, 3, 0),
(173, 14, 4, 0),
(174, 14, 5, 0),
(175, 14, 6, 0),
(176, 14, 7, 0),
(177, 14, 8, 0),
(178, 14, 9, 0),
(179, 14, 10, 0),
(180, 14, 11, 0),
(181, 14, 12, 0),
(182, 14, 13, 0),
(183, 15, 1, 0),
(184, 15, 2, 0),
(185, 15, 3, 0),
(186, 15, 4, 0),
(187, 15, 5, 0),
(188, 15, 6, 0),
(189, 15, 7, 0),
(190, 15, 8, 0),
(191, 15, 9, 0),
(192, 15, 10, 0),
(193, 15, 11, 0),
(194, 15, 12, 0),
(195, 15, 13, 0),
(196, 16, 1, 0),
(197, 16, 2, 0),
(198, 16, 3, 0),
(199, 16, 4, 0),
(200, 16, 5, 0),
(201, 16, 6, 0),
(202, 16, 7, 0),
(203, 16, 8, 0),
(204, 16, 9, 0),
(205, 16, 10, 0),
(206, 16, 11, 0),
(207, 16, 12, 0),
(208, 16, 13, 0),
(209, 17, 1, 0),
(210, 17, 2, 0),
(211, 17, 3, 0),
(212, 17, 4, 0),
(213, 17, 5, 0),
(214, 17, 6, 0),
(215, 17, 7, 0),
(216, 17, 8, 0),
(217, 17, 9, 0),
(218, 17, 10, 0),
(219, 17, 11, 0),
(220, 17, 12, 0),
(221, 17, 13, 0),
(222, 18, 1, 0),
(223, 18, 2, 0),
(224, 18, 3, 0),
(225, 18, 4, 0),
(226, 18, 5, 0),
(227, 18, 6, 0),
(228, 18, 7, 0),
(229, 18, 8, 0),
(230, 18, 9, 0),
(231, 18, 10, 0),
(232, 18, 11, 0),
(233, 18, 12, 0),
(234, 18, 13, 0),
(235, 19, 1, 1),
(236, 19, 2, 1),
(237, 19, 3, 1),
(238, 19, 4, 1),
(239, 19, 5, 1),
(240, 19, 6, 1),
(241, 19, 7, 1),
(242, 19, 8, 1),
(243, 19, 9, 1),
(244, 19, 10, 1),
(245, 19, 11, 1),
(246, 19, 12, 1),
(247, 19, 13, 1),
(248, 20, 1, 0),
(249, 20, 2, 0),
(250, 20, 3, 0),
(251, 20, 4, 0),
(252, 20, 5, 0),
(253, 20, 6, 0),
(254, 20, 7, 0),
(255, 20, 8, 0),
(256, 20, 9, 0),
(257, 20, 10, 0),
(258, 20, 11, 0),
(259, 20, 12, 0),
(260, 20, 13, 0),
(261, 21, 1, 0),
(262, 21, 2, 0),
(263, 21, 3, 0),
(264, 21, 4, 0),
(265, 21, 5, 0),
(266, 21, 6, 0),
(267, 21, 7, 0),
(268, 21, 8, 0),
(269, 21, 9, 0),
(270, 21, 10, 0),
(271, 21, 11, 0),
(272, 21, 12, 0),
(273, 21, 13, 0),
(274, 22, 1, 0),
(275, 22, 2, 0),
(276, 22, 3, 0),
(277, 22, 4, 0),
(278, 22, 5, 0),
(279, 22, 6, 0),
(280, 22, 7, 0),
(281, 22, 8, 0),
(282, 22, 9, 0),
(283, 22, 10, 0),
(284, 22, 11, 0),
(285, 22, 12, 0),
(286, 22, 13, 0),
(287, 23, 1, 0),
(288, 23, 2, 0),
(289, 23, 3, 0),
(290, 23, 4, 0),
(291, 23, 5, 0),
(292, 23, 6, 0),
(293, 23, 7, 0),
(294, 23, 8, 0),
(295, 23, 9, 0),
(296, 23, 10, 0),
(297, 23, 11, 0),
(298, 23, 12, 0),
(299, 23, 13, 0),
(300, 24, 1, 0),
(301, 24, 2, 0),
(302, 24, 3, 0),
(303, 24, 4, 0),
(304, 24, 5, 0),
(305, 24, 6, 0),
(306, 24, 7, 0),
(307, 24, 8, 0),
(308, 24, 9, 0),
(309, 24, 10, 0),
(310, 24, 11, 0),
(311, 24, 12, 0),
(312, 24, 13, 0),
(313, 25, 1, 0),
(314, 25, 2, 0),
(315, 25, 3, 0),
(316, 25, 4, 0),
(317, 25, 5, 0),
(318, 25, 6, 0),
(319, 25, 7, 0),
(320, 25, 8, 0),
(321, 25, 9, 0),
(322, 25, 10, 0),
(323, 25, 11, 0),
(324, 25, 12, 0),
(325, 25, 13, 0),
(326, 26, 1, 0),
(327, 26, 2, 0),
(328, 26, 3, 0),
(329, 26, 4, 0),
(330, 26, 5, 0),
(331, 26, 6, 0),
(332, 26, 7, 0),
(333, 26, 8, 0),
(334, 26, 9, 0),
(335, 26, 10, 0),
(336, 26, 11, 0),
(337, 26, 12, 0),
(338, 26, 13, 0),
(339, 27, 1, 0),
(340, 27, 2, 0),
(341, 27, 3, 0),
(342, 27, 4, 0),
(343, 27, 5, 0),
(344, 27, 6, 0),
(345, 27, 7, 0),
(346, 27, 8, 0),
(347, 27, 9, 0),
(348, 27, 10, 0),
(349, 27, 11, 0),
(350, 27, 12, 0),
(351, 27, 13, 0),
(352, 28, 1, 0),
(353, 28, 2, 0),
(354, 28, 3, 0),
(355, 28, 4, 0),
(356, 28, 5, 0),
(357, 28, 6, 0),
(358, 28, 7, 0),
(359, 28, 8, 0),
(360, 28, 9, 0),
(361, 28, 10, 0),
(362, 28, 11, 0),
(363, 28, 12, 0),
(364, 28, 13, 0),
(365, 29, 1, 0),
(366, 29, 2, 0),
(367, 29, 3, 0),
(368, 29, 4, 0),
(369, 29, 5, 0),
(370, 29, 6, 0),
(371, 29, 7, 0),
(372, 29, 8, 0),
(373, 29, 9, 0),
(374, 29, 10, 0),
(375, 29, 11, 0),
(376, 29, 12, 0),
(377, 29, 13, 0),
(378, 30, 1, 0),
(379, 30, 2, 0),
(380, 30, 3, 0),
(381, 30, 4, 0),
(382, 30, 5, 0),
(383, 30, 6, 0),
(384, 30, 7, 0),
(385, 30, 8, 0),
(386, 30, 9, 0),
(387, 30, 10, 0),
(388, 30, 11, 0),
(389, 30, 12, 0),
(390, 30, 13, 0),
(391, 31, 1, 0),
(392, 31, 2, 0),
(393, 31, 3, 0),
(394, 31, 4, 0),
(395, 31, 5, 0),
(396, 31, 6, 0),
(397, 31, 7, 0),
(398, 31, 8, 0),
(399, 31, 9, 0),
(400, 31, 10, 0),
(401, 31, 11, 0),
(402, 31, 12, 0),
(403, 31, 13, 0),
(404, 32, 1, 0),
(405, 32, 2, 0),
(406, 32, 3, 0),
(407, 32, 4, 0),
(408, 32, 5, 0),
(409, 32, 6, 0),
(410, 32, 7, 0),
(411, 32, 8, 0),
(412, 32, 9, 0),
(413, 32, 10, 0),
(414, 32, 11, 0),
(415, 32, 12, 0),
(416, 32, 13, 0),
(417, 33, 1, 0),
(418, 33, 2, 0),
(419, 33, 3, 0),
(420, 33, 4, 0),
(421, 33, 5, 0),
(422, 33, 6, 0),
(423, 33, 7, 0),
(424, 33, 8, 0),
(425, 33, 9, 0),
(426, 33, 10, 0),
(427, 33, 11, 0),
(428, 33, 12, 0),
(429, 33, 13, 0),
(430, 34, 1, 0),
(431, 34, 2, 0),
(432, 34, 3, 0),
(433, 34, 4, 0),
(434, 34, 5, 0),
(435, 34, 6, 0),
(436, 34, 7, 0),
(437, 34, 8, 0),
(438, 34, 9, 0),
(439, 34, 10, 0),
(440, 34, 11, 0),
(441, 34, 12, 0),
(442, 34, 13, 0),
(443, 35, 1, 0),
(444, 35, 2, 0),
(445, 35, 3, 0),
(446, 35, 4, 0),
(447, 35, 5, 0),
(448, 35, 6, 0),
(449, 35, 7, 0),
(450, 35, 8, 0),
(451, 35, 9, 0),
(452, 35, 10, 0),
(453, 35, 11, 0),
(454, 35, 12, 0),
(455, 35, 13, 0),
(456, 36, 1, 1),
(457, 36, 2, 1),
(458, 36, 3, 1),
(459, 36, 4, 1),
(460, 36, 5, 1),
(461, 36, 6, 1),
(462, 36, 7, 1),
(463, 36, 8, 1),
(464, 36, 9, 1),
(465, 36, 10, 1),
(466, 36, 11, 1),
(467, 36, 12, 1),
(468, 36, 13, 1),
(469, 37, 1, 0),
(470, 37, 2, 0),
(471, 37, 3, 0),
(472, 37, 4, 0),
(473, 37, 5, 0),
(474, 37, 6, 0),
(475, 37, 7, 0),
(476, 37, 8, 0),
(477, 37, 9, 0),
(478, 37, 10, 0),
(479, 37, 11, 0),
(480, 37, 12, 0),
(481, 37, 13, 0),
(482, 38, 1, 0),
(483, 38, 2, 0),
(484, 38, 3, 0),
(485, 38, 4, 0),
(486, 38, 5, 0),
(487, 38, 6, 0),
(488, 38, 7, 0),
(489, 38, 8, 0),
(490, 38, 9, 0),
(491, 38, 10, 0),
(492, 38, 11, 0),
(493, 38, 12, 0),
(494, 38, 13, 0),
(495, 39, 1, 0),
(496, 39, 2, 0),
(497, 39, 3, 0),
(498, 39, 4, 0),
(499, 39, 5, 0),
(500, 39, 6, 0),
(501, 39, 7, 0),
(502, 39, 8, 0),
(503, 39, 9, 0),
(504, 39, 10, 0),
(505, 39, 11, 0),
(506, 39, 12, 0),
(507, 39, 13, 0),
(508, 40, 1, 0),
(509, 40, 2, 0),
(510, 40, 3, 0),
(511, 40, 4, 0),
(512, 40, 5, 0),
(513, 40, 6, 0),
(514, 40, 7, 0),
(515, 40, 8, 0),
(516, 40, 9, 0),
(517, 40, 10, 0),
(518, 40, 11, 0),
(519, 40, 12, 0),
(520, 40, 13, 0),
(521, 41, 1, 0),
(522, 41, 2, 0),
(523, 41, 3, 0),
(524, 41, 4, 0),
(525, 41, 5, 0),
(526, 41, 6, 0),
(527, 41, 7, 0),
(528, 41, 8, 0),
(529, 41, 9, 0),
(530, 41, 10, 0),
(531, 41, 11, 0),
(532, 41, 12, 0),
(533, 41, 13, 0),
(534, 42, 1, 0),
(535, 42, 2, 0),
(536, 42, 3, 0),
(537, 42, 4, 0),
(538, 42, 5, 0),
(539, 42, 6, 0),
(540, 42, 7, 0),
(541, 42, 8, 0),
(542, 42, 9, 0),
(543, 42, 10, 0),
(544, 42, 11, 0),
(545, 42, 12, 0),
(546, 42, 13, 0),
(547, 43, 1, 0),
(548, 43, 2, 0),
(549, 43, 3, 0),
(550, 43, 4, 0),
(551, 43, 5, 0),
(552, 43, 6, 0),
(553, 43, 7, 0),
(554, 43, 8, 0),
(555, 43, 9, 0),
(556, 43, 10, 0),
(557, 43, 11, 0),
(558, 43, 12, 0),
(559, 43, 13, 0),
(560, 44, 1, 0),
(561, 44, 2, 0),
(562, 44, 3, 0),
(563, 44, 4, 0),
(564, 44, 5, 0),
(565, 44, 6, 0),
(566, 44, 7, 0),
(567, 44, 8, 0),
(568, 44, 9, 0),
(569, 44, 10, 0),
(570, 44, 11, 0),
(571, 44, 12, 0),
(572, 44, 13, 0),
(573, 45, 1, 0),
(574, 45, 2, 0),
(575, 45, 3, 0),
(576, 45, 4, 0),
(577, 45, 5, 0),
(578, 45, 6, 0),
(579, 45, 7, 0),
(580, 45, 8, 0),
(581, 45, 9, 0),
(582, 45, 10, 0),
(583, 45, 11, 0),
(584, 45, 12, 0),
(585, 45, 13, 0),
(586, 46, 1, 0),
(587, 46, 2, 0),
(588, 46, 3, 0),
(589, 46, 4, 0),
(590, 46, 5, 0),
(591, 46, 6, 0),
(592, 46, 7, 0),
(593, 46, 8, 0),
(594, 46, 9, 0),
(595, 46, 10, 0),
(596, 46, 11, 0),
(597, 46, 12, 0),
(598, 46, 13, 0),
(599, 47, 1, 0),
(600, 47, 2, 0),
(601, 47, 3, 0),
(602, 47, 4, 0),
(603, 47, 5, 0),
(604, 47, 6, 0),
(605, 47, 7, 0),
(606, 47, 8, 0),
(607, 47, 9, 0),
(608, 47, 10, 0),
(609, 47, 11, 0),
(610, 47, 12, 0),
(611, 47, 13, 0),
(612, 48, 1, 0),
(613, 48, 2, 0),
(614, 48, 3, 0),
(615, 48, 4, 0),
(616, 48, 5, 0),
(617, 48, 6, 0),
(618, 48, 7, 0),
(619, 48, 8, 0),
(620, 48, 9, 0),
(621, 48, 10, 0),
(622, 48, 11, 0),
(623, 48, 12, 0),
(624, 48, 13, 0),
(625, 49, 1, 0),
(626, 49, 2, 0),
(627, 49, 3, 0),
(628, 49, 4, 0),
(629, 49, 5, 0),
(630, 49, 6, 0),
(631, 49, 7, 0),
(632, 49, 8, 0),
(633, 49, 9, 0),
(634, 49, 10, 0),
(635, 49, 11, 0),
(636, 49, 12, 0),
(637, 49, 13, 0),
(638, 50, 1, 0),
(639, 50, 2, 0),
(640, 50, 3, 0),
(641, 50, 4, 0),
(642, 50, 5, 0),
(643, 50, 6, 0),
(644, 50, 7, 0),
(645, 50, 8, 0),
(646, 50, 9, 0),
(647, 50, 10, 0),
(648, 50, 11, 0),
(649, 50, 12, 0),
(650, 50, 13, 0),
(651, 51, 1, 0),
(652, 51, 2, 0),
(653, 51, 3, 0),
(654, 51, 4, 0),
(655, 51, 5, 0),
(656, 51, 6, 0),
(657, 51, 7, 0),
(658, 51, 8, 0),
(659, 51, 9, 0),
(660, 51, 10, 0),
(661, 51, 11, 0),
(662, 51, 12, 0),
(663, 51, 13, 0),
(664, 52, 1, 0),
(665, 52, 2, 0),
(666, 52, 3, 0),
(667, 52, 4, 0),
(668, 52, 5, 0),
(669, 52, 6, 0),
(670, 52, 7, 0),
(671, 52, 8, 0),
(672, 52, 9, 0),
(673, 52, 10, 0),
(674, 52, 11, 0),
(675, 52, 12, 0),
(676, 52, 13, 0),
(677, 53, 1, 1),
(678, 53, 2, 1),
(679, 53, 3, 1),
(680, 53, 4, 0),
(681, 53, 5, 0),
(682, 53, 6, 0),
(683, 53, 7, 0),
(684, 53, 8, 0),
(685, 53, 9, 0),
(686, 53, 10, 0),
(687, 53, 11, 0),
(688, 53, 12, 0),
(689, 53, 13, 0),
(690, 54, 1, 0),
(691, 54, 2, 0),
(692, 54, 3, 0),
(693, 54, 4, 0),
(694, 54, 5, 0),
(695, 54, 6, 0),
(696, 54, 7, 0),
(697, 54, 8, 0),
(698, 54, 9, 0),
(699, 54, 10, 0),
(700, 54, 11, 0),
(701, 54, 12, 0),
(702, 54, 13, 0),
(703, 55, 1, 0),
(704, 55, 2, 0),
(705, 55, 3, 0),
(706, 55, 4, 0),
(707, 55, 5, 0),
(708, 55, 6, 0),
(709, 55, 7, 0),
(710, 55, 8, 0),
(711, 55, 9, 0),
(712, 55, 10, 0),
(713, 55, 11, 0),
(714, 55, 12, 0),
(715, 55, 13, 0),
(716, 56, 1, 0),
(717, 56, 2, 0),
(718, 56, 3, 0),
(719, 56, 4, 0),
(720, 56, 5, 0),
(721, 56, 6, 0),
(722, 56, 7, 0),
(723, 56, 8, 0),
(724, 56, 9, 0),
(725, 56, 10, 0),
(726, 56, 11, 0),
(727, 56, 12, 0),
(728, 56, 13, 0),
(729, 57, 1, 0),
(730, 57, 2, 0),
(731, 57, 3, 0),
(732, 57, 4, 0),
(733, 57, 5, 0),
(734, 57, 6, 0),
(735, 57, 7, 0),
(736, 57, 8, 0),
(737, 57, 9, 0),
(738, 57, 10, 0),
(739, 57, 11, 0),
(740, 57, 12, 0),
(741, 57, 13, 0),
(742, 58, 1, 0),
(743, 58, 2, 0),
(744, 58, 3, 0),
(745, 58, 4, 0),
(746, 58, 5, 0),
(747, 58, 6, 0),
(748, 58, 7, 0),
(749, 58, 8, 0),
(750, 58, 9, 0),
(751, 58, 10, 0),
(752, 58, 11, 0),
(753, 58, 12, 0),
(754, 58, 13, 0),
(755, 59, 1, 0),
(756, 59, 2, 0),
(757, 59, 3, 0),
(758, 59, 4, 0),
(759, 59, 5, 0),
(760, 59, 6, 0),
(761, 59, 7, 0),
(762, 59, 8, 0),
(763, 59, 9, 0),
(764, 59, 10, 0),
(765, 59, 11, 0),
(766, 59, 12, 0),
(767, 59, 13, 0),
(768, 60, 1, 0),
(769, 60, 2, 0),
(770, 60, 3, 0),
(771, 60, 4, 0),
(772, 60, 5, 0),
(773, 60, 6, 0),
(774, 60, 7, 0),
(775, 60, 8, 0),
(776, 60, 9, 0),
(777, 60, 10, 0),
(778, 60, 11, 0),
(779, 60, 12, 0),
(780, 60, 13, 0),
(781, 61, 1, 0),
(782, 61, 2, 0),
(783, 61, 3, 0),
(784, 61, 4, 0),
(785, 61, 5, 0),
(786, 61, 6, 0),
(787, 61, 7, 0),
(788, 61, 8, 0),
(789, 61, 9, 0),
(790, 61, 10, 0),
(791, 61, 11, 0),
(792, 61, 12, 0),
(793, 61, 13, 0),
(794, 62, 1, 0),
(795, 62, 2, 0),
(796, 62, 3, 0),
(797, 62, 4, 0),
(798, 62, 5, 0),
(799, 62, 6, 0),
(800, 62, 7, 0),
(801, 62, 8, 0),
(802, 62, 9, 0),
(803, 62, 10, 0),
(804, 62, 11, 0),
(805, 62, 12, 0),
(806, 62, 13, 0),
(807, 63, 1, 0),
(808, 63, 2, 0),
(809, 63, 3, 0),
(810, 63, 4, 0),
(811, 63, 5, 0),
(812, 63, 6, 0),
(813, 63, 7, 0),
(814, 63, 8, 0),
(815, 63, 9, 0),
(816, 63, 10, 0),
(817, 63, 11, 0),
(818, 63, 12, 0),
(819, 63, 13, 0),
(820, 64, 1, 0),
(821, 64, 2, 0),
(822, 64, 3, 0),
(823, 64, 4, 0),
(824, 64, 5, 0),
(825, 64, 6, 0),
(826, 64, 7, 0),
(827, 64, 8, 0),
(828, 64, 9, 0),
(829, 64, 10, 0),
(830, 64, 11, 0),
(831, 64, 12, 0),
(832, 64, 13, 0),
(833, 65, 1, 0),
(834, 65, 2, 0),
(835, 65, 3, 0),
(836, 65, 4, 0),
(837, 65, 5, 0),
(838, 65, 6, 0),
(839, 65, 7, 0),
(840, 65, 8, 0),
(841, 65, 9, 0),
(842, 65, 10, 0),
(843, 65, 11, 0),
(844, 65, 12, 0),
(845, 65, 13, 0),
(846, 66, 1, 0),
(847, 66, 2, 0),
(848, 66, 3, 0),
(849, 66, 4, 0),
(850, 66, 5, 0),
(851, 66, 6, 0),
(852, 66, 7, 0),
(853, 66, 8, 0),
(854, 66, 9, 0),
(855, 66, 10, 0),
(856, 66, 11, 0),
(857, 66, 12, 0),
(858, 66, 13, 0),
(859, 67, 1, 0),
(860, 67, 2, 0),
(861, 67, 3, 0),
(862, 67, 4, 0),
(863, 67, 5, 0),
(864, 67, 6, 0),
(865, 67, 7, 0),
(866, 67, 8, 0),
(867, 67, 9, 0),
(868, 67, 10, 0),
(869, 67, 11, 0),
(870, 67, 12, 0),
(871, 67, 13, 0),
(872, 68, 1, 0),
(873, 68, 2, 0),
(874, 68, 3, 0),
(875, 68, 4, 0),
(876, 68, 5, 0),
(877, 68, 6, 0),
(878, 68, 7, 0),
(879, 68, 8, 0),
(880, 68, 9, 0),
(881, 68, 10, 0),
(882, 68, 11, 0),
(883, 68, 12, 0),
(884, 68, 13, 0),
(1106, 86, 1, 0),
(1107, 86, 2, 0),
(1108, 86, 3, 0),
(1109, 86, 4, 0),
(1110, 86, 5, 0),
(1111, 86, 6, 0),
(1112, 86, 7, 0),
(1113, 86, 8, 0),
(1114, 86, 9, 0),
(1115, 86, 10, 0),
(1116, 86, 11, 0),
(1117, 86, 12, 0),
(1118, 86, 13, 0),
(1119, 87, 1, 0),
(1120, 87, 2, 0),
(1121, 87, 3, 0),
(1122, 87, 4, 0),
(1123, 87, 5, 0),
(1124, 87, 6, 0),
(1125, 87, 7, 0),
(1126, 87, 8, 0),
(1127, 87, 9, 0),
(1128, 87, 10, 0),
(1129, 87, 11, 0),
(1130, 87, 12, 0),
(1131, 87, 13, 0),
(1132, 88, 1, 0),
(1133, 88, 2, 0),
(1134, 88, 3, 0),
(1135, 88, 4, 0),
(1136, 88, 5, 0),
(1137, 88, 6, 0),
(1138, 88, 7, 0),
(1139, 88, 8, 0),
(1140, 88, 9, 0),
(1141, 88, 10, 0),
(1142, 88, 11, 0),
(1143, 88, 12, 0),
(1144, 88, 13, 0),
(1145, 89, 1, 0),
(1146, 89, 2, 0),
(1147, 89, 3, 0),
(1148, 89, 4, 0),
(1149, 89, 5, 0),
(1150, 89, 6, 0),
(1151, 89, 7, 0),
(1152, 89, 8, 0),
(1153, 89, 9, 0),
(1154, 89, 10, 0),
(1155, 89, 11, 0),
(1156, 89, 12, 0),
(1157, 89, 13, 0),
(1158, 90, 1, 0),
(1159, 90, 2, 0),
(1160, 90, 3, 0),
(1161, 90, 4, 0),
(1162, 90, 5, 0),
(1163, 90, 6, 0),
(1164, 90, 7, 0),
(1165, 90, 8, 0),
(1166, 90, 9, 0),
(1167, 90, 10, 0),
(1168, 90, 11, 0),
(1169, 90, 12, 0),
(1170, 90, 13, 0),
(1171, 91, 1, 0),
(1172, 91, 2, 0),
(1173, 91, 3, 0),
(1174, 91, 4, 0),
(1175, 91, 5, 0),
(1176, 91, 6, 0),
(1177, 91, 7, 0),
(1178, 91, 8, 0),
(1179, 91, 9, 0),
(1180, 91, 10, 0),
(1181, 91, 11, 0),
(1182, 91, 12, 0),
(1183, 91, 13, 0),
(1184, 92, 1, 0),
(1185, 92, 2, 0),
(1186, 92, 3, 0),
(1187, 92, 4, 0),
(1188, 92, 5, 0),
(1189, 92, 6, 0),
(1190, 92, 7, 0),
(1191, 92, 8, 0),
(1192, 92, 9, 0),
(1193, 92, 10, 0),
(1194, 92, 11, 0),
(1195, 92, 12, 0),
(1196, 92, 13, 0),
(1197, 93, 1, 0),
(1198, 93, 2, 0),
(1199, 93, 3, 0),
(1200, 93, 4, 0),
(1201, 93, 5, 0),
(1202, 93, 6, 0),
(1203, 93, 7, 0),
(1204, 93, 8, 0),
(1205, 93, 9, 0),
(1206, 93, 10, 0),
(1207, 93, 11, 0),
(1208, 93, 12, 0),
(1209, 93, 13, 0),
(1210, 94, 1, 0),
(1211, 94, 2, 0),
(1212, 94, 3, 0),
(1213, 94, 4, 0),
(1214, 94, 5, 0),
(1215, 94, 6, 0),
(1216, 94, 7, 0),
(1217, 94, 8, 0),
(1218, 94, 9, 0),
(1219, 94, 10, 0),
(1220, 94, 11, 0),
(1221, 94, 12, 0),
(1222, 94, 13, 0),
(1223, 95, 1, 0),
(1224, 95, 2, 0),
(1225, 95, 3, 0),
(1226, 95, 4, 0),
(1227, 95, 5, 0),
(1228, 95, 6, 0),
(1229, 95, 7, 0),
(1230, 95, 8, 0),
(1231, 95, 9, 0),
(1232, 95, 10, 0),
(1233, 95, 11, 0),
(1234, 95, 12, 0),
(1235, 95, 13, 0),
(1236, 96, 1, 0),
(1237, 96, 2, 0),
(1238, 96, 3, 0),
(1239, 96, 4, 0),
(1240, 96, 5, 0),
(1241, 96, 6, 0),
(1242, 96, 7, 0),
(1243, 96, 8, 0),
(1244, 96, 9, 0),
(1245, 96, 10, 0),
(1246, 96, 11, 0),
(1247, 96, 12, 0),
(1248, 96, 13, 0),
(1249, 97, 1, 0),
(1250, 97, 2, 0),
(1251, 97, 3, 0),
(1252, 97, 4, 0),
(1253, 97, 5, 0),
(1254, 97, 6, 0),
(1255, 97, 7, 0),
(1256, 97, 8, 0),
(1257, 97, 9, 0),
(1258, 97, 10, 0),
(1259, 97, 11, 0),
(1260, 97, 12, 0),
(1261, 97, 13, 0),
(1262, 98, 1, 0),
(1263, 98, 2, 0),
(1264, 98, 3, 0),
(1265, 98, 4, 0),
(1266, 98, 5, 0),
(1267, 98, 6, 0),
(1268, 98, 7, 0),
(1269, 98, 8, 0),
(1270, 98, 9, 0),
(1271, 98, 10, 0),
(1272, 98, 11, 0),
(1273, 98, 12, 0),
(1274, 98, 13, 0),
(1275, 99, 1, 0),
(1276, 99, 2, 0),
(1277, 99, 3, 0),
(1278, 99, 4, 0),
(1279, 99, 5, 0),
(1280, 99, 6, 0),
(1281, 99, 7, 0),
(1282, 99, 8, 0),
(1283, 99, 9, 0),
(1284, 99, 10, 0),
(1285, 99, 11, 0),
(1286, 99, 12, 0),
(1287, 99, 13, 0),
(1288, 100, 1, 0),
(1289, 100, 2, 0),
(1290, 100, 3, 0),
(1291, 100, 4, 0),
(1292, 100, 5, 0),
(1293, 100, 6, 0),
(1294, 100, 7, 0),
(1295, 100, 8, 0),
(1296, 100, 9, 0),
(1297, 100, 10, 0),
(1298, 100, 11, 0),
(1299, 100, 12, 0),
(1300, 100, 13, 0),
(1301, 101, 1, 0),
(1302, 101, 2, 0),
(1303, 101, 3, 0),
(1304, 101, 4, 0),
(1305, 101, 5, 0),
(1306, 101, 6, 0),
(1307, 101, 7, 0),
(1308, 101, 8, 0),
(1309, 101, 9, 0),
(1310, 101, 10, 0),
(1311, 101, 11, 0),
(1312, 101, 12, 0),
(1313, 101, 13, 0),
(1314, 102, 1, 0),
(1315, 102, 2, 0),
(1316, 102, 3, 0),
(1317, 102, 4, 0),
(1318, 102, 5, 0),
(1319, 102, 6, 0),
(1320, 102, 7, 0),
(1321, 102, 8, 0),
(1322, 102, 9, 0),
(1323, 102, 10, 0),
(1324, 102, 11, 0),
(1325, 102, 12, 0),
(1326, 102, 13, 0),
(1769, 137, 1, 0),
(1770, 137, 2, 0),
(1771, 137, 3, 0),
(1772, 137, 4, 0),
(1773, 137, 5, 0),
(1774, 137, 6, 0),
(1775, 137, 7, 0),
(1776, 137, 8, 0),
(1777, 137, 9, 0),
(1778, 137, 10, 0),
(1779, 137, 11, 0),
(1780, 137, 12, 0),
(1781, 137, 13, 0),
(1782, 138, 1, 0),
(1783, 138, 2, 0),
(1784, 138, 3, 0),
(1785, 138, 4, 0),
(1786, 138, 5, 0),
(1787, 138, 6, 0),
(1788, 138, 7, 0),
(1789, 138, 8, 0),
(1790, 138, 9, 0),
(1791, 138, 10, 0),
(1792, 138, 11, 0),
(1793, 138, 12, 0),
(1794, 138, 13, 0),
(1795, 139, 1, 0),
(1796, 139, 2, 0),
(1797, 139, 3, 0),
(1798, 139, 4, 0),
(1799, 139, 5, 0),
(1800, 139, 6, 0),
(1801, 139, 7, 0),
(1802, 139, 8, 0),
(1803, 139, 9, 0),
(1804, 139, 10, 0),
(1805, 139, 11, 0),
(1806, 139, 12, 0),
(1807, 139, 13, 0),
(1808, 140, 1, 0),
(1809, 140, 2, 0),
(1810, 140, 3, 0),
(1811, 140, 4, 0),
(1812, 140, 5, 0),
(1813, 140, 6, 0),
(1814, 140, 7, 0),
(1815, 140, 8, 0),
(1816, 140, 9, 0),
(1817, 140, 10, 0),
(1818, 140, 11, 0),
(1819, 140, 12, 0),
(1820, 140, 13, 0),
(1821, 141, 1, 0),
(1822, 141, 2, 0),
(1823, 141, 3, 0),
(1824, 141, 4, 0),
(1825, 141, 5, 0),
(1826, 141, 6, 0),
(1827, 141, 7, 0),
(1828, 141, 8, 0),
(1829, 141, 9, 0),
(1830, 141, 10, 0),
(1831, 141, 11, 0),
(1832, 141, 12, 0),
(1833, 141, 13, 0),
(1834, 142, 1, 0),
(1835, 142, 2, 0),
(1836, 142, 3, 0),
(1837, 142, 4, 0),
(1838, 142, 5, 0),
(1839, 142, 6, 0),
(1840, 142, 7, 0),
(1841, 142, 8, 0),
(1842, 142, 9, 0),
(1843, 142, 10, 0),
(1844, 142, 11, 0),
(1845, 142, 12, 0),
(1846, 142, 13, 0),
(1847, 143, 1, 0),
(1848, 143, 2, 0),
(1849, 143, 3, 0),
(1850, 143, 4, 0),
(1851, 143, 5, 0),
(1852, 143, 6, 0),
(1853, 143, 7, 0),
(1854, 143, 8, 0),
(1855, 143, 9, 0),
(1856, 143, 10, 0),
(1857, 143, 11, 0),
(1858, 143, 12, 0),
(1859, 143, 13, 0),
(1860, 144, 1, 0),
(1861, 144, 2, 0),
(1862, 144, 3, 0),
(1863, 144, 4, 0),
(1864, 144, 5, 0),
(1865, 144, 6, 0),
(1866, 144, 7, 0),
(1867, 144, 8, 0),
(1868, 144, 9, 0),
(1869, 144, 10, 0),
(1870, 144, 11, 0),
(1871, 144, 12, 0),
(1872, 144, 13, 0),
(1873, 145, 1, 0),
(1874, 145, 2, 0),
(1875, 145, 3, 0),
(1876, 145, 4, 0),
(1877, 145, 5, 0),
(1878, 145, 6, 0),
(1879, 145, 7, 0),
(1880, 145, 8, 0),
(1881, 145, 9, 0),
(1882, 145, 10, 0),
(1883, 145, 11, 0),
(1884, 145, 12, 0),
(1885, 145, 13, 0),
(1886, 146, 1, 0),
(1887, 146, 2, 0),
(1888, 146, 3, 0),
(1889, 146, 4, 0),
(1890, 146, 5, 0),
(1891, 146, 6, 0),
(1892, 146, 7, 0),
(1893, 146, 8, 0),
(1894, 146, 9, 0),
(1895, 146, 10, 0),
(1896, 146, 11, 0),
(1897, 146, 12, 0),
(1898, 146, 13, 0),
(1899, 147, 1, 0),
(1900, 147, 2, 0),
(1901, 147, 3, 0),
(1902, 147, 4, 0),
(1903, 147, 5, 0),
(1904, 147, 6, 0),
(1905, 147, 7, 0),
(1906, 147, 8, 0),
(1907, 147, 9, 0),
(1908, 147, 10, 0),
(1909, 147, 11, 0),
(1910, 147, 12, 0),
(1911, 147, 13, 0),
(1912, 148, 1, 0),
(1913, 148, 2, 0),
(1914, 148, 3, 0),
(1915, 148, 4, 0),
(1916, 148, 5, 0),
(1917, 148, 6, 0),
(1918, 148, 7, 0),
(1919, 148, 8, 0),
(1920, 148, 9, 0),
(1921, 148, 10, 0),
(1922, 148, 11, 0),
(1923, 148, 12, 0),
(1924, 148, 13, 0),
(1925, 149, 1, 0),
(1926, 149, 2, 0),
(1927, 149, 3, 0),
(1928, 149, 4, 0),
(1929, 149, 5, 0),
(1930, 149, 6, 0),
(1931, 149, 7, 0),
(1932, 149, 8, 0),
(1933, 149, 9, 0),
(1934, 149, 10, 0),
(1935, 149, 11, 0),
(1936, 149, 12, 0),
(1937, 149, 13, 0),
(1938, 150, 1, 0),
(1939, 150, 2, 0),
(1940, 150, 3, 0),
(1941, 150, 4, 0),
(1942, 150, 5, 0),
(1943, 150, 6, 0),
(1944, 150, 7, 0),
(1945, 150, 8, 0),
(1946, 150, 9, 0),
(1947, 150, 10, 0),
(1948, 150, 11, 0),
(1949, 150, 12, 0),
(1950, 150, 13, 0),
(1951, 151, 1, 0),
(1952, 151, 2, 0),
(1953, 151, 3, 0),
(1954, 151, 4, 0),
(1955, 151, 5, 0),
(1956, 151, 6, 0),
(1957, 151, 7, 0),
(1958, 151, 8, 0),
(1959, 151, 9, 0),
(1960, 151, 10, 0),
(1961, 151, 11, 0),
(1962, 151, 12, 0),
(1963, 151, 13, 0),
(1964, 152, 1, 0),
(1965, 152, 2, 0),
(1966, 152, 3, 0),
(1967, 152, 4, 0),
(1968, 152, 5, 0),
(1969, 152, 6, 0),
(1970, 152, 7, 0),
(1971, 152, 8, 0),
(1972, 152, 9, 0),
(1973, 152, 10, 0),
(1974, 152, 11, 0),
(1975, 152, 12, 0),
(1976, 152, 13, 0),
(1977, 153, 1, 0),
(1978, 153, 2, 0),
(1979, 153, 3, 0),
(1980, 153, 4, 0),
(1981, 153, 5, 0),
(1982, 153, 6, 0),
(1983, 153, 7, 0),
(1984, 153, 8, 0),
(1985, 153, 9, 0),
(1986, 153, 10, 0),
(1987, 153, 11, 0),
(1988, 153, 12, 0),
(1989, 153, 13, 0),
(1990, 154, 1, 0),
(1991, 154, 2, 0),
(1992, 154, 3, 0),
(1993, 154, 4, 0),
(1994, 154, 5, 0),
(1995, 154, 6, 0),
(1996, 154, 7, 0),
(1997, 154, 8, 0),
(1998, 154, 9, 0),
(1999, 154, 10, 0),
(2000, 154, 11, 0),
(2001, 154, 12, 0),
(2002, 154, 13, 0),
(2003, 155, 1, 0),
(2004, 155, 2, 0),
(2005, 155, 3, 0),
(2006, 155, 4, 0),
(2007, 155, 5, 0),
(2008, 155, 6, 0),
(2009, 155, 7, 0),
(2010, 155, 8, 0),
(2011, 155, 9, 0),
(2012, 155, 10, 0),
(2013, 155, 11, 0),
(2014, 155, 12, 0),
(2015, 155, 13, 0),
(2016, 156, 1, 0),
(2017, 156, 2, 0),
(2018, 156, 3, 0),
(2019, 156, 4, 0),
(2020, 156, 5, 0),
(2021, 156, 6, 0),
(2022, 156, 7, 0),
(2023, 156, 8, 0),
(2024, 156, 9, 0),
(2025, 156, 10, 0),
(2026, 156, 11, 0),
(2027, 156, 12, 0),
(2028, 156, 13, 0),
(2029, 157, 1, 0),
(2030, 157, 2, 0),
(2031, 157, 3, 0),
(2032, 157, 4, 0),
(2033, 157, 5, 0),
(2034, 157, 6, 0),
(2035, 157, 7, 0),
(2036, 157, 8, 0),
(2037, 157, 9, 0),
(2038, 157, 10, 0),
(2039, 157, 11, 0),
(2040, 157, 12, 0),
(2041, 157, 13, 0),
(2042, 158, 1, 0),
(2043, 158, 2, 0),
(2044, 158, 3, 0),
(2045, 158, 4, 0),
(2046, 158, 5, 0),
(2047, 158, 6, 0),
(2048, 158, 7, 0),
(2049, 158, 8, 0),
(2050, 158, 9, 0),
(2051, 158, 10, 0),
(2052, 158, 11, 0),
(2053, 158, 12, 0),
(2054, 158, 13, 0),
(2055, 159, 1, 0),
(2056, 159, 2, 0),
(2057, 159, 3, 0),
(2058, 159, 4, 0),
(2059, 159, 5, 0),
(2060, 159, 6, 0),
(2061, 159, 7, 0),
(2062, 159, 8, 0),
(2063, 159, 9, 0),
(2064, 159, 10, 0),
(2065, 159, 11, 0),
(2066, 159, 12, 0),
(2067, 159, 13, 0),
(2068, 160, 1, 0),
(2069, 160, 2, 0),
(2070, 160, 3, 0),
(2071, 160, 4, 0),
(2072, 160, 5, 0),
(2073, 160, 6, 0),
(2074, 160, 7, 0),
(2075, 160, 8, 0),
(2076, 160, 9, 0),
(2077, 160, 10, 0),
(2078, 160, 11, 0),
(2079, 160, 12, 0),
(2080, 160, 13, 0),
(2081, 161, 1, 0),
(2082, 161, 2, 0),
(2083, 161, 3, 0),
(2084, 161, 4, 0),
(2085, 161, 5, 0),
(2086, 161, 6, 0),
(2087, 161, 7, 0),
(2088, 161, 8, 0),
(2089, 161, 9, 0),
(2090, 161, 10, 0),
(2091, 161, 11, 0),
(2092, 161, 12, 0),
(2093, 161, 13, 0),
(2094, 162, 1, 0),
(2095, 162, 2, 0),
(2096, 162, 3, 0),
(2097, 162, 4, 0),
(2098, 162, 5, 0),
(2099, 162, 6, 0),
(2100, 162, 7, 0),
(2101, 162, 8, 0),
(2102, 162, 9, 0),
(2103, 162, 10, 0),
(2104, 162, 11, 0),
(2105, 162, 12, 0),
(2106, 162, 13, 0),
(2107, 163, 1, 0),
(2108, 163, 2, 0),
(2109, 163, 3, 0),
(2110, 163, 4, 0),
(2111, 163, 5, 0),
(2112, 163, 6, 0),
(2113, 163, 7, 0),
(2114, 163, 8, 0),
(2115, 163, 9, 0),
(2116, 163, 10, 0),
(2117, 163, 11, 0),
(2118, 163, 12, 0),
(2119, 163, 13, 0),
(2120, 164, 1, 0),
(2121, 164, 2, 0),
(2122, 164, 3, 0),
(2123, 164, 4, 0),
(2124, 164, 5, 0),
(2125, 164, 6, 0),
(2126, 164, 7, 0),
(2127, 164, 8, 0),
(2128, 164, 9, 0),
(2129, 164, 10, 0),
(2130, 164, 11, 0),
(2131, 164, 12, 0),
(2132, 164, 13, 0),
(2133, 165, 1, 0),
(2134, 165, 2, 0),
(2135, 165, 3, 0),
(2136, 165, 4, 0),
(2137, 165, 5, 0),
(2138, 165, 6, 0),
(2139, 165, 7, 0),
(2140, 165, 8, 0),
(2141, 165, 9, 0),
(2142, 165, 10, 0),
(2143, 165, 11, 0),
(2144, 165, 12, 0),
(2145, 165, 13, 0),
(2146, 166, 1, 0),
(2147, 166, 2, 0),
(2148, 166, 3, 0),
(2149, 166, 4, 0),
(2150, 166, 5, 0),
(2151, 166, 6, 0),
(2152, 166, 7, 0),
(2153, 166, 8, 0),
(2154, 166, 9, 0),
(2155, 166, 10, 0),
(2156, 166, 11, 0),
(2157, 166, 12, 0),
(2158, 166, 13, 0),
(2159, 167, 1, 0),
(2160, 167, 2, 0),
(2161, 167, 3, 0),
(2162, 167, 4, 0),
(2163, 167, 5, 0),
(2164, 167, 6, 0),
(2165, 167, 7, 0),
(2166, 167, 8, 0),
(2167, 167, 9, 0),
(2168, 167, 10, 0),
(2169, 167, 11, 0),
(2170, 167, 12, 0),
(2171, 167, 13, 0),
(2172, 168, 1, 0),
(2173, 168, 2, 0),
(2174, 168, 3, 0),
(2175, 168, 4, 0),
(2176, 168, 5, 0),
(2177, 168, 6, 0),
(2178, 168, 7, 0),
(2179, 168, 8, 0),
(2180, 168, 9, 0),
(2181, 168, 10, 0),
(2182, 168, 11, 0),
(2183, 168, 12, 0),
(2184, 168, 13, 0),
(2185, 169, 1, 0),
(2186, 169, 2, 0),
(2187, 169, 3, 0),
(2188, 169, 4, 0),
(2189, 169, 5, 0),
(2190, 169, 6, 0),
(2191, 169, 7, 0),
(2192, 169, 8, 0),
(2193, 169, 9, 0),
(2194, 169, 10, 0),
(2195, 169, 11, 0),
(2196, 169, 12, 0),
(2197, 169, 13, 0),
(2198, 170, 1, 0),
(2199, 170, 2, 0),
(2200, 170, 3, 0),
(2201, 170, 4, 0),
(2202, 170, 5, 0),
(2203, 170, 6, 0),
(2204, 170, 7, 0),
(2205, 170, 8, 0),
(2206, 170, 9, 0),
(2207, 170, 10, 0),
(2208, 170, 11, 0),
(2209, 170, 12, 0),
(2210, 170, 13, 0),
(2432, 188, 1, 0),
(2433, 188, 2, 0),
(2434, 188, 3, 0),
(2435, 188, 4, 0),
(2436, 188, 5, 0),
(2437, 188, 6, 0),
(2438, 188, 7, 0),
(2439, 188, 8, 0),
(2440, 188, 9, 0),
(2441, 188, 10, 0),
(2442, 188, 11, 0),
(2443, 188, 12, 0),
(2444, 188, 13, 0),
(2445, 189, 1, 0),
(2446, 189, 2, 0),
(2447, 189, 3, 0),
(2448, 189, 4, 0),
(2449, 189, 5, 0),
(2450, 189, 6, 0),
(2451, 189, 7, 0),
(2452, 189, 8, 0),
(2453, 189, 9, 0),
(2454, 189, 10, 0),
(2455, 189, 11, 0),
(2456, 189, 12, 0),
(2457, 189, 13, 0),
(2458, 190, 1, 0),
(2459, 190, 2, 0),
(2460, 190, 3, 0),
(2461, 190, 4, 0),
(2462, 190, 5, 0),
(2463, 190, 6, 0),
(2464, 190, 7, 0),
(2465, 190, 8, 0),
(2466, 190, 9, 0),
(2467, 190, 10, 0),
(2468, 190, 11, 0),
(2469, 190, 12, 0),
(2470, 190, 13, 0),
(2471, 191, 1, 0),
(2472, 191, 2, 0),
(2473, 191, 3, 0),
(2474, 191, 4, 0),
(2475, 191, 5, 0),
(2476, 191, 6, 0),
(2477, 191, 7, 0),
(2478, 191, 8, 0),
(2479, 191, 9, 0),
(2480, 191, 10, 0),
(2481, 191, 11, 0),
(2482, 191, 12, 0),
(2483, 191, 13, 0),
(2484, 192, 1, 0),
(2485, 192, 2, 0),
(2486, 192, 3, 0),
(2487, 192, 4, 0),
(2488, 192, 5, 0),
(2489, 192, 6, 0),
(2490, 192, 7, 0),
(2491, 192, 8, 0),
(2492, 192, 9, 0),
(2493, 192, 10, 0),
(2494, 192, 11, 0),
(2495, 192, 12, 0),
(2496, 192, 13, 0),
(2497, 193, 1, 0),
(2498, 193, 2, 0),
(2499, 193, 3, 0),
(2500, 193, 4, 0),
(2501, 193, 5, 0),
(2502, 193, 6, 0),
(2503, 193, 7, 0),
(2504, 193, 8, 0),
(2505, 193, 9, 0),
(2506, 193, 10, 0),
(2507, 193, 11, 0),
(2508, 193, 12, 0),
(2509, 193, 13, 0),
(2510, 194, 1, 0),
(2511, 194, 2, 0),
(2512, 194, 3, 0),
(2513, 194, 4, 0),
(2514, 194, 5, 0),
(2515, 194, 6, 0),
(2516, 194, 7, 0),
(2517, 194, 8, 0),
(2518, 194, 9, 0),
(2519, 194, 10, 0),
(2520, 194, 11, 0),
(2521, 194, 12, 0),
(2522, 194, 13, 0),
(2523, 195, 1, 0),
(2524, 195, 2, 0),
(2525, 195, 3, 0),
(2526, 195, 4, 0),
(2527, 195, 5, 0),
(2528, 195, 6, 0),
(2529, 195, 7, 0),
(2530, 195, 8, 0),
(2531, 195, 9, 0),
(2532, 195, 10, 0),
(2533, 195, 11, 0),
(2534, 195, 12, 0),
(2535, 195, 13, 0),
(2536, 196, 1, 0),
(2537, 196, 2, 0),
(2538, 196, 3, 0),
(2539, 196, 4, 0),
(2540, 196, 5, 0),
(2541, 196, 6, 0),
(2542, 196, 7, 0),
(2543, 196, 8, 0),
(2544, 196, 9, 0),
(2545, 196, 10, 0),
(2546, 196, 11, 0),
(2547, 196, 12, 0),
(2548, 196, 13, 0),
(2549, 197, 1, 0),
(2550, 197, 2, 0),
(2551, 197, 3, 0),
(2552, 197, 4, 0),
(2553, 197, 5, 0),
(2554, 197, 6, 0),
(2555, 197, 7, 0),
(2556, 197, 8, 0),
(2557, 197, 9, 0),
(2558, 197, 10, 0),
(2559, 197, 11, 0),
(2560, 197, 12, 0),
(2561, 197, 13, 0),
(2562, 198, 1, 0),
(2563, 198, 2, 0),
(2564, 198, 3, 0),
(2565, 198, 4, 0),
(2566, 198, 5, 0),
(2567, 198, 6, 0),
(2568, 198, 7, 0),
(2569, 198, 8, 0),
(2570, 198, 9, 0),
(2571, 198, 10, 0),
(2572, 198, 11, 0),
(2573, 198, 12, 0),
(2574, 198, 13, 0),
(2575, 199, 1, 0),
(2576, 199, 2, 0),
(2577, 199, 3, 0),
(2578, 199, 4, 0),
(2579, 199, 5, 0),
(2580, 199, 6, 0),
(2581, 199, 7, 0),
(2582, 199, 8, 0),
(2583, 199, 9, 0),
(2584, 199, 10, 0),
(2585, 199, 11, 0),
(2586, 199, 12, 0),
(2587, 199, 13, 0),
(2588, 200, 1, 0),
(2589, 200, 2, 0),
(2590, 200, 3, 0),
(2591, 200, 4, 0),
(2592, 200, 5, 0),
(2593, 200, 6, 0),
(2594, 200, 7, 0),
(2595, 200, 8, 0),
(2596, 200, 9, 0),
(2597, 200, 10, 0),
(2598, 200, 11, 0),
(2599, 200, 12, 0),
(2600, 200, 13, 0),
(2601, 201, 1, 0),
(2602, 201, 2, 0),
(2603, 201, 3, 0),
(2604, 201, 4, 0),
(2605, 201, 5, 0),
(2606, 201, 6, 0),
(2607, 201, 7, 0),
(2608, 201, 8, 0),
(2609, 201, 9, 0),
(2610, 201, 10, 0),
(2611, 201, 11, 0),
(2612, 201, 12, 0),
(2613, 201, 13, 0),
(2614, 202, 1, 0),
(2615, 202, 2, 0),
(2616, 202, 3, 0),
(2617, 202, 4, 0),
(2618, 202, 5, 0),
(2619, 202, 6, 0),
(2620, 202, 7, 0),
(2621, 202, 8, 0),
(2622, 202, 9, 0),
(2623, 202, 10, 0),
(2624, 202, 11, 0),
(2625, 202, 12, 0),
(2626, 202, 13, 0),
(2627, 203, 1, 0),
(2628, 203, 2, 0),
(2629, 203, 3, 0),
(2630, 203, 4, 0),
(2631, 203, 5, 0),
(2632, 203, 6, 0),
(2633, 203, 7, 0),
(2634, 203, 8, 0),
(2635, 203, 9, 0),
(2636, 203, 10, 0),
(2637, 203, 11, 0),
(2638, 203, 12, 0),
(2639, 203, 13, 0),
(2640, 204, 1, 0),
(2641, 204, 2, 0),
(2642, 204, 3, 0),
(2643, 204, 4, 0),
(2644, 204, 5, 0),
(2645, 204, 6, 0),
(2646, 204, 7, 0),
(2647, 204, 8, 0),
(2648, 204, 9, 0),
(2649, 204, 10, 0),
(2650, 204, 11, 0),
(2651, 204, 12, 0),
(2652, 204, 13, 0);

-- --------------------------------------------------------

--
-- Structure de la table `etape_multimedia`
--

CREATE TABLE `etape_multimedia` (
  `id_etape` int(11) NOT NULL,
  `id_multimedia` int(11) NOT NULL
) ENGINE=InnoDB DEFAULT CHARSET=utf8 COLLATE=utf8_unicode_ci;

--
-- Contenu de la table `etape_multimedia`
--

INSERT INTO `etape_multimedia` (`id_etape`, `id_multimedia`) VALUES
(1, 4),
(2, 12),
(3, 4),
(3, 12),
(4, 17),
(5, 4),
(5, 12),
(5, 17),
(6, 18),
(7, 4),
(7, 12),
(7, 17),
(7, 18),
(8, 19),
(9, 4),
(9, 12),
(9, 17),
(9, 18),
(9, 19),
(10, 27),
(11, 4),
(11, 12),
(11, 17),
(11, 18),
(11, 19),
(11, 27),
(12, 30),
(13, 4),
(13, 12),
(13, 17),
(13, 18),
(13, 19),
(13, 27),
(13, 30),
(14, 44),
(15, 45),
(16, 44),
(16, 45),
(17, 49),
(18, 44),
(18, 45),
(18, 49),
(19, 62),
(20, 44),
(20, 45),
(20, 49),
(20, 62),
(21, 75),
(22, 44),
(22, 45),
(22, 49),
(22, 62),
(22, 75),
(23, 79),
(24, 44),
(24, 45),
(24, 49),
(24, 62),
(24, 75),
(24, 79),
(25, 80),
(26, 44),
(26, 45),
(26, 49),
(26, 62),
(26, 75),
(26, 79),
(26, 80),
(27, 92),
(28, 104),
(29, 92),
(29, 104),
(30, 105),
(31, 92),
(31, 104),
(31, 105),
(32, 110),
(33, 92),
(33, 104),
(33, 105),
(33, 110),
(34, 111),
(35, 92),
(35, 104),
(35, 105),
(35, 110),
(35, 111),
(36, 112),
(37, 92),
(37, 104),
(37, 105),
(37, 110),
(37, 111),
(37, 112),
(38, 117),
(39, 92),
(39, 104),
(39, 105),
(39, 110),
(39, 111),
(39, 112),
(39, 117),
(40, 186),
(41, 191),
(42, 186),
(42, 191),
(43, 192),
(44, 186),
(44, 191),
(44, 192),
(45, 205),
(46, 186),
(46, 191),
(46, 192),
(46, 205),
(47, 208),
(48, 186),
(48, 191),
(48, 192),
(48, 205),
(48, 208),
(49, 210),
(50, 186),
(50, 191),
(50, 192),
(50, 205),
(50, 208),
(50, 210),
(51, 234),
(52, 186),
(52, 191),
(52, 192),
(52, 205),
(52, 208),
(52, 210),
(52, 234),
(53, 134),
(54, 136),
(55, 134),
(55, 136),
(56, 146),
(57, 134),
(57, 136),
(57, 146),
(58, 147),
(59, 134),
(59, 136),
(59, 146),
(59, 147),
(60, 151),
(61, 134),
(61, 136),
(61, 146),
(61, 147),
(61, 151),
(62, 162),
(63, 134),
(63, 136),
(63, 146),
(63, 147),
(63, 151),
(63, 162),
(64, 164),
(65, 134),
(65, 136),
(65, 146),
(65, 147),
(65, 151),
(65, 162),
(65, 164),
(66, 4),
(67, 12),
(68, 4),
(68, 12),
(69, 17),
(70, 4),
(70, 12),
(70, 17),
(71, 18),
(72, 4),
(72, 12),
(72, 17),
(72, 18),
(73, 19),
(74, 4),
(74, 12),
(74, 17),
(74, 18),
(74, 19),
(75, 27),
(76, 4),
(76, 12),
(76, 17),
(76, 18),
(76, 19),
(76, 27),
(77, 30),
(78, 4),
(78, 12),
(78, 17),
(78, 18),
(78, 19),
(78, 27),
(78, 30),
(79, 44),
(80, 45),
(81, 44),
(81, 45),
(82, 49),
(83, 44),
(83, 45),
(83, 49),
(84, 62),
(85, 44),
(85, 45),
(85, 49),
(85, 62),
(86, 75),
(87, 44),
(87, 45),
(87, 49),
(87, 62),
(87, 75),
(88, 79),
(89, 44),
(89, 45),
(89, 49),
(89, 62),
(89, 75),
(89, 79),
(90, 80),
(91, 44),
(91, 45),
(91, 49),
(91, 62),
(91, 75),
(91, 79),
(91, 80),
(92, 92),
(93, 104),
(94, 92),
(94, 104),
(95, 105),
(96, 92),
(96, 104),
(96, 105),
(97, 110),
(98, 92),
(98, 104),
(98, 105),
(98, 110),
(99, 111),
(100, 92),
(100, 104),
(100, 105),
(100, 110),
(100, 111),
(101, 112),
(102, 92),
(102, 104),
(102, 105),
(102, 110),
(102, 111),
(102, 112),
(103, 117),
(104, 92),
(104, 104),
(104, 105),
(104, 110),
(104, 111),
(104, 112),
(104, 117),
(105, 186),
(106, 191),
(107, 186),
(107, 191),
(108, 192),
(109, 186),
(109, 191),
(109, 192),
(110, 205),
(111, 186),
(111, 191),
(111, 192),
(111, 205),
(112, 208),
(113, 186),
(113, 191),
(113, 192),
(113, 205),
(113, 208),
(114, 210),
(115, 186),
(115, 191),
(115, 192),
(115, 205),
(115, 208),
(115, 210),
(116, 234),
(117, 186),
(117, 191),
(117, 192),
(117, 205),
(117, 208),
(117, 210),
(117, 234),
(118, 134),
(119, 136),
(120, 134),
(120, 136),
(121, 146),
(122, 134),
(122, 136),
(122, 146),
(123, 147),
(124, 134),
(124, 136),
(124, 146),
(124, 147),
(125, 151),
(126, 134),
(126, 136),
(126, 146),
(126, 147),
(126, 151),
(127, 162),
(128, 134),
(128, 136),
(128, 146),
(128, 147),
(128, 151),
(128, 162),
(129, 164),
(130, 134),
(130, 136),
(130, 146),
(130, 147),
(130, 151),
(130, 162),
(130, 164),
(131, 4),
(132, 12),
(133, 4),
(133, 12),
(134, 17),
(135, 4),
(135, 12),
(135, 17),
(136, 18),
(137, 4),
(137, 12),
(137, 17),
(137, 18),
(138, 19),
(139, 4),
(139, 12),
(139, 17),
(139, 18),
(139, 19),
(140, 27),
(141, 4),
(141, 12),
(141, 17),
(141, 18),
(141, 19),
(141, 27),
(142, 30),
(143, 4),
(143, 12),
(143, 17),
(143, 18),
(143, 19),
(143, 27),
(143, 30),
(144, 44),
(145, 45),
(146, 44),
(146, 45),
(147, 49),
(148, 44),
(148, 45),
(148, 49),
(149, 62),
(150, 44),
(150, 45),
(150, 49),
(150, 62),
(151, 75),
(152, 44),
(152, 45),
(152, 49),
(152, 62),
(152, 75),
(153, 79),
(154, 44),
(154, 45),
(154, 49),
(154, 62),
(154, 75),
(154, 79),
(155, 80),
(156, 44),
(156, 45),
(156, 49),
(156, 62),
(156, 75),
(156, 79),
(156, 80),
(157, 92),
(158, 104),
(159, 92),
(159, 104),
(160, 105),
(161, 92),
(161, 104),
(161, 105),
(162, 110),
(163, 92),
(163, 104),
(163, 105),
(163, 110),
(164, 111),
(165, 92),
(165, 104),
(165, 105),
(165, 110),
(165, 111),
(166, 112),
(167, 92),
(167, 104),
(167, 105),
(167, 110),
(167, 111),
(167, 112),
(168, 117),
(169, 92),
(169, 104),
(169, 105),
(169, 110),
(169, 111),
(169, 112),
(169, 117),
(170, 186),
(171, 191),
(172, 186),
(172, 191),
(173, 192),
(174, 186),
(174, 191),
(174, 192),
(175, 205),
(176, 186),
(176, 191),
(176, 192),
(176, 205),
(177, 208),
(178, 186),
(178, 191),
(178, 192),
(178, 205),
(178, 208),
(179, 210),
(180, 186),
(180, 191),
(180, 192),
(180, 205),
(180, 208),
(180, 210),
(181, 234),
(182, 186),
(182, 191),
(182, 192),
(182, 205),
(182, 208),
(182, 210),
(182, 234),
(183, 134),
(184, 136),
(185, 134),
(185, 136),
(186, 146),
(187, 134),
(187, 136),
(187, 146),
(188, 147),
(189, 134),
(189, 136),
(189, 146),
(189, 147),
(190, 151),
(191, 134),
(191, 136),
(191, 146),
(191, 147),
(191, 151),
(192, 162),
(193, 134),
(193, 136),
(193, 146),
(193, 147),
(193, 151),
(193, 162),
(194, 164),
(195, 134),
(195, 136),
(195, 146),
(195, 147),
(195, 151),
(195, 162),
(195, 164),
(196, 49),
(197, 62),
(198, 49),
(198, 62),
(199, 105),
(200, 49),
(200, 62),
(200, 105),
(201, 111),
(202, 49),
(202, 62),
(202, 105),
(202, 111),
(203, 164),
(204, 49),
(204, 62),
(204, 105),
(204, 111),
(204, 164),
(205, 192),
(206, 49),
(206, 62),
(206, 105),
(206, 111),
(206, 164),
(206, 192),
(207, 205),
(208, 49),
(208, 62),
(208, 105),
(208, 111),
(208, 164),
(208, 192),
(208, 205),
(209, 9),
(210, 34),
(211, 9),
(211, 34),
(212, 121),
(213, 9),
(213, 34),
(213, 121),
(214, 144),
(215, 9),
(215, 34),
(215, 121),
(215, 144),
(216, 214),
(217, 9),
(217, 34),
(217, 121),
(217, 144),
(217, 214),
(218, 222),
(219, 9),
(219, 34),
(219, 121),
(219, 144),
(219, 214),
(219, 222),
(220, 239),
(221, 9),
(221, 34),
(221, 121),
(221, 144),
(221, 214),
(221, 222),
(221, 239),
(222, 3),
(223, 8),
(224, 3),
(224, 8),
(225, 16),
(226, 3),
(226, 8),
(226, 16),
(227, 22),
(228, 3),
(228, 8),
(228, 16),
(228, 22),
(229, 24),
(230, 3),
(230, 8),
(230, 16),
(230, 22),
(230, 24),
(231, 32),
(232, 3),
(232, 8),
(232, 16),
(232, 22),
(232, 24),
(232, 32),
(233, 40),
(234, 3),
(234, 8),
(234, 16),
(234, 22),
(234, 24),
(234, 32),
(234, 40),
(235, 41),
(236, 48),
(237, 41),
(237, 48),
(238, 54),
(239, 41),
(239, 48),
(239, 54),
(240, 58),
(241, 41),
(241, 48),
(241, 54),
(241, 58),
(242, 60),
(243, 41),
(243, 48),
(243, 54),
(243, 58),
(243, 60),
(244, 64),
(245, 41),
(245, 48),
(245, 54),
(245, 58),
(245, 60),
(245, 64),
(246, 74),
(247, 41),
(247, 48),
(247, 54),
(247, 58),
(247, 60),
(247, 64),
(247, 74),
(248, 85),
(249, 89),
(250, 85),
(250, 89),
(251, 90),
(252, 85),
(252, 89),
(252, 90),
(253, 93),
(254, 85),
(254, 89),
(254, 90),
(254, 93),
(255, 104),
(256, 85),
(256, 89),
(256, 90),
(256, 93),
(256, 104),
(257, 117),
(258, 85),
(258, 89),
(258, 90),
(258, 93),
(258, 104),
(258, 117),
(259, 120),
(260, 85),
(260, 89),
(260, 90),
(260, 93),
(260, 104),
(260, 117),
(260, 120),
(261, 186),
(262, 192),
(263, 186),
(263, 192),
(264, 199),
(265, 186),
(265, 192),
(265, 199),
(266, 207),
(267, 186),
(267, 192),
(267, 199),
(267, 207),
(268, 213),
(269, 186),
(269, 192),
(269, 199),
(269, 207),
(269, 213),
(270, 215),
(271, 186),
(271, 192),
(271, 199),
(271, 207),
(271, 213),
(271, 215),
(272, 238),
(273, 186),
(273, 192),
(273, 199),
(273, 207),
(273, 213),
(273, 215),
(273, 238),
(274, 129),
(275, 133),
(276, 129),
(276, 133),
(277, 137),
(278, 129),
(278, 133),
(278, 137),
(279, 143),
(280, 129),
(280, 133),
(280, 137),
(280, 143),
(281, 164),
(282, 129),
(282, 133),
(282, 137),
(282, 143),
(282, 164),
(283, 171),
(284, 129),
(284, 133),
(284, 137),
(284, 143),
(284, 164),
(284, 171),
(285, 175),
(286, 129),
(286, 133),
(286, 137),
(286, 143),
(286, 164),
(286, 171),
(286, 175),
(287, 3),
(288, 8),
(289, 3),
(289, 8),
(290, 16),
(291, 3),
(291, 8),
(291, 16),
(292, 22),
(293, 3),
(293, 8),
(293, 16),
(293, 22),
(294, 24),
(295, 3),
(295, 8),
(295, 16),
(295, 22),
(295, 24),
(296, 32),
(297, 3),
(297, 8),
(297, 16),
(297, 22),
(297, 24),
(297, 32),
(298, 40),
(299, 3),
(299, 8),
(299, 16),
(299, 22),
(299, 24),
(299, 32),
(299, 40),
(300, 41),
(301, 48),
(302, 41),
(302, 48),
(303, 54),
(304, 41),
(304, 48),
(304, 54),
(305, 58),
(306, 41),
(306, 48),
(306, 54),
(306, 58),
(307, 60),
(308, 41),
(308, 48),
(308, 54),
(308, 58),
(308, 60),
(309, 64),
(310, 41),
(310, 48),
(310, 54),
(310, 58),
(310, 60),
(310, 64),
(311, 74),
(312, 41),
(312, 48),
(312, 54),
(312, 58),
(312, 60),
(312, 64),
(312, 74),
(313, 85),
(314, 89),
(315, 85),
(315, 89),
(316, 90),
(317, 85),
(317, 89),
(317, 90),
(318, 93),
(319, 85),
(319, 89),
(319, 90),
(319, 93),
(320, 104),
(321, 85),
(321, 89),
(321, 90),
(321, 93),
(321, 104),
(322, 117),
(323, 85),
(323, 89),
(323, 90),
(323, 93),
(323, 104),
(323, 117),
(324, 120),
(325, 85),
(325, 89),
(325, 90),
(325, 93),
(325, 104),
(325, 117),
(325, 120),
(326, 186),
(327, 192),
(328, 186),
(328, 192),
(329, 199),
(330, 186),
(330, 192),
(330, 199),
(331, 207),
(332, 186),
(332, 192),
(332, 199),
(332, 207),
(333, 213),
(334, 186),
(334, 192),
(334, 199),
(334, 207),
(334, 213),
(335, 215),
(336, 186),
(336, 192),
(336, 199),
(336, 207),
(336, 213),
(336, 215),
(337, 238),
(338, 186),
(338, 192),
(338, 199),
(338, 207),
(338, 213),
(338, 215),
(338, 238),
(339, 129),
(340, 133),
(341, 129),
(341, 133),
(342, 137),
(343, 129),
(343, 133),
(343, 137),
(344, 143),
(345, 129),
(345, 133),
(345, 137),
(345, 143),
(346, 164),
(347, 129),
(347, 133),
(347, 137),
(347, 143),
(347, 164),
(348, 171),
(349, 129),
(349, 133),
(349, 137),
(349, 143),
(349, 164),
(349, 171),
(350, 175),
(351, 129),
(351, 133),
(351, 137),
(351, 143),
(351, 164),
(351, 171),
(351, 175),
(352, 3),
(353, 8),
(354, 3),
(354, 8),
(355, 16),
(356, 3),
(356, 8),
(356, 16),
(357, 22),
(358, 3),
(358, 8),
(358, 16),
(358, 22),
(359, 24),
(360, 3),
(360, 8),
(360, 16),
(360, 22),
(360, 24),
(361, 32),
(362, 3),
(362, 8),
(362, 16),
(362, 22),
(362, 24),
(362, 32),
(363, 40),
(364, 3),
(364, 8),
(364, 16),
(364, 22),
(364, 24),
(364, 32),
(364, 40),
(365, 41),
(366, 48),
(367, 41),
(367, 48),
(368, 54),
(369, 41),
(369, 48),
(369, 54),
(370, 58),
(371, 41),
(371, 48),
(371, 54),
(371, 58),
(372, 60),
(373, 41),
(373, 48),
(373, 54),
(373, 58),
(373, 60),
(374, 64),
(375, 41),
(375, 48),
(375, 54),
(375, 58),
(375, 60),
(375, 64),
(376, 74),
(377, 41),
(377, 48),
(377, 54),
(377, 58),
(377, 60),
(377, 64),
(377, 74),
(378, 85),
(379, 89),
(380, 85),
(380, 89),
(381, 90),
(382, 85),
(382, 89),
(382, 90),
(383, 93),
(384, 85),
(384, 89),
(384, 90),
(384, 93),
(385, 104),
(386, 85),
(386, 89),
(386, 90),
(386, 93),
(386, 104),
(387, 117),
(388, 85),
(388, 89),
(388, 90),
(388, 93),
(388, 104),
(388, 117),
(389, 120),
(390, 85),
(390, 89),
(390, 90),
(390, 93),
(390, 104),
(390, 117),
(390, 120),
(391, 186),
(392, 192),
(393, 186),
(393, 192),
(394, 199),
(395, 186),
(395, 192),
(395, 199),
(396, 207),
(397, 186),
(397, 192),
(397, 199),
(397, 207),
(398, 213),
(399, 186),
(399, 192),
(399, 199),
(399, 207),
(399, 213),
(400, 215),
(401, 186),
(401, 192),
(401, 199),
(401, 207),
(401, 213),
(401, 215),
(402, 238),
(403, 186),
(403, 192),
(403, 199),
(403, 207),
(403, 213),
(403, 215),
(403, 238),
(404, 129),
(405, 133),
(406, 129),
(406, 133),
(407, 137),
(408, 129),
(408, 133),
(408, 137),
(409, 143),
(410, 129),
(410, 133),
(410, 137),
(410, 143),
(411, 164),
(412, 129),
(412, 133),
(412, 137),
(412, 143),
(412, 164),
(413, 171),
(414, 129),
(414, 133),
(414, 137),
(414, 143),
(414, 164),
(414, 171),
(415, 175),
(416, 129),
(416, 133),
(416, 137),
(416, 143),
(416, 164),
(416, 171),
(416, 175),
(417, 54),
(418, 74),
(419, 54),
(419, 74),
(420, 89),
(421, 54),
(421, 74),
(421, 89),
(422, 90),
(423, 54),
(423, 74),
(423, 89),
(423, 90),
(424, 117),
(425, 54),
(425, 74),
(425, 89),
(425, 90),
(425, 117),
(426, 137),
(427, 54),
(427, 74),
(427, 89),
(427, 90),
(427, 117),
(427, 137),
(428, 186),
(429, 54),
(429, 74),
(429, 89),
(429, 90),
(429, 117),
(429, 137),
(429, 186),
(430, 52),
(431, 53),
(432, 52),
(432, 53),
(433, 75),
(434, 52),
(434, 53),
(434, 75),
(435, 76),
(436, 52),
(436, 53),
(436, 75),
(436, 76),
(437, 95),
(438, 52),
(438, 53),
(438, 75),
(438, 76),
(438, 95),
(439, 154),
(440, 52),
(440, 53),
(440, 75),
(440, 76),
(440, 95),
(440, 154),
(441, 201),
(442, 52),
(442, 53),
(442, 75),
(442, 76),
(442, 95),
(442, 154),
(442, 201),
(443, 4),
(444, 12),
(445, 4),
(445, 12),
(446, 16),
(447, 4),
(447, 12),
(447, 16),
(448, 27),
(449, 4),
(449, 12),
(449, 16),
(449, 27),
(450, 29),
(451, 4),
(451, 12),
(451, 16),
(451, 27),
(451, 29),
(452, 32),
(453, 4),
(453, 12),
(453, 16),
(453, 27),
(453, 29),
(453, 32),
(454, 40),
(455, 4),
(455, 12),
(455, 16),
(455, 27),
(455, 29),
(455, 32),
(455, 40),
(456, 47),
(457, 53),
(458, 47),
(458, 53),
(459, 68),
(460, 47),
(460, 53),
(460, 68),
(461, 73),
(462, 47),
(462, 53),
(462, 68),
(462, 73),
(463, 74),
(464, 47),
(464, 53),
(464, 68),
(464, 73),
(464, 74),
(465, 76),
(466, 47),
(466, 53),
(466, 68),
(466, 73),
(466, 74),
(466, 76),
(467, 79),
(468, 47),
(468, 53),
(468, 68),
(468, 73),
(468, 74),
(468, 76),
(468, 79),
(469, 82),
(470, 85),
(471, 82),
(471, 85),
(472, 96),
(473, 82),
(473, 85),
(473, 96),
(474, 100),
(475, 82),
(475, 85),
(475, 96),
(475, 100),
(476, 107),
(477, 82),
(477, 85),
(477, 96),
(477, 100),
(477, 107),
(478, 109),
(479, 82),
(479, 85),
(479, 96),
(479, 100),
(479, 107),
(479, 109),
(480, 119),
(481, 82),
(481, 85),
(481, 96),
(481, 100),
(481, 107),
(481, 109),
(481, 119),
(482, 183),
(483, 201),
(484, 183),
(484, 201),
(485, 202),
(486, 183),
(486, 201),
(486, 202),
(487, 216),
(488, 183),
(488, 201),
(488, 202),
(488, 216),
(489, 227),
(490, 183),
(490, 201),
(490, 202),
(490, 216),
(490, 227),
(491, 234),
(492, 183),
(492, 201),
(492, 202),
(492, 216),
(492, 227),
(492, 234),
(493, 238),
(494, 183),
(494, 201),
(494, 202),
(494, 216),
(494, 227),
(494, 234),
(494, 238),
(495, 125),
(496, 144),
(497, 125),
(497, 144),
(498, 146),
(499, 125),
(499, 144),
(499, 146),
(500, 147),
(501, 125),
(501, 144),
(501, 146),
(501, 147),
(502, 152),
(503, 125),
(503, 144),
(503, 146),
(503, 147),
(503, 152),
(504, 179),
(505, 125),
(505, 144),
(505, 146),
(505, 147),
(505, 152),
(505, 179),
(506, 180),
(507, 125),
(507, 144),
(507, 146),
(507, 147),
(507, 152),
(507, 179),
(507, 180),
(508, 4),
(509, 12),
(510, 4),
(510, 12),
(511, 16),
(512, 4),
(512, 12),
(512, 16),
(513, 27),
(514, 4),
(514, 12),
(514, 16),
(514, 27),
(515, 29),
(516, 4),
(516, 12),
(516, 16),
(516, 27),
(516, 29),
(517, 32),
(518, 4),
(518, 12),
(518, 16),
(518, 27),
(518, 29),
(518, 32),
(519, 40),
(520, 4),
(520, 12),
(520, 16),
(520, 27),
(520, 29),
(520, 32),
(520, 40),
(521, 47),
(522, 53),
(523, 47),
(523, 53),
(524, 68),
(525, 47),
(525, 53),
(525, 68),
(526, 73),
(527, 47),
(527, 53),
(527, 68),
(527, 73),
(528, 74),
(529, 47),
(529, 53),
(529, 68),
(529, 73),
(529, 74),
(530, 76),
(531, 47),
(531, 53),
(531, 68),
(531, 73),
(531, 74),
(531, 76),
(532, 79),
(533, 47),
(533, 53),
(533, 68),
(533, 73),
(533, 74),
(533, 76),
(533, 79),
(534, 82),
(535, 85),
(536, 82),
(536, 85),
(537, 96),
(538, 82),
(538, 85),
(538, 96),
(539, 100),
(540, 82),
(540, 85),
(540, 96),
(540, 100),
(541, 107),
(542, 82),
(542, 85),
(542, 96),
(542, 100),
(542, 107),
(543, 109),
(544, 82),
(544, 85),
(544, 96),
(544, 100),
(544, 107),
(544, 109),
(545, 119),
(546, 82),
(546, 85),
(546, 96),
(546, 100),
(546, 107),
(546, 109),
(546, 119),
(547, 183),
(548, 201),
(549, 183),
(549, 201),
(550, 202),
(551, 183),
(551, 201),
(551, 202),
(552, 216),
(553, 183),
(553, 201),
(553, 202),
(553, 216),
(554, 227),
(555, 183),
(555, 201),
(555, 202),
(555, 216),
(555, 227),
(556, 234),
(557, 183),
(557, 201),
(557, 202),
(557, 216),
(557, 227),
(557, 234),
(558, 238),
(559, 183),
(559, 201),
(559, 202),
(559, 216),
(559, 227),
(559, 234),
(559, 238),
(560, 125),
(561, 144),
(562, 125),
(562, 144),
(563, 146),
(564, 125),
(564, 144),
(564, 146),
(565, 147),
(566, 125),
(566, 144),
(566, 146),
(566, 147),
(567, 152),
(568, 125),
(568, 144),
(568, 146),
(568, 147),
(568, 152),
(569, 179),
(570, 125),
(570, 144),
(570, 146),
(570, 147),
(570, 152),
(570, 179),
(571, 180),
(572, 125),
(572, 144),
(572, 146),
(572, 147),
(572, 152),
(572, 179),
(572, 180),
(573, 4),
(574, 12),
(575, 4),
(575, 12),
(576, 16),
(577, 4),
(577, 12),
(577, 16),
(578, 27),
(579, 4),
(579, 12),
(579, 16),
(579, 27),
(580, 29),
(581, 4),
(581, 12),
(581, 16),
(581, 27),
(581, 29),
(582, 32),
(583, 4),
(583, 12),
(583, 16),
(583, 27),
(583, 29),
(583, 32),
(584, 40),
(585, 4),
(585, 12),
(585, 16),
(585, 27),
(585, 29),
(585, 32),
(585, 40),
(586, 47),
(587, 53),
(588, 47),
(588, 53),
(589, 68),
(590, 47),
(590, 53),
(590, 68),
(591, 73),
(592, 47),
(592, 53),
(592, 68),
(592, 73),
(593, 74),
(594, 47),
(594, 53),
(594, 68),
(594, 73),
(594, 74),
(595, 76),
(596, 47),
(596, 53),
(596, 68),
(596, 73),
(596, 74),
(596, 76),
(597, 79),
(598, 47),
(598, 53),
(598, 68),
(598, 73),
(598, 74),
(598, 76),
(598, 79),
(599, 82),
(600, 85),
(601, 82),
(601, 85),
(602, 96),
(603, 82),
(603, 85),
(603, 96),
(604, 100),
(605, 82),
(605, 85),
(605, 96),
(605, 100),
(606, 107),
(607, 82),
(607, 85),
(607, 96),
(607, 100),
(607, 107),
(608, 109),
(609, 82),
(609, 85),
(609, 96),
(609, 100),
(609, 107),
(609, 109),
(610, 119),
(611, 82),
(611, 85),
(611, 96),
(611, 100),
(611, 107),
(611, 109),
(611, 119),
(612, 183),
(613, 201),
(614, 183),
(614, 201),
(615, 202),
(616, 183),
(616, 201),
(616, 202),
(617, 216),
(618, 183),
(618, 201),
(618, 202),
(618, 216),
(619, 227),
(620, 183),
(620, 201),
(620, 202),
(620, 216),
(620, 227),
(621, 234),
(622, 183),
(622, 201),
(622, 202),
(622, 216),
(622, 227),
(622, 234),
(623, 238),
(624, 183),
(624, 201),
(624, 202),
(624, 216),
(624, 227),
(624, 234),
(624, 238),
(625, 125),
(626, 144),
(627, 125),
(627, 144),
(628, 146),
(629, 125),
(629, 144),
(629, 146),
(630, 147),
(631, 125),
(631, 144),
(631, 146),
(631, 147),
(632, 152),
(633, 125),
(633, 144),
(633, 146),
(633, 147),
(633, 152),
(634, 179),
(635, 125),
(635, 144),
(635, 146),
(635, 147),
(635, 152),
(635, 179),
(636, 180),
(637, 125),
(637, 144),
(637, 146),
(637, 147),
(637, 152),
(637, 179),
(637, 180),
(638, 47),
(639, 82),
(640, 47),
(640, 82),
(641, 146),
(642, 47),
(642, 82),
(642, 146),
(643, 201),
(644, 47),
(644, 82),
(644, 146),
(644, 201),
(645, 202),
(646, 47),
(646, 82),
(646, 146),
(646, 201),
(646, 202),
(647, 234),
(648, 47),
(648, 82),
(648, 146),
(648, 201),
(648, 202),
(648, 234),
(649, 238),
(650, 47),
(650, 82),
(650, 146),
(650, 201),
(650, 202),
(650, 234),
(650, 238),
(651, 8),
(652, 70),
(653, 8),
(653, 70),
(654, 72),
(655, 8),
(655, 70),
(655, 72),
(656, 121),
(657, 8),
(657, 70),
(657, 72),
(657, 121),
(658, 167),
(659, 8),
(659, 70),
(659, 72),
(659, 121),
(659, 167),
(660, 172),
(661, 8),
(661, 70),
(661, 72),
(661, 121),
(661, 167),
(661, 172),
(662, 230),
(663, 8),
(663, 70),
(663, 72),
(663, 121),
(663, 167),
(663, 172),
(663, 230),
(664, 4),
(665, 5),
(666, 4),
(666, 5),
(667, 9),
(668, 4),
(668, 5),
(668, 9),
(669, 19),
(670, 4),
(670, 5),
(670, 9),
(670, 19),
(671, 30),
(672, 4),
(672, 5),
(672, 9),
(672, 19),
(672, 30),
(673, 37),
(674, 4),
(674, 5),
(674, 9),
(674, 19),
(674, 30),
(674, 37),
(675, 39),
(676, 4),
(676, 5),
(676, 9),
(676, 19),
(676, 30),
(676, 37),
(676, 39),
(677, 41),
(678, 46),
(679, 41),
(679, 46),
(680, 48),
(681, 41),
(681, 46),
(681, 48),
(682, 57),
(683, 41),
(683, 46),
(683, 48),
(683, 57),
(684, 59),
(685, 41),
(685, 46),
(685, 48),
(685, 57),
(685, 59),
(686, 65),
(687, 41),
(687, 46),
(687, 48),
(687, 57),
(687, 59),
(687, 65),
(688, 69),
(689, 41),
(689, 46),
(689, 48),
(689, 57),
(689, 59),
(689, 65),
(689, 69),
(690, 83),
(691, 88),
(692, 83),
(692, 88),
(693, 91),
(694, 83),
(694, 88),
(694, 91),
(695, 105),
(696, 83),
(696, 88),
(696, 91),
(696, 105),
(697, 113),
(698, 83),
(698, 88),
(698, 91),
(698, 105),
(698, 113),
(699, 114),
(700, 83),
(700, 88),
(700, 91),
(700, 105),
(700, 113),
(700, 114),
(701, 119),
(702, 83),
(702, 88),
(702, 91),
(702, 105),
(702, 113),
(702, 114),
(702, 119),
(703, 187),
(704, 205),
(705, 187),
(705, 205),
(706, 213),
(707, 187),
(707, 205),
(707, 213),
(708, 215),
(709, 187),
(709, 205),
(709, 213),
(709, 215),
(710, 229),
(711, 187),
(711, 205),
(711, 213),
(711, 215),
(711, 229),
(712, 232),
(713, 187),
(713, 205),
(713, 213),
(713, 215),
(713, 229),
(713, 232),
(714, 238),
(715, 187),
(715, 205),
(715, 213),
(715, 215),
(715, 229),
(715, 232),
(715, 238),
(716, 133),
(717, 137),
(718, 133),
(718, 137),
(719, 147),
(720, 133),
(720, 137),
(720, 147),
(721, 155),
(722, 133),
(722, 137),
(722, 147),
(722, 155),
(723, 162),
(724, 133),
(724, 137),
(724, 147),
(724, 155),
(724, 162),
(725, 167),
(726, 133),
(726, 137),
(726, 147),
(726, 155),
(726, 162),
(726, 167),
(727, 177),
(728, 133),
(728, 137),
(728, 147),
(728, 155),
(728, 162),
(728, 167),
(728, 177),
(729, 4),
(730, 5),
(731, 4),
(731, 5),
(732, 9),
(733, 4),
(733, 5),
(733, 9),
(734, 19),
(735, 4),
(735, 5),
(735, 9),
(735, 19),
(736, 30),
(737, 4),
(737, 5),
(737, 9),
(737, 19),
(737, 30),
(738, 37),
(739, 4),
(739, 5),
(739, 9),
(739, 19),
(739, 30),
(739, 37),
(740, 39),
(741, 4),
(741, 5),
(741, 9),
(741, 19),
(741, 30),
(741, 37),
(741, 39),
(742, 41),
(743, 46),
(744, 41),
(744, 46),
(745, 48),
(746, 41),
(746, 46),
(746, 48),
(747, 57),
(748, 41),
(748, 46),
(748, 48),
(748, 57),
(749, 59),
(750, 41),
(750, 46),
(750, 48),
(750, 57),
(750, 59),
(751, 65),
(752, 41),
(752, 46),
(752, 48),
(752, 57),
(752, 59),
(752, 65),
(753, 69),
(754, 41),
(754, 46),
(754, 48),
(754, 57),
(754, 59),
(754, 65),
(754, 69),
(755, 83),
(756, 88),
(757, 83),
(757, 88),
(758, 91),
(759, 83),
(759, 88),
(759, 91),
(760, 105),
(761, 83),
(761, 88),
(761, 91),
(761, 105),
(762, 113),
(763, 83),
(763, 88),
(763, 91),
(763, 105),
(763, 113),
(764, 114),
(765, 83),
(765, 88),
(765, 91),
(765, 105),
(765, 113),
(765, 114),
(766, 119),
(767, 83),
(767, 88),
(767, 91),
(767, 105),
(767, 113),
(767, 114),
(767, 119),
(768, 187),
(769, 205),
(770, 187),
(770, 205),
(771, 213),
(772, 187),
(772, 205),
(772, 213),
(773, 215),
(774, 187),
(774, 205),
(774, 213),
(774, 215),
(775, 229),
(776, 187),
(776, 205),
(776, 213),
(776, 215),
(776, 229),
(777, 232),
(778, 187),
(778, 205),
(778, 213),
(778, 215),
(778, 229),
(778, 232),
(779, 238),
(780, 187),
(780, 205),
(780, 213),
(780, 215),
(780, 229),
(780, 232),
(780, 238),
(781, 133),
(782, 137),
(783, 133),
(783, 137),
(784, 147),
(785, 133),
(785, 137),
(785, 147),
(786, 155),
(787, 133),
(787, 137),
(787, 147),
(787, 155),
(788, 162),
(789, 133),
(789, 137),
(789, 147),
(789, 155),
(789, 162),
(790, 167),
(791, 133),
(791, 137),
(791, 147),
(791, 155),
(791, 162),
(791, 167),
(792, 177),
(793, 133),
(793, 137),
(793, 147),
(793, 155),
(793, 162),
(793, 167),
(793, 177),
(794, 4),
(795, 5),
(796, 4),
(796, 5),
(797, 9),
(798, 4),
(798, 5),
(798, 9),
(799, 19),
(800, 4),
(800, 5),
(800, 9),
(800, 19),
(801, 30),
(802, 4),
(802, 5),
(802, 9),
(802, 19),
(802, 30),
(803, 37),
(804, 4),
(804, 5),
(804, 9),
(804, 19),
(804, 30),
(804, 37),
(805, 39),
(806, 4),
(806, 5),
(806, 9),
(806, 19),
(806, 30),
(806, 37),
(806, 39),
(807, 41),
(808, 46),
(809, 41),
(809, 46),
(810, 48),
(811, 41),
(811, 46),
(811, 48),
(812, 57),
(813, 41),
(813, 46),
(813, 48),
(813, 57),
(814, 59),
(815, 41),
(815, 46),
(815, 48),
(815, 57),
(815, 59),
(816, 65),
(817, 41),
(817, 46),
(817, 48),
(817, 57),
(817, 59),
(817, 65),
(818, 69),
(819, 41),
(819, 46),
(819, 48),
(819, 57),
(819, 59),
(819, 65),
(819, 69),
(820, 83),
(821, 88),
(822, 83),
(822, 88),
(823, 91),
(824, 83),
(824, 88),
(824, 91),
(825, 105),
(826, 83),
(826, 88),
(826, 91),
(826, 105),
(827, 113),
(828, 83),
(828, 88),
(828, 91),
(828, 105),
(828, 113),
(829, 114),
(830, 83),
(830, 88),
(830, 91),
(830, 105),
(830, 113),
(830, 114),
(831, 119),
(832, 83),
(832, 88),
(832, 91),
(832, 105),
(832, 113),
(832, 114),
(832, 119),
(833, 187),
(834, 205),
(835, 187),
(835, 205),
(836, 213),
(837, 187),
(837, 205),
(837, 213),
(838, 215),
(839, 187),
(839, 205),
(839, 213),
(839, 215),
(840, 229),
(841, 187),
(841, 205),
(841, 213),
(841, 215),
(841, 229),
(842, 232),
(843, 187),
(843, 205),
(843, 213),
(843, 215),
(843, 229),
(843, 232),
(844, 238),
(845, 187),
(845, 205),
(845, 213),
(845, 215),
(845, 229),
(845, 232),
(845, 238),
(846, 133),
(847, 137),
(848, 133),
(848, 137),
(849, 147),
(850, 133),
(850, 137),
(850, 147),
(851, 155),
(852, 133),
(852, 137),
(852, 147),
(852, 155),
(853, 162),
(854, 133),
(854, 137),
(854, 147),
(854, 155),
(854, 162),
(855, 167),
(856, 133),
(856, 137),
(856, 147),
(856, 155),
(856, 162),
(856, 167),
(857, 177),
(858, 133),
(858, 137),
(858, 147),
(858, 155),
(858, 162),
(858, 167),
(858, 177),
(859, 41),
(860, 65),
(861, 41),
(861, 65),
(862, 83),
(863, 41),
(863, 65),
(863, 83),
(864, 155),
(865, 41),
(865, 65),
(865, 83),
(865, 155),
(866, 167),
(867, 41),
(867, 65),
(867, 83),
(867, 155),
(867, 167),
(868, 177),
(869, 41),
(869, 65),
(869, 83),
(869, 155),
(869, 167),
(869, 177),
(870, 213),
(871, 41),
(871, 65),
(871, 83),
(871, 155),
(871, 167),
(871, 177),
(871, 213),
(872, 61),
(873, 98),
(874, 61),
(874, 98),
(875, 148),
(876, 61),
(876, 98),
(876, 148),
(877, 149),
(878, 61),
(878, 98),
(878, 148),
(878, 149),
(879, 174),
(880, 61),
(880, 98),
(880, 148),
(880, 149),
(880, 174),
(881, 196),
(882, 61),
(882, 98),
(882, 148),
(882, 149),
(882, 174),
(882, 196),
(883, 217),
(884, 61),
(884, 98),
(884, 148),
(884, 149),
(884, 174),
(884, 196),
(884, 217),
(1106, 18),
(1107, 19),
(1108, 18),
(1108, 19),
(1109, 20),
(1110, 18),
(1110, 19),
(1110, 20),
(1111, 23),
(1112, 18),
(1112, 19),
(1112, 20),
(1112, 23),
(1113, 32),
(1114, 18),
(1114, 19),
(1114, 20),
(1114, 23),
(1114, 32),
(1115, 35),
(1116, 18),
(1116, 19),
(1116, 20),
(1116, 23),
(1116, 32),
(1116, 35),
(1117, 38),
(1118, 18),
(1118, 19),
(1118, 20),
(1118, 23),
(1118, 32),
(1118, 35),
(1118, 38),
(1119, 42),
(1120, 43),
(1121, 42),
(1121, 43),
(1122, 50),
(1123, 42),
(1123, 43),
(1123, 50),
(1124, 54),
(1125, 42),
(1125, 43),
(1125, 50),
(1125, 54),
(1126, 65),
(1127, 42),
(1127, 43),
(1127, 50),
(1127, 54),
(1127, 65),
(1128, 72),
(1129, 42),
(1129, 43),
(1129, 50),
(1129, 54),
(1129, 65),
(1129, 72),
(1130, 75),
(1131, 42),
(1131, 43),
(1131, 50),
(1131, 54),
(1131, 65),
(1131, 72),
(1131, 75),
(1132, 91),
(1133, 103),
(1134, 91),
(1134, 103),
(1135, 107),
(1136, 91),
(1136, 103),
(1136, 107),
(1137, 109),
(1138, 91),
(1138, 103),
(1138, 107),
(1138, 109),
(1139, 113),
(1140, 91),
(1140, 103),
(1140, 107),
(1140, 109),
(1140, 113),
(1141, 114),
(1142, 91),
(1142, 103),
(1142, 107),
(1142, 109),
(1142, 113),
(1142, 114),
(1143, 118),
(1144, 91),
(1144, 103),
(1144, 107),
(1144, 109),
(1144, 113),
(1144, 114),
(1144, 118),
(1145, 189),
(1146, 190),
(1147, 189),
(1147, 190),
(1148, 201),
(1149, 189),
(1149, 190),
(1149, 201),
(1150, 206),
(1151, 189),
(1151, 190),
(1151, 201),
(1151, 206),
(1152, 214),
(1153, 189),
(1153, 190),
(1153, 201),
(1153, 206),
(1153, 214),
(1154, 230),
(1155, 189),
(1155, 190),
(1155, 201),
(1155, 206),
(1155, 214),
(1155, 230),
(1156, 235),
(1157, 189),
(1157, 190),
(1157, 201),
(1157, 206),
(1157, 214),
(1157, 230),
(1157, 235),
(1158, 123),
(1159, 131),
(1160, 123),
(1160, 131),
(1161, 137),
(1162, 123),
(1162, 131),
(1162, 137),
(1163, 139),
(1164, 123),
(1164, 131),
(1164, 137),
(1164, 139),
(1165, 145),
(1166, 123),
(1166, 131),
(1166, 137),
(1166, 139),
(1166, 145),
(1167, 157),
(1168, 123),
(1168, 131),
(1168, 137),
(1168, 139),
(1168, 145),
(1168, 157),
(1169, 177),
(1170, 123),
(1170, 131),
(1170, 137),
(1170, 139),
(1170, 145),
(1170, 157),
(1170, 177),
(1171, 18),
(1172, 19),
(1173, 18),
(1173, 19),
(1174, 20),
(1175, 18),
(1175, 19),
(1175, 20),
(1176, 23),
(1177, 18),
(1177, 19),
(1177, 20),
(1177, 23),
(1178, 32),
(1179, 18),
(1179, 19),
(1179, 20),
(1179, 23),
(1179, 32),
(1180, 35),
(1181, 18),
(1181, 19),
(1181, 20),
(1181, 23),
(1181, 32),
(1181, 35),
(1182, 38),
(1183, 18),
(1183, 19),
(1183, 20),
(1183, 23),
(1183, 32),
(1183, 35),
(1183, 38),
(1184, 42),
(1185, 43),
(1186, 42),
(1186, 43),
(1187, 50),
(1188, 42),
(1188, 43),
(1188, 50),
(1189, 54),
(1190, 42),
(1190, 43),
(1190, 50),
(1190, 54),
(1191, 65),
(1192, 42),
(1192, 43),
(1192, 50),
(1192, 54),
(1192, 65),
(1193, 72),
(1194, 42),
(1194, 43),
(1194, 50),
(1194, 54),
(1194, 65),
(1194, 72),
(1195, 75),
(1196, 42),
(1196, 43),
(1196, 50),
(1196, 54),
(1196, 65),
(1196, 72),
(1196, 75),
(1197, 91),
(1198, 103),
(1199, 91),
(1199, 103),
(1200, 107),
(1201, 91),
(1201, 103),
(1201, 107),
(1202, 109),
(1203, 91),
(1203, 103),
(1203, 107),
(1203, 109),
(1204, 113),
(1205, 91),
(1205, 103),
(1205, 107),
(1205, 109),
(1205, 113),
(1206, 114),
(1207, 91),
(1207, 103),
(1207, 107),
(1207, 109),
(1207, 113),
(1207, 114),
(1208, 118),
(1209, 91),
(1209, 103),
(1209, 107),
(1209, 109),
(1209, 113),
(1209, 114),
(1209, 118),
(1210, 189),
(1211, 190),
(1212, 189),
(1212, 190),
(1213, 201),
(1214, 189),
(1214, 190),
(1214, 201),
(1215, 206),
(1216, 189),
(1216, 190),
(1216, 201),
(1216, 206),
(1217, 214),
(1218, 189),
(1218, 190),
(1218, 201),
(1218, 206),
(1218, 214),
(1219, 230),
(1220, 189),
(1220, 190),
(1220, 201),
(1220, 206),
(1220, 214),
(1220, 230),
(1221, 235),
(1222, 189),
(1222, 190),
(1222, 201),
(1222, 206),
(1222, 214),
(1222, 230),
(1222, 235),
(1223, 123),
(1224, 131),
(1225, 123),
(1225, 131),
(1226, 137),
(1227, 123),
(1227, 131),
(1227, 137),
(1228, 139),
(1229, 123),
(1229, 131),
(1229, 137),
(1229, 139),
(1230, 145),
(1231, 123),
(1231, 131),
(1231, 137),
(1231, 139),
(1231, 145),
(1232, 157),
(1233, 123),
(1233, 131),
(1233, 137),
(1233, 139),
(1233, 145),
(1233, 157),
(1234, 177),
(1235, 123),
(1235, 131),
(1235, 137),
(1235, 139),
(1235, 145),
(1235, 157),
(1235, 177),
(1236, 18),
(1237, 19),
(1238, 18),
(1238, 19),
(1239, 20),
(1240, 18),
(1240, 19),
(1240, 20),
(1241, 23),
(1242, 18),
(1242, 19),
(1242, 20),
(1242, 23),
(1243, 32),
(1244, 18),
(1244, 19),
(1244, 20),
(1244, 23),
(1244, 32),
(1245, 35),
(1246, 18),
(1246, 19),
(1246, 20),
(1246, 23),
(1246, 32),
(1246, 35),
(1247, 38),
(1248, 18),
(1248, 19),
(1248, 20),
(1248, 23),
(1248, 32),
(1248, 35),
(1248, 38),
(1249, 42),
(1250, 43),
(1251, 42),
(1251, 43),
(1252, 50),
(1253, 42),
(1253, 43),
(1253, 50),
(1254, 54),
(1255, 42),
(1255, 43),
(1255, 50),
(1255, 54),
(1256, 65),
(1257, 42),
(1257, 43),
(1257, 50),
(1257, 54),
(1257, 65),
(1258, 72),
(1259, 42),
(1259, 43),
(1259, 50),
(1259, 54),
(1259, 65),
(1259, 72),
(1260, 75),
(1261, 42),
(1261, 43),
(1261, 50),
(1261, 54),
(1261, 65),
(1261, 72),
(1261, 75),
(1262, 91),
(1263, 103),
(1264, 91),
(1264, 103),
(1265, 107),
(1266, 91),
(1266, 103),
(1266, 107),
(1267, 109),
(1268, 91),
(1268, 103),
(1268, 107),
(1268, 109),
(1269, 113),
(1270, 91),
(1270, 103),
(1270, 107),
(1270, 109),
(1270, 113),
(1271, 114),
(1272, 91),
(1272, 103),
(1272, 107),
(1272, 109),
(1272, 113),
(1272, 114),
(1273, 118),
(1274, 91),
(1274, 103),
(1274, 107),
(1274, 109),
(1274, 113),
(1274, 114),
(1274, 118),
(1275, 189),
(1276, 190),
(1277, 189),
(1277, 190),
(1278, 201),
(1279, 189),
(1279, 190),
(1279, 201),
(1280, 206),
(1281, 189),
(1281, 190),
(1281, 201),
(1281, 206),
(1282, 214),
(1283, 189),
(1283, 190),
(1283, 201),
(1283, 206),
(1283, 214),
(1284, 230),
(1285, 189),
(1285, 190),
(1285, 201),
(1285, 206),
(1285, 214),
(1285, 230),
(1286, 235),
(1287, 189),
(1287, 190),
(1287, 201),
(1287, 206),
(1287, 214),
(1287, 230),
(1287, 235),
(1288, 123),
(1289, 131),
(1290, 123),
(1290, 131),
(1291, 137),
(1292, 123),
(1292, 131),
(1292, 137),
(1293, 139),
(1294, 123),
(1294, 131),
(1294, 137),
(1294, 139),
(1295, 145),
(1296, 123),
(1296, 131),
(1296, 137),
(1296, 139),
(1296, 145),
(1297, 157),
(1298, 123),
(1298, 131),
(1298, 137),
(1298, 139),
(1298, 145),
(1298, 157),
(1299, 177),
(1300, 123),
(1300, 131),
(1300, 137),
(1300, 139),
(1300, 145),
(1300, 157),
(1300, 177),
(1301, 43),
(1302, 50),
(1303, 43),
(1303, 50),
(1304, 114),
(1305, 43),
(1305, 50),
(1305, 114),
(1306, 123),
(1307, 43),
(1307, 50),
(1307, 114),
(1307, 123),
(1308, 157),
(1309, 43),
(1309, 50),
(1309, 114),
(1309, 123),
(1309, 157),
(1310, 177),
(1311, 43),
(1311, 50),
(1311, 114),
(1311, 123),
(1311, 157),
(1311, 177),
(1312, 214),
(1313, 43),
(1313, 50),
(1313, 114),
(1313, 123),
(1313, 157),
(1313, 177),
(1313, 214),
(1314, 45),
(1315, 51),
(1316, 45),
(1316, 51),
(1317, 79),
(1318, 45),
(1318, 51),
(1318, 79),
(1319, 87),
(1320, 45),
(1320, 51),
(1320, 79),
(1320, 87),
(1321, 97),
(1322, 45),
(1322, 51),
(1322, 79),
(1322, 87),
(1322, 97),
(1323, 130),
(1324, 45),
(1324, 51),
(1324, 79),
(1324, 87),
(1324, 97),
(1324, 130),
(1325, 151),
(1326, 45),
(1326, 51),
(1326, 79),
(1326, 87),
(1326, 97),
(1326, 130),
(1326, 151),
(1769, 4),
(1770, 8),
(1771, 4),
(1771, 8),
(1772, 11),
(1773, 4),
(1773, 8),
(1773, 11),
(1774, 18),
(1775, 4),
(1775, 8),
(1775, 11),
(1775, 18),
(1776, 21),
(1777, 4),
(1777, 8),
(1777, 11),
(1777, 18),
(1777, 21),
(1778, 22),
(1779, 4),
(1779, 8),
(1779, 11),
(1779, 18),
(1779, 21),
(1779, 22),
(1780, 26),
(1781, 4),
(1781, 8),
(1781, 11),
(1781, 18),
(1781, 21),
(1781, 22),
(1781, 26),
(1782, 44),
(1783, 53),
(1784, 44),
(1784, 53),
(1785, 60),
(1786, 44),
(1786, 53),
(1786, 60),
(1787, 70),
(1788, 44),
(1788, 53),
(1788, 60),
(1788, 70),
(1789, 78),
(1790, 44),
(1790, 53),
(1790, 60),
(1790, 70),
(1790, 78),
(1791, 79),
(1792, 44),
(1792, 53),
(1792, 60),
(1792, 70),
(1792, 78),
(1792, 79),
(1793, 80),
(1794, 44),
(1794, 53),
(1794, 60),
(1794, 70),
(1794, 78),
(1794, 79),
(1794, 80),
(1795, 81),
(1796, 85),
(1797, 81),
(1797, 85),
(1798, 91),
(1799, 81),
(1799, 85),
(1799, 91),
(1800, 101),
(1801, 81),
(1801, 85),
(1801, 91),
(1801, 101),
(1802, 103),
(1803, 81),
(1803, 85),
(1803, 91),
(1803, 101),
(1803, 103),
(1804, 113),
(1805, 81),
(1805, 85),
(1805, 91),
(1805, 101),
(1805, 103),
(1805, 113),
(1806, 116),
(1807, 81),
(1807, 85),
(1807, 91),
(1807, 101),
(1807, 103),
(1807, 113),
(1807, 116),
(1808, 182),
(1809, 199),
(1810, 182),
(1810, 199),
(1811, 205),
(1812, 182),
(1812, 199),
(1812, 205),
(1813, 208),
(1814, 182),
(1814, 199),
(1814, 205),
(1814, 208),
(1815, 216),
(1816, 182),
(1816, 199),
(1816, 205),
(1816, 208),
(1816, 216),
(1817, 217),
(1818, 182),
(1818, 199),
(1818, 205),
(1818, 208),
(1818, 216),
(1818, 217),
(1819, 229),
(1820, 182),
(1820, 199),
(1820, 205),
(1820, 208),
(1820, 216),
(1820, 217),
(1820, 229),
(1821, 143),
(1822, 146),
(1823, 143),
(1823, 146),
(1824, 154),
(1825, 143),
(1825, 146),
(1825, 154),
(1826, 158),
(1827, 143),
(1827, 146),
(1827, 154),
(1827, 158),
(1828, 165),
(1829, 143),
(1829, 146),
(1829, 154),
(1829, 158),
(1829, 165),
(1830, 167),
(1831, 143),
(1831, 146),
(1831, 154),
(1831, 158),
(1831, 165),
(1831, 167),
(1832, 180),
(1833, 143),
(1833, 146),
(1833, 154),
(1833, 158),
(1833, 165),
(1833, 167),
(1833, 180),
(1834, 4),
(1835, 8),
(1836, 4),
(1836, 8),
(1837, 11),
(1838, 4),
(1838, 8),
(1838, 11),
(1839, 18),
(1840, 4),
(1840, 8),
(1840, 11),
(1840, 18),
(1841, 21),
(1842, 4),
(1842, 8),
(1842, 11),
(1842, 18),
(1842, 21),
(1843, 22),
(1844, 4),
(1844, 8),
(1844, 11),
(1844, 18),
(1844, 21),
(1844, 22),
(1845, 26),
(1846, 4),
(1846, 8),
(1846, 11),
(1846, 18),
(1846, 21),
(1846, 22),
(1846, 26),
(1847, 44),
(1848, 53),
(1849, 44),
(1849, 53),
(1850, 60),
(1851, 44),
(1851, 53),
(1851, 60),
(1852, 70),
(1853, 44),
(1853, 53),
(1853, 60),
(1853, 70),
(1854, 78),
(1855, 44),
(1855, 53),
(1855, 60),
(1855, 70),
(1855, 78),
(1856, 79),
(1857, 44),
(1857, 53),
(1857, 60),
(1857, 70),
(1857, 78),
(1857, 79),
(1858, 80),
(1859, 44),
(1859, 53),
(1859, 60),
(1859, 70),
(1859, 78),
(1859, 79),
(1859, 80),
(1860, 81),
(1861, 85),
(1862, 81),
(1862, 85),
(1863, 91),
(1864, 81),
(1864, 85),
(1864, 91),
(1865, 101),
(1866, 81),
(1866, 85),
(1866, 91),
(1866, 101),
(1867, 103),
(1868, 81),
(1868, 85),
(1868, 91),
(1868, 101),
(1868, 103),
(1869, 113),
(1870, 81),
(1870, 85),
(1870, 91),
(1870, 101),
(1870, 103),
(1870, 113),
(1871, 116),
(1872, 81),
(1872, 85),
(1872, 91),
(1872, 101),
(1872, 103),
(1872, 113),
(1872, 116),
(1873, 182),
(1874, 199),
(1875, 182),
(1875, 199),
(1876, 205),
(1877, 182),
(1877, 199),
(1877, 205),
(1878, 208),
(1879, 182),
(1879, 199),
(1879, 205),
(1879, 208),
(1880, 216),
(1881, 182),
(1881, 199),
(1881, 205),
(1881, 208),
(1881, 216),
(1882, 217),
(1883, 182),
(1883, 199),
(1883, 205),
(1883, 208),
(1883, 216),
(1883, 217),
(1884, 229),
(1885, 182),
(1885, 199),
(1885, 205),
(1885, 208),
(1885, 216),
(1885, 217),
(1885, 229),
(1886, 143),
(1887, 146),
(1888, 143),
(1888, 146),
(1889, 154),
(1890, 143),
(1890, 146),
(1890, 154),
(1891, 158),
(1892, 143),
(1892, 146),
(1892, 154),
(1892, 158),
(1893, 165),
(1894, 143),
(1894, 146),
(1894, 154),
(1894, 158),
(1894, 165),
(1895, 167),
(1896, 143),
(1896, 146),
(1896, 154),
(1896, 158),
(1896, 165),
(1896, 167),
(1897, 180),
(1898, 143),
(1898, 146),
(1898, 154),
(1898, 158),
(1898, 165),
(1898, 167),
(1898, 180),
(1899, 4),
(1900, 8),
(1901, 4),
(1901, 8),
(1902, 11),
(1903, 4),
(1903, 8),
(1903, 11),
(1904, 18),
(1905, 4),
(1905, 8),
(1905, 11),
(1905, 18),
(1906, 21),
(1907, 4),
(1907, 8),
(1907, 11),
(1907, 18),
(1907, 21),
(1908, 22),
(1909, 4),
(1909, 8),
(1909, 11),
(1909, 18),
(1909, 21),
(1909, 22),
(1910, 26),
(1911, 4),
(1911, 8),
(1911, 11),
(1911, 18),
(1911, 21),
(1911, 22),
(1911, 26),
(1912, 44),
(1913, 53),
(1914, 44),
(1914, 53),
(1915, 60),
(1916, 44),
(1916, 53),
(1916, 60),
(1917, 70),
(1918, 44),
(1918, 53),
(1918, 60),
(1918, 70),
(1919, 78),
(1920, 44),
(1920, 53),
(1920, 60),
(1920, 70),
(1920, 78),
(1921, 79),
(1922, 44),
(1922, 53),
(1922, 60),
(1922, 70),
(1922, 78),
(1922, 79),
(1923, 80),
(1924, 44),
(1924, 53),
(1924, 60),
(1924, 70),
(1924, 78),
(1924, 79),
(1924, 80),
(1925, 81),
(1926, 85),
(1927, 81),
(1927, 85),
(1928, 91),
(1929, 81),
(1929, 85),
(1929, 91),
(1930, 101),
(1931, 81),
(1931, 85),
(1931, 91),
(1931, 101),
(1932, 103),
(1933, 81),
(1933, 85),
(1933, 91),
(1933, 101),
(1933, 103),
(1934, 113),
(1935, 81),
(1935, 85),
(1935, 91),
(1935, 101),
(1935, 103),
(1935, 113),
(1936, 116),
(1937, 81),
(1937, 85),
(1937, 91),
(1937, 101),
(1937, 103),
(1937, 113),
(1937, 116),
(1938, 182),
(1939, 199),
(1940, 182),
(1940, 199),
(1941, 205),
(1942, 182),
(1942, 199),
(1942, 205),
(1943, 208),
(1944, 182),
(1944, 199),
(1944, 205),
(1944, 208),
(1945, 216),
(1946, 182),
(1946, 199),
(1946, 205),
(1946, 208),
(1946, 216),
(1947, 217),
(1948, 182),
(1948, 199),
(1948, 205),
(1948, 208),
(1948, 216),
(1948, 217),
(1949, 229),
(1950, 182),
(1950, 199),
(1950, 205),
(1950, 208),
(1950, 216),
(1950, 217),
(1950, 229),
(1951, 143),
(1952, 146),
(1953, 143),
(1953, 146),
(1954, 154),
(1955, 143),
(1955, 146),
(1955, 154),
(1956, 158),
(1957, 143),
(1957, 146),
(1957, 154),
(1957, 158),
(1958, 165),
(1959, 143),
(1959, 146),
(1959, 154),
(1959, 158),
(1959, 165),
(1960, 167),
(1961, 143),
(1961, 146),
(1961, 154),
(1961, 158),
(1961, 165),
(1961, 167),
(1962, 180),
(1963, 143),
(1963, 146),
(1963, 154),
(1963, 158),
(1963, 165),
(1963, 167),
(1963, 180),
(1964, 18),
(1965, 60),
(1966, 18),
(1966, 60),
(1967, 70),
(1968, 18),
(1968, 60),
(1968, 70),
(1969, 79),
(1970, 18),
(1970, 60),
(1970, 70),
(1970, 79),
(1971, 116),
(1972, 18),
(1972, 60),
(1972, 70),
(1972, 79),
(1972, 116),
(1973, 180),
(1974, 18),
(1974, 60),
(1974, 70),
(1974, 79),
(1974, 116),
(1974, 180),
(1975, 182),
(1976, 18),
(1976, 60),
(1976, 70),
(1976, 79),
(1976, 116),
(1976, 180),
(1976, 182),
(1977, 15),
(1978, 25),
(1979, 15),
(1979, 25),
(1980, 27),
(1981, 15),
(1981, 25),
(1981, 27),
(1982, 46),
(1983, 15),
(1983, 25),
(1983, 27),
(1983, 46),
(1984, 126),
(1985, 15),
(1985, 25),
(1985, 27),
(1985, 46),
(1985, 126),
(1986, 137),
(1987, 15),
(1987, 25),
(1987, 27),
(1987, 46),
(1987, 126),
(1987, 137),
(1988, 203),
(1989, 15),
(1989, 25),
(1989, 27),
(1989, 46),
(1989, 126),
(1989, 137),
(1989, 203),
(1990, 7),
(1991, 9),
(1992, 7),
(1992, 9),
(1993, 15),
(1994, 7),
(1994, 9),
(1994, 15),
(1995, 16),
(1996, 7),
(1996, 9),
(1996, 15),
(1996, 16),
(1997, 20),
(1998, 7),
(1998, 9),
(1998, 15),
(1998, 16),
(1998, 20),
(1999, 30),
(2000, 7),
(2000, 9),
(2000, 15),
(2000, 16),
(2000, 20),
(2000, 30),
(2001, 38),
(2002, 7),
(2002, 9),
(2002, 15),
(2002, 16),
(2002, 20),
(2002, 30),
(2002, 38),
(2003, 50),
(2004, 53),
(2005, 50),
(2005, 53),
(2006, 57),
(2007, 50),
(2007, 53),
(2007, 57),
(2008, 63),
(2009, 50),
(2009, 53),
(2009, 57),
(2009, 63),
(2010, 70),
(2011, 50),
(2011, 53),
(2011, 57),
(2011, 63),
(2011, 70),
(2012, 74),
(2013, 50),
(2013, 53),
(2013, 57),
(2013, 63),
(2013, 70),
(2013, 74),
(2014, 75),
(2015, 50),
(2015, 53),
(2015, 57),
(2015, 63),
(2015, 70),
(2015, 74),
(2015, 75),
(2016, 91),
(2017, 102),
(2018, 91),
(2018, 102),
(2019, 103),
(2020, 91),
(2020, 102),
(2020, 103),
(2021, 106),
(2022, 91),
(2022, 102),
(2022, 103),
(2022, 106),
(2023, 112),
(2024, 91),
(2024, 102),
(2024, 103),
(2024, 106),
(2024, 112),
(2025, 114),
(2026, 91),
(2026, 102),
(2026, 103),
(2026, 106),
(2026, 112),
(2026, 114),
(2027, 116),
(2028, 91),
(2028, 102),
(2028, 103),
(2028, 106),
(2028, 112),
(2028, 114),
(2028, 116),
(2029, 185),
(2030, 199),
(2031, 185),
(2031, 199),
(2032, 200),
(2033, 185),
(2033, 199),
(2033, 200),
(2034, 206),
(2035, 185),
(2035, 199),
(2035, 200),
(2035, 206),
(2036, 221),
(2037, 185),
(2037, 199),
(2037, 200),
(2037, 206),
(2037, 221),
(2038, 229),
(2039, 185),
(2039, 199),
(2039, 200),
(2039, 206),
(2039, 221),
(2039, 229),
(2040, 240),
(2041, 185),
(2041, 199),
(2041, 200),
(2041, 206),
(2041, 221),
(2041, 229),
(2041, 240),
(2042, 135),
(2043, 137),
(2044, 135),
(2044, 137),
(2045, 144),
(2046, 135),
(2046, 137),
(2046, 144),
(2047, 158),
(2048, 135),
(2048, 137),
(2048, 144),
(2048, 158),
(2049, 163),
(2050, 135),
(2050, 137),
(2050, 144),
(2050, 158),
(2050, 163),
(2051, 166),
(2052, 135),
(2052, 137),
(2052, 144),
(2052, 158),
(2052, 163),
(2052, 166),
(2053, 170),
(2054, 135),
(2054, 137),
(2054, 144),
(2054, 158),
(2054, 163),
(2054, 166),
(2054, 170),
(2055, 7),
(2056, 9),
(2057, 7),
(2057, 9),
(2058, 15),
(2059, 7),
(2059, 9),
(2059, 15),
(2060, 16),
(2061, 7),
(2061, 9),
(2061, 15),
(2061, 16),
(2062, 20),
(2063, 7),
(2063, 9),
(2063, 15),
(2063, 16),
(2063, 20),
(2064, 30),
(2065, 7),
(2065, 9),
(2065, 15),
(2065, 16),
(2065, 20),
(2065, 30),
(2066, 38),
(2067, 7),
(2067, 9),
(2067, 15),
(2067, 16),
(2067, 20),
(2067, 30),
(2067, 38),
(2068, 50),
(2069, 53),
(2070, 50),
(2070, 53),
(2071, 57),
(2072, 50),
(2072, 53),
(2072, 57),
(2073, 63),
(2074, 50),
(2074, 53),
(2074, 57),
(2074, 63),
(2075, 70),
(2076, 50),
(2076, 53),
(2076, 57),
(2076, 63),
(2076, 70),
(2077, 74),
(2078, 50),
(2078, 53),
(2078, 57),
(2078, 63),
(2078, 70),
(2078, 74),
(2079, 75),
(2080, 50),
(2080, 53),
(2080, 57),
(2080, 63),
(2080, 70),
(2080, 74),
(2080, 75),
(2081, 91),
(2082, 102),
(2083, 91),
(2083, 102),
(2084, 103),
(2085, 91),
(2085, 102),
(2085, 103),
(2086, 106),
(2087, 91),
(2087, 102),
(2087, 103),
(2087, 106),
(2088, 112),
(2089, 91),
(2089, 102),
(2089, 103),
(2089, 106),
(2089, 112),
(2090, 114),
(2091, 91),
(2091, 102),
(2091, 103),
(2091, 106),
(2091, 112),
(2091, 114),
(2092, 116),
(2093, 91),
(2093, 102),
(2093, 103),
(2093, 106),
(2093, 112),
(2093, 114),
(2093, 116),
(2094, 185),
(2095, 199),
(2096, 185),
(2096, 199),
(2097, 200),
(2098, 185),
(2098, 199),
(2098, 200),
(2099, 206),
(2100, 185),
(2100, 199),
(2100, 200),
(2100, 206),
(2101, 221),
(2102, 185),
(2102, 199),
(2102, 200),
(2102, 206),
(2102, 221),
(2103, 229),
(2104, 185),
(2104, 199),
(2104, 200),
(2104, 206),
(2104, 221),
(2104, 229),
(2105, 240),
(2106, 185),
(2106, 199),
(2106, 200),
(2106, 206),
(2106, 221),
(2106, 229),
(2106, 240),
(2107, 135),
(2108, 137),
(2109, 135),
(2109, 137),
(2110, 144),
(2111, 135),
(2111, 137),
(2111, 144),
(2112, 158),
(2113, 135),
(2113, 137),
(2113, 144),
(2113, 158),
(2114, 163),
(2115, 135),
(2115, 137),
(2115, 144),
(2115, 158),
(2115, 163),
(2116, 166),
(2117, 135),
(2117, 137),
(2117, 144),
(2117, 158),
(2117, 163),
(2117, 166),
(2118, 170),
(2119, 135),
(2119, 137),
(2119, 144),
(2119, 158),
(2119, 163),
(2119, 166),
(2119, 170),
(2120, 7),
(2121, 9),
(2122, 7),
(2122, 9),
(2123, 15),
(2124, 7),
(2124, 9),
(2124, 15),
(2125, 16),
(2126, 7),
(2126, 9),
(2126, 15),
(2126, 16),
(2127, 20),
(2128, 7),
(2128, 9),
(2128, 15),
(2128, 16),
(2128, 20),
(2129, 30),
(2130, 7),
(2130, 9),
(2130, 15),
(2130, 16),
(2130, 20),
(2130, 30),
(2131, 38),
(2132, 7),
(2132, 9),
(2132, 15),
(2132, 16),
(2132, 20),
(2132, 30),
(2132, 38),
(2133, 50),
(2134, 53),
(2135, 50),
(2135, 53),
(2136, 57),
(2137, 50),
(2137, 53),
(2137, 57),
(2138, 63),
(2139, 50),
(2139, 53),
(2139, 57),
(2139, 63),
(2140, 70),
(2141, 50),
(2141, 53),
(2141, 57),
(2141, 63),
(2141, 70),
(2142, 74),
(2143, 50),
(2143, 53),
(2143, 57),
(2143, 63),
(2143, 70),
(2143, 74),
(2144, 75),
(2145, 50),
(2145, 53),
(2145, 57),
(2145, 63),
(2145, 70),
(2145, 74),
(2145, 75),
(2146, 91),
(2147, 102),
(2148, 91),
(2148, 102),
(2149, 103),
(2150, 91),
(2150, 102),
(2150, 103),
(2151, 106),
(2152, 91),
(2152, 102),
(2152, 103),
(2152, 106),
(2153, 112),
(2154, 91),
(2154, 102),
(2154, 103),
(2154, 106),
(2154, 112),
(2155, 114),
(2156, 91),
(2156, 102),
(2156, 103),
(2156, 106),
(2156, 112),
(2156, 114),
(2157, 116),
(2158, 91),
(2158, 102),
(2158, 103),
(2158, 106),
(2158, 112),
(2158, 114),
(2158, 116),
(2159, 185),
(2160, 199),
(2161, 185),
(2161, 199),
(2162, 200),
(2163, 185),
(2163, 199),
(2163, 200),
(2164, 206),
(2165, 185),
(2165, 199),
(2165, 200),
(2165, 206),
(2166, 221),
(2167, 185),
(2167, 199),
(2167, 200),
(2167, 206),
(2167, 221),
(2168, 229),
(2169, 185),
(2169, 199),
(2169, 200),
(2169, 206),
(2169, 221),
(2169, 229),
(2170, 240),
(2171, 185),
(2171, 199),
(2171, 200),
(2171, 206),
(2171, 221),
(2171, 229),
(2171, 240),
(2172, 135),
(2173, 137),
(2174, 135),
(2174, 137),
(2175, 144),
(2176, 135),
(2176, 137),
(2176, 144),
(2177, 158),
(2178, 135),
(2178, 137),
(2178, 144),
(2178, 158),
(2179, 163),
(2180, 135),
(2180, 137),
(2180, 144),
(2180, 158),
(2180, 163),
(2181, 166),
(2182, 135),
(2182, 137),
(2182, 144),
(2182, 158),
(2182, 163),
(2182, 166),
(2183, 170),
(2184, 135),
(2184, 137),
(2184, 144),
(2184, 158),
(2184, 163),
(2184, 166),
(2184, 170),
(2185, 9),
(2186, 16),
(2187, 9),
(2187, 16),
(2188, 53),
(2189, 9),
(2189, 16),
(2189, 53),
(2190, 70),
(2191, 9),
(2191, 16),
(2191, 53),
(2191, 70),
(2192, 75),
(2193, 9),
(2193, 16),
(2193, 53),
(2193, 70),
(2193, 75),
(2194, 135),
(2195, 9),
(2195, 16),
(2195, 53),
(2195, 70),
(2195, 75),
(2195, 135),
(2196, 240),
(2197, 9),
(2197, 16),
(2197, 53),
(2197, 70),
(2197, 75),
(2197, 135),
(2197, 240),
(2198, 12),
(2199, 28),
(2200, 12),
(2200, 28),
(2201, 35),
(2202, 12),
(2202, 28),
(2202, 35),
(2203, 130),
(2204, 12),
(2204, 28),
(2204, 35),
(2204, 130),
(2205, 152),
(2206, 12),
(2206, 28),
(2206, 35),
(2206, 130),
(2206, 152),
(2207, 175),
(2208, 12),
(2208, 28),
(2208, 35),
(2208, 130),
(2208, 152),
(2208, 175),
(2209, 182),
(2210, 12),
(2210, 28),
(2210, 35),
(2210, 130),
(2210, 152),
(2210, 175),
(2210, 182),
(2432, 3),
(2433, 8),
(2434, 3),
(2434, 8),
(2435, 14),
(2436, 3),
(2436, 8),
(2436, 14),
(2437, 19),
(2438, 3),
(2438, 8),
(2438, 14),
(2438, 19),
(2439, 21),
(2440, 3),
(2440, 8),
(2440, 14),
(2440, 19),
(2440, 21),
(2441, 26),
(2442, 3),
(2442, 8),
(2442, 14),
(2442, 19),
(2442, 21),
(2442, 26),
(2443, 40),
(2444, 3),
(2444, 8),
(2444, 14),
(2444, 19),
(2444, 21),
(2444, 26),
(2444, 40),
(2445, 41),
(2446, 59),
(2447, 41),
(2447, 59),
(2448, 69),
(2449, 41),
(2449, 59),
(2449, 69),
(2450, 71),
(2451, 41),
(2451, 59),
(2451, 69),
(2451, 71),
(2452, 72),
(2453, 41),
(2453, 59),
(2453, 69),
(2453, 71),
(2453, 72),
(2454, 75),
(2455, 41),
(2455, 59),
(2455, 69),
(2455, 71),
(2455, 72),
(2455, 75),
(2456, 76),
(2457, 41),
(2457, 59),
(2457, 69),
(2457, 71),
(2457, 72),
(2457, 75),
(2457, 76),
(2458, 86),
(2459, 87),
(2460, 86),
(2460, 87),
(2461, 88),
(2462, 86),
(2462, 87),
(2462, 88),
(2463, 94),
(2464, 86),
(2464, 87),
(2464, 88),
(2464, 94),
(2465, 103),
(2466, 86),
(2466, 87),
(2466, 88),
(2466, 94),
(2466, 103),
(2467, 104),
(2468, 86),
(2468, 87),
(2468, 88),
(2468, 94),
(2468, 103),
(2468, 104),
(2469, 114),
(2470, 86),
(2470, 87),
(2470, 88),
(2470, 94),
(2470, 103),
(2470, 104),
(2470, 114),
(2471, 193),
(2472, 194),
(2473, 193),
(2473, 194),
(2474, 196),
(2475, 193),
(2475, 194),
(2475, 196),
(2476, 207),
(2477, 193),
(2477, 194),
(2477, 196),
(2477, 207),
(2478, 223),
(2479, 193),
(2479, 194),
(2479, 196),
(2479, 207),
(2479, 223),
(2480, 233),
(2481, 193),
(2481, 194),
(2481, 196),
(2481, 207),
(2481, 223),
(2481, 233),
(2482, 240),
(2483, 193),
(2483, 194),
(2483, 196),
(2483, 207),
(2483, 223),
(2483, 233),
(2483, 240),
(2484, 122),
(2485, 130),
(2486, 122),
(2486, 130),
(2487, 138),
(2488, 122),
(2488, 130),
(2488, 138),
(2489, 149),
(2490, 122),
(2490, 130),
(2490, 138),
(2490, 149),
(2491, 156),
(2492, 122),
(2492, 130),
(2492, 138),
(2492, 149),
(2492, 156),
(2493, 169),
(2494, 122),
(2494, 130),
(2494, 138),
(2494, 149),
(2494, 156),
(2494, 169),
(2495, 177),
(2496, 122),
(2496, 130),
(2496, 138),
(2496, 149),
(2496, 156),
(2496, 169),
(2496, 177),
(2497, 3),
(2498, 8),
(2499, 3),
(2499, 8),
(2500, 14),
(2501, 3),
(2501, 8),
(2501, 14),
(2502, 19),
(2503, 3),
(2503, 8),
(2503, 14),
(2503, 19),
(2504, 21),
(2505, 3),
(2505, 8),
(2505, 14),
(2505, 19),
(2505, 21),
(2506, 26),
(2507, 3),
(2507, 8),
(2507, 14),
(2507, 19),
(2507, 21),
(2507, 26),
(2508, 40),
(2509, 3),
(2509, 8),
(2509, 14),
(2509, 19),
(2509, 21),
(2509, 26),
(2509, 40),
(2510, 41),
(2511, 59),
(2512, 41),
(2512, 59),
(2513, 69),
(2514, 41),
(2514, 59),
(2514, 69),
(2515, 71),
(2516, 41),
(2516, 59),
(2516, 69),
(2516, 71),
(2517, 72),
(2518, 41),
(2518, 59),
(2518, 69),
(2518, 71),
(2518, 72),
(2519, 75),
(2520, 41),
(2520, 59),
(2520, 69),
(2520, 71),
(2520, 72),
(2520, 75),
(2521, 76),
(2522, 41),
(2522, 59),
(2522, 69),
(2522, 71),
(2522, 72),
(2522, 75),
(2522, 76),
(2523, 86),
(2524, 87),
(2525, 86),
(2525, 87),
(2526, 88),
(2527, 86),
(2527, 87),
(2527, 88),
(2528, 94),
(2529, 86),
(2529, 87),
(2529, 88),
(2529, 94),
(2530, 103),
(2531, 86),
(2531, 87),
(2531, 88),
(2531, 94),
(2531, 103),
(2532, 104),
(2533, 86),
(2533, 87),
(2533, 88),
(2533, 94),
(2533, 103),
(2533, 104),
(2534, 114),
(2535, 86),
(2535, 87),
(2535, 88),
(2535, 94),
(2535, 103),
(2535, 104),
(2535, 114),
(2536, 193),
(2537, 194),
(2538, 193),
(2538, 194),
(2539, 196),
(2540, 193),
(2540, 194),
(2540, 196),
(2541, 207),
(2542, 193),
(2542, 194),
(2542, 196),
(2542, 207),
(2543, 223),
(2544, 193),
(2544, 194),
(2544, 196),
(2544, 207),
(2544, 223),
(2545, 233),
(2546, 193),
(2546, 194),
(2546, 196),
(2546, 207),
(2546, 223),
(2546, 233),
(2547, 240),
(2548, 193),
(2548, 194),
(2548, 196),
(2548, 207),
(2548, 223),
(2548, 233),
(2548, 240),
(2549, 122),
(2550, 130),
(2551, 122),
(2551, 130),
(2552, 138),
(2553, 122),
(2553, 130),
(2553, 138),
(2554, 149),
(2555, 122),
(2555, 130),
(2555, 138),
(2555, 149),
(2556, 156),
(2557, 122),
(2557, 130),
(2557, 138),
(2557, 149),
(2557, 156),
(2558, 169),
(2559, 122),
(2559, 130),
(2559, 138),
(2559, 149),
(2559, 156),
(2559, 169),
(2560, 177),
(2561, 122),
(2561, 130),
(2561, 138),
(2561, 149),
(2561, 156),
(2561, 169),
(2561, 177),
(2562, 3),
(2563, 8),
(2564, 3),
(2564, 8),
(2565, 14),
(2566, 3),
(2566, 8),
(2566, 14),
(2567, 19),
(2568, 3),
(2568, 8),
(2568, 14),
(2568, 19),
(2569, 21),
(2570, 3),
(2570, 8),
(2570, 14),
(2570, 19),
(2570, 21),
(2571, 26),
(2572, 3),
(2572, 8),
(2572, 14),
(2572, 19),
(2572, 21),
(2572, 26),
(2573, 40),
(2574, 3),
(2574, 8),
(2574, 14),
(2574, 19),
(2574, 21),
(2574, 26),
(2574, 40),
(2575, 41),
(2576, 59),
(2577, 41),
(2577, 59),
(2578, 69),
(2579, 41),
(2579, 59),
(2579, 69),
(2580, 71),
(2581, 41),
(2581, 59),
(2581, 69),
(2581, 71),
(2582, 72),
(2583, 41),
(2583, 59),
(2583, 69),
(2583, 71),
(2583, 72),
(2584, 75),
(2585, 41),
(2585, 59),
(2585, 69),
(2585, 71),
(2585, 72),
(2585, 75),
(2586, 76),
(2587, 41),
(2587, 59),
(2587, 69),
(2587, 71),
(2587, 72),
(2587, 75),
(2587, 76),
(2588, 86),
(2589, 87),
(2590, 86),
(2590, 87),
(2591, 88),
(2592, 86),
(2592, 87),
(2592, 88),
(2593, 94),
(2594, 86),
(2594, 87),
(2594, 88),
(2594, 94),
(2595, 103),
(2596, 86),
(2596, 87),
(2596, 88),
(2596, 94),
(2596, 103),
(2597, 104),
(2598, 86),
(2598, 87),
(2598, 88),
(2598, 94),
(2598, 103),
(2598, 104),
(2599, 114),
(2600, 86),
(2600, 87),
(2600, 88),
(2600, 94),
(2600, 103),
(2600, 104),
(2600, 114),
(2601, 193),
(2602, 194),
(2603, 193),
(2603, 194),
(2604, 196),
(2605, 193),
(2605, 194),
(2605, 196),
(2606, 207),
(2607, 193),
(2607, 194),
(2607, 196),
(2607, 207),
(2608, 223),
(2609, 193),
(2609, 194),
(2609, 196),
(2609, 207),
(2609, 223),
(2610, 233),
(2611, 193),
(2611, 194),
(2611, 196),
(2611, 207),
(2611, 223),
(2611, 233),
(2612, 240),
(2613, 193),
(2613, 194),
(2613, 196),
(2613, 207),
(2613, 223),
(2613, 233),
(2613, 240),
(2614, 122),
(2615, 130),
(2616, 122),
(2616, 130),
(2617, 138),
(2618, 122),
(2618, 130),
(2618, 138),
(2619, 149),
(2620, 122),
(2620, 130),
(2620, 138),
(2620, 149),
(2621, 156),
(2622, 122),
(2622, 130),
(2622, 138),
(2622, 149),
(2622, 156),
(2623, 169),
(2624, 122),
(2624, 130),
(2624, 138),
(2624, 149),
(2624, 156),
(2624, 169),
(2625, 177),
(2626, 122),
(2626, 130),
(2626, 138),
(2626, 149),
(2626, 156),
(2626, 169),
(2626, 177),
(2627, 3),
(2628, 14),
(2629, 3),
(2629, 14),
(2630, 40),
(2631, 3),
(2631, 14),
(2631, 40),
(2632, 122),
(2633, 3),
(2633, 14),
(2633, 40),
(2633, 122),
(2634, 177),
(2635, 3),
(2635, 14),
(2635, 40),
(2635, 122),
(2635, 177),
(2636, 193),
(2637, 3),
(2637, 14),
(2637, 40),
(2637, 122),
(2637, 177),
(2637, 193),
(2638, 196),
(2639, 3),
(2639, 14),
(2639, 40),
(2639, 122),
(2639, 177),
(2639, 193),
(2639, 196),
(2640, 9),
(2641, 37),
(2642, 9),
(2642, 37),
(2643, 153),
(2644, 9),
(2644, 37),
(2644, 153),
(2645, 155),
(2646, 9),
(2646, 37),
(2646, 153),
(2646, 155),
(2647, 181),
(2648, 9),
(2648, 37),
(2648, 153),
(2648, 155),
(2648, 181),
(2649, 192),
(2650, 9),
(2650, 37),
(2650, 153),
(2650, 155),
(2650, 181),
(2650, 192),
(2651, 232),
(2652, 9),
(2652, 37),
(2652, 153),
(2652, 155),
(2652, 181),
(2652, 192),
(2652, 232);

-- --------------------------------------------------------

--
-- Structure de la table `exercice`
--

CREATE TABLE `exercice` (
  `id_exercice` int(11) NOT NULL,
  `id_partie` int(11) DEFAULT NULL,
  `id_strategie` int(11) DEFAULT NULL,
  `id_etape` int(11) DEFAULT NULL,
  `temps_exercice` int(11) DEFAULT NULL,
  `temps_ecoule` int(11) DEFAULT NULL,
  `nb_bonne_reponse` int(11) DEFAULT NULL,
  `nb_question_validee` int(11) DEFAULT NULL,
  `dateCreation` date DEFAULT NULL,
  `id_phase` int(11) DEFAULT NULL,
  `niveau` int(11) DEFAULT NULL
) ENGINE=InnoDB DEFAULT CHARSET=utf8 COLLATE=utf8_unicode_ci;

--
-- Contenu de la table `exercice`
--

INSERT INTO `exercice` (`id_exercice`, `id_partie`, `id_strategie`, `id_etape`, `temps_exercice`, `temps_ecoule`, `nb_bonne_reponse`, `nb_question_validee`, `dateCreation`, `id_phase`, `niveau`) VALUES
(1, 151, 3, 1, NULL, NULL, 0, 0, '2016-05-25', 1, 1),
(2, 151, 1, 26, NULL, NULL, 16, 16, '2016-05-25', 1, 1),
(3, 151, 2, 27, NULL, NULL, 0, 0, '2016-05-25', 1, 1),
(4, 151, 4, 40, NULL, NULL, 0, 0, '2016-05-25', 1, 1),
(5, 151, 6, 53, NULL, NULL, 0, 0, '2016-05-25', 1, 1),
(6, 151, 3, 66, NULL, NULL, 0, 0, '2016-05-25', 1, 2),
(7, 151, 1, 79, NULL, NULL, 0, 0, '2016-05-25', 1, 2),
(8, 151, 2, 92, NULL, NULL, 0, 0, '2016-05-25', 1, 2),
(9, 151, 4, 105, NULL, NULL, 0, 0, '2016-05-25', 1, 2),
(10, 151, 6, 118, NULL, NULL, 0, 0, '2016-05-25', 1, 2),
(11, 151, 3, 131, 59, 0, 0, 0, '2016-05-25', 2, 1),
(12, 151, 1, 144, 59, 0, 0, 0, '2016-05-25', 2, 1),
(13, 151, 2, 157, 59, 0, 0, 0, '2016-05-25', 2, 1),
(14, 151, 4, 170, 59, 0, 0, 0, '2016-05-25', 2, 1),
(15, 151, 6, 183, 59, 0, 0, 0, '2016-05-25', 2, 1),
(16, 151, 5, 196, 59, 0, 0, 0, '2016-05-25', 2, 2),
(17, 151, 5, 209, 59, 0, 0, 0, '2016-05-25', 3, 0),
(18, 152, 3, 222, NULL, NULL, 0, 0, '2016-05-25', 1, 1),
(19, 152, 1, 247, NULL, NULL, 14, 15, '2016-05-25', 1, 1),
(20, 152, 2, 248, NULL, NULL, 10, 15, '2016-05-26', 1, 1),
(21, 152, 4, 261, NULL, NULL, 0, 0, '2016-05-25', 1, 1),
(22, 152, 6, 274, NULL, NULL, 0, 0, '2016-05-25', 1, 1),
(23, 152, 3, 287, NULL, NULL, 0, 0, '2016-05-25', 1, 2),
(24, 152, 1, 300, NULL, NULL, 0, 0, '2016-05-25', 1, 2),
(25, 152, 2, 313, NULL, NULL, 0, 0, '2016-05-25', 1, 2),
(26, 152, 4, 326, NULL, NULL, 0, 0, '2016-05-25', 1, 2),
(27, 152, 6, 339, NULL, NULL, 0, 0, '2016-05-25', 1, 2),
(28, 152, 3, 352, 60, 0, 0, 0, '2016-05-25', 2, 1),
(29, 152, 1, 365, 60, 0, 0, 0, '2016-05-25', 2, 1),
(30, 152, 2, 378, 60, 0, 0, 0, '2016-05-25', 2, 1),
(31, 152, 4, 391, 60, 0, 0, 0, '2016-05-25', 2, 1),
(32, 152, 6, 404, 60, 0, 0, 0, '2016-05-25', 2, 1),
(33, 152, 5, 417, 60, 0, 0, 0, '2016-05-25', 2, 2),
(34, 152, 5, 430, 30, 0, 0, 0, '2016-05-25', 3, 0),
(35, 153, 3, 443, NULL, NULL, 0, 0, '2016-05-26', 1, 1),
(36, 153, 1, 468, NULL, NULL, 16, 16, '2016-05-26', 1, 1),
(37, 153, 2, 469, NULL, NULL, 0, 0, '2016-05-26', 1, 1),
(38, 153, 4, 482, NULL, NULL, 0, 0, '2016-05-26', 1, 1),
(39, 153, 6, 495, NULL, NULL, 0, 0, '2016-05-26', 1, 1),
(40, 153, 3, 508, NULL, NULL, 0, 0, '2016-05-26', 1, 2),
(41, 153, 1, 521, NULL, NULL, 0, 0, '2016-05-26', 1, 2),
(42, 153, 2, 534, NULL, NULL, 0, 0, '2016-05-26', 1, 2),
(43, 153, 4, 547, NULL, NULL, 0, 0, '2016-05-26', 1, 2),
(44, 153, 6, 560, NULL, NULL, 0, 0, '2016-05-26', 1, 2),
(45, 153, 3, 573, 59, 0, 0, 0, '2016-05-26', 2, 1),
(46, 153, 1, 586, 59, 0, 0, 1, '2016-05-26', 2, 1),
(47, 153, 2, 599, 59, 0, 0, 0, '2016-05-26', 2, 1),
(48, 153, 4, 612, 59, 0, 0, 0, '2016-05-26', 2, 1),
(49, 153, 6, 625, 59, 0, 0, 0, '2016-05-26', 2, 1),
(50, 153, 5, 638, 59, 0, 0, 0, '2016-05-26', 2, 2),
(51, 153, 5, 651, 59, 0, 0, 2, '2016-05-26', 3, 0),
(52, 154, 3, 664, NULL, NULL, 0, 0, '2016-05-26', 1, 1),
(53, 154, 1, 680, NULL, NULL, 3, 3, '2016-05-26', 1, 1),
(54, 154, 2, 690, NULL, NULL, 0, 0, '2016-05-26', 1, 1),
(55, 154, 4, 703, NULL, NULL, 0, 0, '2016-05-26', 1, 1),
(56, 154, 6, 716, NULL, NULL, 0, 0, '2016-05-26', 1, 1),
(57, 154, 3, 729, NULL, NULL, 0, 0, '2016-05-26', 1, 2),
(58, 154, 1, 742, NULL, NULL, 0, 0, '2016-05-26', 1, 2),
(59, 154, 2, 755, NULL, NULL, 0, 0, '2016-05-26', 1, 2),
(60, 154, 4, 768, NULL, NULL, 0, 0, '2016-05-26', 1, 2),
(61, 154, 6, 781, NULL, NULL, 0, 0, '2016-05-26', 1, 2),
(62, 154, 3, 794, 9, 0, 0, 0, '2016-05-26', 2, 1),
(63, 154, 1, 807, 9, 0, 0, 0, '2016-05-26', 2, 1),
(64, 154, 2, 820, 9, 0, 0, 0, '2016-05-26', 2, 1),
(65, 154, 4, 833, 9, 0, 0, 0, '2016-05-26', 2, 1),
(66, 154, 6, 846, 9, 0, 0, 0, '2016-05-26', 2, 1),
(67, 154, 5, 859, 9, 0, 0, 0, '2016-05-26', 2, 2),
(68, 154, 5, 872, 26, 0, 0, 0, '2016-05-26', 3, 0),
(86, 156, 3, 1106, NULL, NULL, 0, 0, '2016-05-27', 1, 1),
(87, 156, 1, 1119, NULL, NULL, 0, 0, '2016-05-27', 1, 1),
(88, 156, 2, 1132, NULL, NULL, 0, 0, '2016-05-27', 1, 1),
(89, 156, 4, 1145, NULL, NULL, 0, 0, '2016-05-27', 1, 1),
(90, 156, 6, 1158, NULL, NULL, 0, 0, '2016-05-27', 1, 1),
(91, 156, 3, 1171, NULL, NULL, 0, 0, '2016-05-27', 1, 2),
(92, 156, 1, 1184, NULL, NULL, 0, 0, '2016-05-27', 1, 2),
(93, 156, 2, 1197, NULL, NULL, 0, 0, '2016-05-27', 1, 2),
(94, 156, 4, 1210, NULL, NULL, 0, 0, '2016-05-27', 1, 2),
(95, 156, 6, 1223, NULL, NULL, 0, 0, '2016-05-27', 1, 2),
(96, 156, 3, 1236, 2, 0, 0, 0, '2016-05-27', 2, 1),
(97, 156, 1, 1249, 2, 0, 0, 0, '2016-05-27', 2, 1),
(98, 156, 2, 1262, 2, 0, 0, 0, '2016-05-27', 2, 1),
(99, 156, 4, 1275, 2, 0, 0, 0, '2016-05-27', 2, 1),
(100, 156, 6, 1288, 2, 0, 0, 0, '2016-05-27', 2, 1),
(101, 156, 5, 1301, 2, 0, 0, 0, '2016-05-27', 2, 2),
(102, 156, 5, 1314, 2, 0, 0, 0, '2016-05-27', 3, 0),
(137, 159, 3, 1769, NULL, NULL, 0, 0, '2016-11-25', 1, 1),
(138, 159, 1, 1782, NULL, NULL, 0, 0, '2016-11-25', 1, 1),
(139, 159, 2, 1795, NULL, NULL, 0, 0, '2016-11-25', 1, 1),
(140, 159, 4, 1808, NULL, NULL, 0, 0, '2016-11-25', 1, 1),
(141, 159, 6, 1821, NULL, NULL, 0, 0, '2016-11-25', 1, 1),
(142, 159, 3, 1834, NULL, NULL, 0, 0, '2016-11-25', 1, 2),
(143, 159, 1, 1847, NULL, NULL, 0, 0, '2016-11-25', 1, 2),
(144, 159, 2, 1860, NULL, NULL, 0, 0, '2016-11-25', 1, 2),
(145, 159, 4, 1873, NULL, NULL, 0, 0, '2016-11-25', 1, 2),
(146, 159, 6, 1886, NULL, NULL, 0, 0, '2016-11-25', 1, 2),
(147, 159, 3, 1899, 7200, 0, 0, 0, '2016-11-25', 2, 1),
(148, 159, 1, 1912, 7200, 0, 0, 0, '2016-11-25', 2, 1),
(149, 159, 2, 1925, 7200, 0, 0, 0, '2016-11-25', 2, 1),
(150, 159, 4, 1938, 7200, 0, 0, 0, '2016-11-25', 2, 1),
(151, 159, 6, 1951, 7200, 0, 0, 0, '2016-11-25', 2, 1),
(152, 159, 5, 1964, 7200, 0, 0, 0, '2016-11-25', 2, 2),
(153, 159, 5, 1977, 7200, 0, 0, 0, '2016-11-25', 3, 0),
(154, 160, 3, 1990, NULL, NULL, 0, 0, '2016-11-25', 1, 1),
(155, 160, 1, 2003, NULL, NULL, 0, 0, '2016-11-25', 1, 1),
(156, 160, 2, 2016, NULL, NULL, 0, 0, '2016-11-25', 1, 1),
(157, 160, 4, 2029, NULL, NULL, 0, 0, '2016-11-25', 1, 1),
(158, 160, 6, 2042, NULL, NULL, 0, 0, '2016-11-25', 1, 1),
(159, 160, 3, 2055, NULL, NULL, 0, 0, '2016-11-25', 1, 2),
(160, 160, 1, 2068, NULL, NULL, 0, 0, '2016-11-25', 1, 2),
(161, 160, 2, 2081, NULL, NULL, 0, 0, '2016-11-25', 1, 2),
(162, 160, 4, 2094, NULL, NULL, 0, 0, '2016-11-25', 1, 2),
(163, 160, 6, 2107, NULL, NULL, 0, 0, '2016-11-25', 1, 2),
(164, 160, 3, 2120, 3600, 0, 0, 0, '2016-11-25', 2, 1),
(165, 160, 1, 2133, 3600, 0, 0, 0, '2016-11-25', 2, 1),
(166, 160, 2, 2146, 3600, 0, 0, 0, '2016-11-25', 2, 1),
(167, 160, 4, 2159, 3600, 0, 0, 0, '2016-11-25', 2, 1),
(168, 160, 6, 2172, 3600, 0, 0, 0, '2016-11-25', 2, 1),
(169, 160, 5, 2185, 3600, 0, 0, 0, '2016-11-25', 2, 2),
(170, 160, 5, 2198, 3600, 0, 0, 0, '2016-11-25', 3, 0),
(188, 162, 3, 2432, NULL, NULL, 0, 0, '2016-11-28', 1, 1),
(189, 162, 1, 2445, NULL, NULL, 0, 0, '2016-11-28', 1, 1),
(190, 162, 2, 2458, NULL, NULL, 0, 0, '2016-11-28', 1, 1),
(191, 162, 4, 2471, NULL, NULL, 0, 0, '2016-11-28', 1, 1),
(192, 162, 6, 2484, NULL, NULL, 0, 0, '2016-11-28', 1, 1),
(193, 162, 3, 2497, NULL, NULL, 0, 0, '2016-11-28', 1, 2),
(194, 162, 1, 2510, NULL, NULL, 0, 0, '2016-11-28', 1, 2),
(195, 162, 2, 2523, NULL, NULL, 0, 0, '2016-11-28', 1, 2),
(196, 162, 4, 2536, NULL, NULL, 0, 0, '2016-11-28', 1, 2),
(197, 162, 6, 2549, NULL, NULL, 0, 0, '2016-11-28', 1, 2),
(198, 162, 3, 2562, 3600, 0, 0, 0, '2016-11-28', 2, 1),
(199, 162, 1, 2575, 3600, 0, 0, 0, '2016-11-28', 2, 1),
(200, 162, 2, 2588, 3600, 0, 0, 0, '2016-11-28', 2, 1),
(201, 162, 4, 2601, 3600, 0, 0, 0, '2016-11-28', 2, 1),
(202, 162, 6, 2614, 3600, 0, 0, 0, '2016-11-28', 2, 1),
(203, 162, 5, 2627, 3600, 0, 0, 0, '2016-11-28', 2, 2),
(204, 162, 5, 2640, 3600, 0, 0, 0, '2016-11-28', 3, 0);

-- --------------------------------------------------------

--
-- Structure de la table `medecin`
--

CREATE TABLE `medecin` (
  `id_medecin` int(11) NOT NULL,
  `utilisateur_id` int(11) DEFAULT NULL
) ENGINE=InnoDB DEFAULT CHARSET=utf8 COLLATE=utf8_unicode_ci;

--
-- Contenu de la table `medecin`
--

INSERT INTO `medecin` (`id_medecin`, `utilisateur_id`) VALUES
(3, 10);

-- --------------------------------------------------------

--
-- Structure de la table `multimedia`
--

CREATE TABLE `multimedia` (
  `id_multimedia` int(11) NOT NULL,
  `id_strategie` int(11) DEFAULT NULL,
  `nom` varchar(50) COLLATE utf8_unicode_ci NOT NULL,
  `image` varchar(100) COLLATE utf8_unicode_ci DEFAULT NULL,
  `son` varchar(100) COLLATE utf8_unicode_ci DEFAULT NULL
) ENGINE=InnoDB DEFAULT CHARSET=utf8 COLLATE=utf8_unicode_ci;

--
-- Contenu de la table `multimedia`
--

INSERT INTO `multimedia` (`id_multimedia`, `id_strategie`, `nom`, `image`, `son`) VALUES
(2, 3, 'mecanicien', '/Banque images et sons/Images/Metiers/mecanicien.jpg', '/Banque images et sons/Sons/Metiers/mecanicien.mp3'),
(3, 3, 'cameraman', '/Banque images et sons/Images/Metiers/cameraman.jpg', '/Banque images et sons/Sons/Metiers/cameraman.mp3'),
(4, 3, 'guitariste', '/Banque images et sons/Images/Metiers/guitariste.jpg', '/Banque images et sons/Sons/Metiers/guitariste.mp3'),
(5, 3, 'taxi', '/Banque images et sons/Images/Metiers/taxi.jpg', '/Banque images et sons/Sons/Metiers/taxi.mp3'),
(6, 3, 'clown', '/Banque images et sons/Images/Metiers/clown.jpg', '/Banque images et sons/Sons/Metiers/clown.mp3'),
(7, 3, 'caissiere', '/Banque images et sons/Images/Metiers/caissiere.jpg', '/Banque images et sons/Sons/Metiers/caissiere.mp3'),
(8, 3, 'arbitre', '/Banque images et sons/Images/Metiers/arbitre.jpg', '/Banque images et sons/Sons/Metiers/arbitre.mp3'),
(9, 3, 'cuisinier.png', '/Banque images et sons/Images/Metiers/cuisinier.png', '/Banque images et sons/Sons/Metiers/cuisinier.png'),
(11, 3, 'avocat', '/Banque images et sons/Images/Metiers/avocat.jpg', '/Banque images et sons/Sons/Metiers/avocat.mp3'),
(12, 3, 'bucheron', '/Banque images et sons/Images/Metiers/bucheron.jpg', '/Banque images et sons/Sons/Metiers/bucheron.mp3'),
(13, 3, 'Militaire', '/Banque images et sons/Images/Metiers/Militaire.jpg', '/Banque images et sons/Sons/Metiers/Militaire.mp3'),
(14, 3, 'boulanger', '/Banque images et sons/Images/Metiers/boulanger.jpg', '/Banque images et sons/Sons/Metiers/boulanger.mp3'),
(15, 3, 'dentiste', '/Banque images et sons/Images/Metiers/dentiste.jpg', '/Banque images et sons/Sons/Metiers/dentiste.mp3'),
(16, 3, 'pianiste', '/Banque images et sons/Images/Metiers/pianiste.jpg', '/Banque images et sons/Sons/Metiers/pianiste.mp3'),
(17, 3, 'apiculteur', '/Banque images et sons/Images/Metiers/apiculteur.jpg', '/Banque images et sons/Sons/Metiers/apiculteur.mp3'),
(18, 3, 'professeur', '/Banque images et sons/Images/Metiers/professeur.jpg', '/Banque images et sons/Sons/Metiers/professeur.mp3'),
(19, 3, 'footballeur', '/Banque images et sons/Images/Metiers/footballeur.jpg', '/Banque images et sons/Sons/Metiers/footballeur.mp3'),
(20, 3, 'pompier', '/Banque images et sons/Images/Metiers/pompier.jpg', '/Banque images et sons/Sons/Metiers/pompier.mp3'),
(21, 3, 'pecheur', '/Banque images et sons/Images/Metiers/pecheur.jpg', '/Banque images et sons/Sons/Metiers/pecheur.mp3'),
(22, 3, 'eboueur', '/Banque images et sons/Images/Metiers/eboueur.jpg', '/Banque images et sons/Sons/Metiers/eboueur.mp3'),
(23, 3, 'jardinier', '/Banque images et sons/Images/Metiers/jardinier.jpg', '/Banque images et sons/Sons/Metiers/jardinier.mp3'),
(24, 3, 'electricien', '/Banque images et sons/Images/Metiers/electricien.jpg', '/Banque images et sons/Sons/Metiers/electricien.mp3'),
(25, 3, 'pharmarcien', '/Banque images et sons/Images/Metiers/pharmarcien.jpg', '/Banque images et sons/Sons/Metiers/pharmarcien.mp3'),
(26, 3, 'detective', '/Banque images et sons/Images/Metiers/detective.jpg', '/Banque images et sons/Sons/Metiers/detective.mp3'),
(27, 3, 'poissonnier', '/Banque images et sons/Images/Metiers/poissonnier.jpg', '/Banque images et sons/Sons/Metiers/poissonnier.mp3'),
(28, 3, 'veterinaire', '/Banque images et sons/Images/Metiers/veterinaire.jpg', '/Banque images et sons/Sons/Metiers/veterinaire.mp3'),
(29, 3, 'forgeron', '/Banque images et sons/Images/Metiers/forgeron.jpg', '/Banque images et sons/Sons/Metiers/forgeron.mp3'),
(30, 3, 'facteur', '/Banque images et sons/Images/Metiers/facteur.jpg', '/Banque images et sons/Sons/Metiers/facteur.mp3'),
(31, 3, 'nageur', '/Banque images et sons/Images/Metiers/nageur.JPG', '/Banque images et sons/Sons/Metiers/nageur.mp3'),
(32, 3, 'polices', '/Banque images et sons/Images/Metiers/polices.jpg', '/Banque images et sons/Sons/Metiers/polices.mp3'),
(33, 3, 'boucher', '/Banque images et sons/Images/Metiers/boucher.jpg', '/Banque images et sons/Sons/Metiers/boucher.mp3'),
(34, 3, 'magicien', '/Banque images et sons/Images/Metiers/magicien.jpg', '/Banque images et sons/Sons/Metiers/magicien.mp3'),
(35, 3, 'macon', '/Banque images et sons/Images/Metiers/macon.jpg', '/Banque images et sons/Sons/Metiers/macon.mp3'),
(36, 3, 'journaliste', '/Banque images et sons/Images/Metiers/journaliste.jpg', '/Banque images et sons/Sons/Metiers/journaliste.mp3'),
(37, 3, 'peintre', '/Banque images et sons/Images/Metiers/peintre.png', '/Banque images et sons/Sons/Metiers/peintre.png'),
(38, 3, 'eboueurs', '/Banque images et sons/Images/Metiers/eboueurs.jpg', '/Banque images et sons/Sons/Metiers/eboueurs.mp3'),
(39, 3, 'juge', '/Banque images et sons/Images/Metiers/juge.jpg', '/Banque images et sons/Sons/Metiers/juge.mp3'),
(40, 3, 'medecin', '/Banque images et sons/Images/Metiers/medecin.jpg', '/Banque images et sons/Sons/Metiers/medecin.mp3'),
(41, 1, 'lebarbu', '/Banque images et sons/Images/Morphologie/Monsieur/lebarbu.jpg', '/Banque images et sons/Sons/Morphologie/Monsieur/lebarbu.mp3'),
(42, 1, 'maquille', '/Banque images et sons/Images/Morphologie/Monsieur/maquille.jpg', '/Banque images et sons/Sons/Morphologie/Monsieur/maquille.mp3'),
(43, 1, 'lage', '/Banque images et sons/Images/Morphologie/Monsieur/lage.jpg', '/Banque images et sons/Sons/Morphologie/Monsieur/lage.mp3'),
(44, 1, 'carreau', '/Banque images et sons/Images/Morphologie/Monsieur/carreau.jpg', '/Banque images et sons/Sons/Morphologie/Monsieur/carreau.mp3'),
(45, 1, 'lenoeud', '/Banque images et sons/Images/Morphologie/Monsieur/lenoeud.jpg', '/Banque images et sons/Sons/Morphologie/Monsieur/lenoeud.mp3'),
(46, 1, 'ryo', '/Banque images et sons/Images/Morphologie/Monsieur/ryo.jpg', '/Banque images et sons/Sons/Morphologie/Monsieur/ryo.mp3'),
(47, 1, 'leblanc', '/Banque images et sons/Images/Morphologie/Monsieur/leblanc.jpg', '/Banque images et sons/Sons/Morphologie/Monsieur/leblanc.mp3'),
(48, 1, 'lerose', '/Banque images et sons/Images/Morphologie/Monsieur/lerose.jpg', '/Banque images et sons/Sons/Morphologie/Monsieur/lerose.mp3'),
(49, 1, 'frisette', '/Banque images et sons/Images/Morphologie/Monsieur/frisette.jpg', '/Banque images et sons/Sons/Morphologie/Monsieur/frisette.mp3'),
(50, 1, 'lemagicien', '/Banque images et sons/Images/Morphologie/Monsieur/lemagicien.jpg', '/Banque images et sons/Sons/Morphologie/Monsieur/lemagicien.mp3'),
(51, 1, 'lerond', '/Banque images et sons/Images/Morphologie/Monsieur/lerond.jpg', '/Banque images et sons/Sons/Morphologie/Monsieur/lerond.mp3'),
(52, 1, 'lecasque', '/Banque images et sons/Images/Morphologie/Monsieur/lecasque.jpg', '/Banque images et sons/Sons/Morphologie/Monsieur/lecasque.mp3'),
(53, 1, 'pc', '/Banque images et sons/Images/Morphologie/Monsieur/pc.jpg', '/Banque images et sons/Sons/Morphologie/Monsieur/pc.mp3'),
(54, 1, 'joyeux', '/Banque images et sons/Images/Morphologie/Monsieur/joyeux.jpg', '/Banque images et sons/Sons/Morphologie/Monsieur/joyeux.mp3'),
(55, 1, 'echarpe', '/Banque images et sons/Images/Morphologie/Monsieur/echarpe.jpg', '/Banque images et sons/Sons/Morphologie/Monsieur/echarpe.mp3'),
(56, 1, 'lanu', '/Banque images et sons/Images/Morphologie/Madame/lanu.jpg', '/Banque images et sons/Sons/Morphologie/Madame/lanu.mp3'),
(57, 1, 'amoureux', '/Banque images et sons/Images/Morphologie/Monsieur/amoureux.jpg', '/Banque images et sons/Sons/Morphologie/Monsieur/amoureux.mp3'),
(58, 1, 'lamontre', '/Banque images et sons/Images/Morphologie/Monsieur/lamontre.jpg', '/Banque images et sons/Sons/Morphologie/Monsieur/lamontre.mp3'),
(59, 1, 'serieux', '/Banque images et sons/Images/Morphologie/Monsieur/serieux.jpg', '/Banque images et sons/Sons/Morphologie/Monsieur/serieux.mp3'),
(60, 1, 'lacreme', '/Banque images et sons/Images/Morphologie/Monsieur/lacreme.jpg', '/Banque images et sons/Sons/Morphologie/Monsieur/lacreme.mp3'),
(61, 1, 'sourcil', '/Banque images et sons/Images/Morphologie/Madame/sourcil.jpg', '/Banque images et sons/Sons/Morphologie/Madame/sourcil.mp3'),
(62, 1, 'lunetta', '/Banque images et sons/Images/Morphologie/Madame/lunetta.jpg', '/Banque images et sons/Sons/Morphologie/Madame/lunetta.mp3'),
(63, 1, 'lablonde', '/Banque images et sons/Images/Morphologie/Madame/lablonde.jpg', '/Banque images et sons/Sons/Morphologie/Madame/lablonde.mp3'),
(64, 1, 'rouge', '/Banque images et sons/Images/Morphologie/Madame/rouge.jpg', '/Banque images et sons/Sons/Morphologie/Madame/rouge.mp3'),
(65, 1, 'lire', '/Banque images et sons/Images/Morphologie/Madame/lire.jpg', '/Banque images et sons/Sons/Morphologie/Madame/lire.mp3'),
(66, 1, 'propre', '/Banque images et sons/Images/Morphologie/Madame/propre.jpg', '/Banque images et sons/Sons/Morphologie/Madame/propre.mp3'),
(67, 1, 'sourir', '/Banque images et sons/Images/Morphologie/Madame/sourir.jpg', '/Banque images et sons/Sons/Morphologie/Madame/sourir.mp3'),
(68, 1, 'couette', '/Banque images et sons/Images/Morphologie/Madame/couette.jpg', '/Banque images et sons/Sons/Morphologie/Madame/couette.mp3'),
(69, 1, 'concentrer', '/Banque images et sons/Images/Morphologie/Madame/concentrer.jpg', '/Banque images et sons/Sons/Morphologie/Madame/concentrer.mp3'),
(70, 1, 'lalecture', '/Banque images et sons/Images/Morphologie/Madame/lalecture.jpg', '/Banque images et sons/Sons/Morphologie/Madame/lalecture.mp3'),
(71, 1, 'lachinoise', '/Banque images et sons/Images/Morphologie/Madame/lachinoise.jpg', '/Banque images et sons/Sons/Morphologie/Madame/lachinoise.mp3'),
(72, 1, 'lassise', '/Banque images et sons/Images/Morphologie/Madame/lassise.jpg', '/Banque images et sons/Sons/Morphologie/Madame/lassise.mp3'),
(73, 1, 'collier', '/Banque images et sons/Images/Morphologie/Madame/collier.jpg', '/Banque images et sons/Sons/Morphologie/Madame/collier.mp3'),
(74, 1, 'stresse', '/Banque images et sons/Images/Morphologie/Madame/stresse.jpg', '/Banque images et sons/Sons/Morphologie/Madame/stresse.mp3'),
(75, 1, 'doctrice', '/Banque images et sons/Images/Morphologie/Madame/doctrice.jpg', '/Banque images et sons/Sons/Morphologie/Madame/doctrice.mp3'),
(76, 1, 'leprospectus', '/Banque images et sons/Images/Morphologie/Madame/leprospectus.jpg', '/Banque images et sons/Sons/Morphologie/Madame/leprospectus.mp3'),
(77, 1, 'ladebardeur', '/Banque images et sons/Images/Morphologie/Madame/ladebardeur.jpg', '/Banque images et sons/Sons/Morphologie/Madame/ladebardeur.mp3'),
(78, 1, 'pc', '/Banque images et sons/Images/Morphologie/Madame/pc.jpg', '/Banque images et sons/Sons/Morphologie/Madame/pc.mp3'),
(79, 1, 'chataigne', '/Banque images et sons/Images/Morphologie/Madame/chataigne.jpg', '/Banque images et sons/Sons/Morphologie/Madame/chataigne.mp3'),
(80, 1, 'tasse', '/Banque images et sons/Images/Morphologie/Madame/tasse.jpg', '/Banque images et sons/Sons/Morphologie/Madame/tasse.mp3'),
(81, 2, 'lachaussure', '/Banque images et sons/Images/Morphologie_inverse/Monsieur/lachaussure.jpg', '/Banque images et sons/Sons/Morphologie_inverse/Monsieur/lachaussure.mp3'),
(82, 2, 'chauve', '/Banque images et sons/Images/Morphologie_inverse/Monsieur/chauve.jpg', '/Banque images et sons/Sons/Morphologie_inverse/Monsieur/chauve.mp3'),
(83, 2, 'lenoir', '/Banque images et sons/Images/Morphologie_inverse/Monsieur/lenoir.jpg', '/Banque images et sons/Sons/Morphologie_inverse/Monsieur/lenoir.mp3'),
(84, 2, 'rouge', '/Banque images et sons/Images/Morphologie_inverse/Monsieur/rouge.jpg', '/Banque images et sons/Sons/Morphologie_inverse/Monsieur/rouge.mp3'),
(85, 2, 'pull', '/Banque images et sons/Images/Morphologie_inverse/Monsieur/pull.jpg', '/Banque images et sons/Sons/Morphologie_inverse/Monsieur/pull.mp3'),
(86, 2, 'chaussure', '/Banque images et sons/Images/Morphologie_inverse/Monsieur/chaussure.jpg', '/Banque images et sons/Sons/Morphologie_inverse/Monsieur/chaussure.mp3'),
(87, 2, 'lejeune', '/Banque images et sons/Images/Morphologie_inverse/Monsieur/lejeune.jpg', '/Banque images et sons/Sons/Morphologie_inverse/Monsieur/lejeune.mp3'),
(88, 2, 'lechinois', '/Banque images et sons/Images/Morphologie_inverse/Monsieur/lechinois.jpg', '/Banque images et sons/Sons/Morphologie_inverse/Monsieur/lechinois.mp3'),
(89, 2, 'lemarron', '/Banque images et sons/Images/Morphologie_inverse/Monsieur/lemarron.jpg', '/Banque images et sons/Sons/Morphologie_inverse/Monsieur/lemarron.mp3'),
(90, 2, 'lacouette', '/Banque images et sons/Images/Morphologie_inverse/Monsieur/lacouette.jpg', '/Banque images et sons/Sons/Morphologie_inverse/Monsieur/lacouette.mp3'),
(91, 2, 'levert', '/Banque images et sons/Images/Morphologie_inverse/Monsieur/levert.jpg', '/Banque images et sons/Sons/Morphologie_inverse/Monsieur/levert.mp3'),
(92, 2, 'legant', '/Banque images et sons/Images/Morphologie_inverse/Monsieur/legant.jpg', '/Banque images et sons/Sons/Morphologie_inverse/Monsieur/legant.mp3'),
(93, 2, 'triste', '/Banque images et sons/Images/Morphologie_inverse/Monsieur/triste.jpg', '/Banque images et sons/Sons/Morphologie_inverse/Monsieur/triste.mp3'),
(94, 2, 'lemaigre', '/Banque images et sons/Images/Morphologie_inverse/Monsieur/lemaigre.jpg', '/Banque images et sons/Sons/Morphologie_inverse/Monsieur/lemaigre.mp3'),
(95, 2, 'legros', '/Banque images et sons/Images/Morphologie_inverse/Monsieur/legros.jpg', '/Banque images et sons/Sons/Morphologie_inverse/Monsieur/legros.mp3'),
(96, 2, 'debardeur', '/Banque images et sons/Images/Morphologie_inverse/Monsieur/debardeur.jpg', '/Banque images et sons/Sons/Morphologie_inverse/Monsieur/debardeur.mp3'),
(97, 2, 'sale', '/Banque images et sons/Images/Morphologie_inverse/Monsieur/sale.jpg', '/Banque images et sons/Sons/Morphologie_inverse/Monsieur/sale.mp3'),
(98, 2, 'bus', '/Banque images et sons/Images/Morphologie_inverse/Monsieur/bus.jpg', '/Banque images et sons/Sons/Morphologie_inverse/Monsieur/bus.mp3'),
(99, 2, 'cercle', '/Banque images et sons/Images/Morphologie_inverse/Monsieur/cercle.jpg', '/Banque images et sons/Sons/Morphologie_inverse/Monsieur/cercle.mp3'),
(100, 2, 'lentille', '/Banque images et sons/Images/Morphologie_inverse/Madame/lentille.jpg', '/Banque images et sons/Sons/Morphologie_inverse/Madame/lentille.mp3'),
(101, 2, 'chauve', '/Banque images et sons/Images/Morphologie_inverse/Madame/chauve.jpg', '/Banque images et sons/Sons/Morphologie_inverse/Madame/chauve.mp3'),
(102, 2, 'vert', '/Banque images et sons/Images/Morphologie_inverse/Madame/vert.jpg', '/Banque images et sons/Sons/Morphologie_inverse/Madame/vert.mp3'),
(103, 2, 'deconcentrer', '/Banque images et sons/Images/Morphologie_inverse/Madame/deconcentrer.jpg', '/Banque images et sons/Sons/Morphologie_inverse/Madame/deconcentrer.mp3'),
(104, 2, 'lavoiture', '/Banque images et sons/Images/Morphologie_inverse/Madame/lavoiture.jpg', '/Banque images et sons/Sons/Morphologie_inverse/Madame/lavoiture.mp3'),
(105, 2, 'brune', '/Banque images et sons/Images/Morphologie_inverse/Madame/brune.jpg', '/Banque images et sons/Sons/Morphologie_inverse/Madame/brune.mp3'),
(106, 2, 'triste', '/Banque images et sons/Images/Morphologie_inverse/Madame/triste.jpg', '/Banque images et sons/Sons/Morphologie_inverse/Madame/triste.mp3'),
(107, 2, 'habit', '/Banque images et sons/Images/Morphologie_inverse/Madame/habit.jpg', '/Banque images et sons/Sons/Morphologie_inverse/Madame/habit.mp3'),
(108, 2, 'debout', '/Banque images et sons/Images/Morphologie_inverse/Madame/debout.jpg', '/Banque images et sons/Sons/Morphologie_inverse/Madame/debout.mp3'),
(109, 2, 'garagiste', '/Banque images et sons/Images/Morphologie_inverse/Madame/garagiste.jpg', '/Banque images et sons/Sons/Morphologie_inverse/Madame/garagiste.mp3'),
(110, 2, 'relax', '/Banque images et sons/Images/Morphologie_inverse/Madame/relax.jpg', '/Banque images et sons/Sons/Morphologie_inverse/Madame/relax.mp3'),
(111, 2, 'bracelet', '/Banque images et sons/Images/Morphologie_inverse/Madame/bracelet.jpg', '/Banque images et sons/Sons/Morphologie_inverse/Madame/bracelet.mp3'),
(112, 2, 'guitare', '/Banque images et sons/Images/Morphologie_inverse/Madame/guitare.jpg', '/Banque images et sons/Sons/Morphologie_inverse/Madame/guitare.mp3'),
(113, 2, 'larousse', '/Banque images et sons/Images/Morphologie_inverse/Madame/larousse.jpg', '/Banque images et sons/Sons/Morphologie_inverse/Madame/larousse.mp3'),
(114, 2, 'sale', '/Banque images et sons/Images/Morphologie_inverse/Madame/sale.jpg', '/Banque images et sons/Sons/Morphologie_inverse/Madame/sale.mp3'),
(115, 2, 'legilet', '/Banque images et sons/Images/Morphologie_inverse/Madame/legilet.jpg', '/Banque images et sons/Sons/Morphologie_inverse/Madame/legilet.mp3'),
(116, 2, 'manger', '/Banque images et sons/Images/Morphologie_inverse/Madame/manger.jpg', '/Banque images et sons/Sons/Morphologie_inverse/Madame/manger.mp3'),
(117, 2, 'telephone', '/Banque images et sons/Images/Morphologie_inverse/Madame/telephone.jpg', '/Banque images et sons/Sons/Morphologie_inverse/Madame/telephone.mp3'),
(118, 2, 'laturc', '/Banque images et sons/Images/Morphologie_inverse/Madame/laturc.jpg', '/Banque images et sons/Sons/Morphologie_inverse/Madame/laturc.mp3'),
(119, 2, 'lunette', '/Banque images et sons/Images/Morphologie_inverse/Madame/lunette.jpg', '/Banque images et sons/Sons/Morphologie_inverse/Madame/lunette.mp3'),
(120, 2, 'nez', '/Banque images et sons/Images/Morphologie_inverse/Madame/nez.jpg', '/Banque images et sons/Sons/Morphologie_inverse/Madame/nez.mp3'),
(121, 6, 'ambulance', '/Banque images et sons/Images/Phoneme/Monsieur/ambulance.jpg', '/Banque images et sons/Sons/Phoneme/Monsieur/ambulance.mp3'),
(122, 6, 'assez', '/Banque images et sons/Images/Phoneme/Monsieur/assez.jpg', '/Banque images et sons/Sons/Phoneme/Monsieur/assez.mp3'),
(123, 6, 'baleine', '/Banque images et sons/Images/Phoneme/Monsieur/baleine.jpg', '/Banque images et sons/Sons/Phoneme/Monsieur/baleine.mp3'),
(124, 6, 'brin', '/Banque images et sons/Images/Phoneme/Monsieur/brin.jpg', '/Banque images et sons/Sons/Phoneme/Monsieur/brin.mp3'),
(125, 6, 'brun', '/Banque images et sons/Images/Phoneme/Monsieur/brun.jpg', '/Banque images et sons/Sons/Phoneme/Monsieur/brun.mp3'),
(126, 6, 'chanter', '/Banque images et sons/Images/Phoneme/Monsieur/chanter.jpg', '/Banque images et sons/Sons/Phoneme/Monsieur/chanter.mp3'),
(127, 6, 'clown', '/Banque images et sons/Images/Phoneme/Monsieur/clown.jpg', '/Banque images et sons/Sons/Phoneme/Monsieur/clown.mp3'),
(128, 6, 'essayage', '/Banque images et sons/Images/Phoneme/Monsieur/essayage.jpg', '/Banque images et sons/Sons/Phoneme/Monsieur/essayage.mp3'),
(129, 6, 'examen', '/Banque images et sons/Images/Phoneme/Monsieur/examen.jpg', '/Banque images et sons/Sons/Phoneme/Monsieur/examen.mp3'),
(130, 6, 'feu', '/Banque images et sons/Images/Phoneme/Monsieur/feu.jpg', '/Banque images et sons/Sons/Phoneme/Monsieur/feu.mp3'),
(131, 6, 'hibou', '/Banque images et sons/Images/Phoneme/Monsieur/hibou.jpg', '/Banque images et sons/Sons/Phoneme/Monsieur/hibou.mp3'),
(132, 6, 'lune', '/Banque images et sons/Images/Phoneme/Monsieur/lune.jpg', '/Banque images et sons/Sons/Phoneme/Monsieur/lune.mp3'),
(133, 6, 'mais', '/Banque images et sons/Images/Phoneme/Monsieur/mais.jpg', '/Banque images et sons/Sons/Phoneme/Monsieur/mais.mp3'),
(134, 6, 'midi', '/Banque images et sons/Images/Phoneme/Monsieur/midi.jpg', '/Banque images et sons/Sons/Phoneme/Monsieur/midi.mp3'),
(135, 6, 'moto', '/Banque images et sons/Images/Phoneme/Monsieur/moto.jpg', '/Banque images et sons/Sons/Phoneme/Monsieur/moto.mp3'),
(136, 6, 'oeuf', '/Banque images et sons/Images/Phoneme/Monsieur/oeuf.jpg', '/Banque images et sons/Sons/Phoneme/Monsieur/oeuf.mp3'),
(137, 6, 'ombre', '/Banque images et sons/Images/Phoneme/Monsieur/ombre.jpg', '/Banque images et sons/Sons/Phoneme/Monsieur/ombre.mp3'),
(138, 6, 'parfum', '/Banque images et sons/Images/Phoneme/Monsieur/parfum.jpg', '/Banque images et sons/Sons/Phoneme/Monsieur/parfum.mp3'),
(139, 6, 'patte', '/Banque images et sons/Images/Phoneme/Monsieur/patte.jpg', '/Banque images et sons/Sons/Phoneme/Monsieur/patte.mp3'),
(140, 6, 'peindre', '/Banque images et sons/Images/Phoneme/Monsieur/peindre.jpg', '/Banque images et sons/Sons/Phoneme/Monsieur/peindre.mp3'),
(141, 6, 'petit', '/Banque images et sons/Images/Phoneme/Monsieur/petit.jpg', '/Banque images et sons/Sons/Phoneme/Monsieur/petit.mp3'),
(142, 6, 'robe', '/Banque images et sons/Images/Phoneme/Monsieur/robe.jpg', '/Banque images et sons/Sons/Phoneme/Monsieur/robe.mp3'),
(143, 6, 'sel', '/Banque images et sons/Images/Phoneme/Monsieur/sel.jpg', '/Banque images et sons/Sons/Phoneme/Monsieur/sel.mp3'),
(144, 6, 'stylo', '/Banque images et sons/Images/Phoneme/Monsieur/stylo.jpg', '/Banque images et sons/Sons/Phoneme/Monsieur/stylo.mp3'),
(145, 6, 'synthese', '/Banque images et sons/Images/Phoneme/Monsieur/synthese.jpg', '/Banque images et sons/Sons/Phoneme/Monsieur/synthese.mp3'),
(146, 6, 'taureau', '/Banque images et sons/Images/Phoneme/Monsieur/taureau.jpg', '/Banque images et sons/Sons/Phoneme/Monsieur/taureau.mp3'),
(147, 6, 'tente', '/Banque images et sons/Images/Phoneme/Monsieur/tente.jpg', '/Banque images et sons/Sons/Phoneme/Monsieur/tente.mp3'),
(148, 6, 'thym', '/Banque images et sons/Images/Phoneme/Monsieur/thym.jpg', '/Banque images et sons/Sons/Phoneme/Monsieur/thym.mp3'),
(149, 6, 'tonton', '/Banque images et sons/Images/Phoneme/Monsieur/tonton.jpg', '/Banque images et sons/Sons/Phoneme/Monsieur/tonton.mp3'),
(150, 6, 'voiture', '/Banque images et sons/Images/Phoneme/Monsieur/voiture.jpg', '/Banque images et sons/Sons/Phoneme/Monsieur/voiture.mp3'),
(151, 6, 'cane', '/Banque images et sons/Images/Phoneme/Madame/cane.jpg', '/Banque images et sons/Sons/Phoneme/Madame/cane.mp3'),
(152, 6, 'feuille', '/Banque images et sons/Images/Phoneme/Madame/feuille.jpg', '/Banque images et sons/Sons/Phoneme/Madame/feuille.mp3'),
(153, 6, 'voyelle', '/Banque images et sons/Images/Phoneme/Madame/voyelle.jpg', '/Banque images et sons/Sons/Phoneme/Madame/voyelle.mp3'),
(154, 6, 'dent', '/Banque images et sons/Images/Phoneme/Madame/dent.jpg', '/Banque images et sons/Sons/Phoneme/Madame/dent.mp3'),
(155, 6, 'bonjour', '/Banque images et sons/Images/Phoneme/Madame/bonjour.jpg', '/Banque images et sons/Sons/Phoneme/Madame/bonjour.mp3'),
(156, 6, 'qui', '/Banque images et sons/Images/Phoneme/Madame/qui.jpg', '/Banque images et sons/Sons/Phoneme/Madame/qui.mp3'),
(157, 6, 'oui', '/Banque images et sons/Images/Phoneme/Madame/oui.jpg', '/Banque images et sons/Sons/Phoneme/Madame/oui.mp3'),
(158, 6, 'travail', '/Banque images et sons/Images/Phoneme/Madame/travail.jpg', '/Banque images et sons/Sons/Phoneme/Madame/travail.mp3'),
(159, 6, 'affaire', '/Banque images et sons/Images/Phoneme/Madame/affaire.jpg', '/Banque images et sons/Sons/Phoneme/Madame/affaire.mp3'),
(160, 6, 'partir', '/Banque images et sons/Images/Phoneme/Madame/partir.jpg', '/Banque images et sons/Sons/Phoneme/Madame/partir.mp3'),
(161, 6, 'oiseau', '/Banque images et sons/Images/Phoneme/Madame/oiseau.jpg', '/Banque images et sons/Sons/Phoneme/Madame/oiseau.mp3'),
(162, 6, 'coq', '/Banque images et sons/Images/Phoneme/Madame/coq.jpg', '/Banque images et sons/Sons/Phoneme/Madame/coq.mp3'),
(163, 6, 'fouet', '/Banque images et sons/Images/Phoneme/Madame/fouet.jpg', '/Banque images et sons/Sons/Phoneme/Madame/fouet.mp3'),
(164, 6, 'ville', '/Banque images et sons/Images/Phoneme/Madame/ville.jpg', '/Banque images et sons/Sons/Phoneme/Madame/ville.mp3'),
(165, 6, 'accord', '/Banque images et sons/Images/Phoneme/Madame/accord.jpg', '/Banque images et sons/Sons/Phoneme/Madame/accord.mp3'),
(166, 6, 'gare', '/Banque images et sons/Images/Phoneme/Madame/gare.jpg', '/Banque images et sons/Sons/Phoneme/Madame/gare.mp3'),
(167, 6, 'treuil', '/Banque images et sons/Images/Phoneme/Madame/treuil.jpg', '/Banque images et sons/Sons/Phoneme/Madame/treuil.mp3'),
(168, 6, 'pigeon', '/Banque images et sons/Images/Phoneme/Madame/pigeon.jpg', '/Banque images et sons/Sons/Phoneme/Madame/pigeon.mp3'),
(169, 6, 'travaille', '/Banque images et sons/Images/Phoneme/Madame/travaille.jpg', '/Banque images et sons/Sons/Phoneme/Madame/travaille.mp3'),
(170, 6, 'guitare', '/Banque images et sons/Images/Phoneme/Madame/guitare.jpg', '/Banque images et sons/Sons/Phoneme/Madame/guitare.mp3'),
(171, 6, 'huit', '/Banque images et sons/Images/Phoneme/Madame/huit.jpg', '/Banque images et sons/Sons/Phoneme/Madame/huit.mp3'),
(172, 6, 'lapin', '/Banque images et sons/Images/Phoneme/Madame/lapin.jpg', '/Banque images et sons/Sons/Phoneme/Madame/lapin.mp3'),
(173, 6, 'seconde', '/Banque images et sons/Images/Phoneme/Madame/seconde.jpg', '/Banque images et sons/Sons/Phoneme/Madame/seconde.mp3'),
(174, 6, 'oeil', '/Banque images et sons/Images/Phoneme/Madame/oeil.jpg', '/Banque images et sons/Sons/Phoneme/Madame/oeil.mp3'),
(175, 6, 'tomate', '/Banque images et sons/Images/Phoneme/Madame/tomate.jpg', '/Banque images et sons/Sons/Phoneme/Madame/tomate.mp3'),
(176, 6, 'radio', '/Banque images et sons/Images/Phoneme/Madame/radio.jpg', '/Banque images et sons/Sons/Phoneme/Madame/radio.mp3'),
(177, 6, 'addition', '/Banque images et sons/Images/Phoneme/Madame/addition.jpg', '/Banque images et sons/Sons/Phoneme/Madame/addition.mp3'),
(178, 6, 'girafe', '/Banque images et sons/Images/Phoneme/Madame/girafe.jpg', '/Banque images et sons/Sons/Phoneme/Madame/girafe.mp3'),
(179, 6, 'pomme', '/Banque images et sons/Images/Phoneme/Madame/pomme.jpg', '/Banque images et sons/Sons/Phoneme/Madame/pomme.mp3'),
(180, 6, 'point', '/Banque images et sons/Images/Phoneme/Madame/point.jpg', '/Banque images et sons/Sons/Phoneme/Madame/point.mp3'),
(181, 4, 'toilette', '/Banque images et sons/Images/Association_idees/Monsieur/toilette.jpg', '/Banque images et sons/Sons/Association_idees/Monsieur/toilette.mp3'),
(182, 4, 'vent', '/Banque images et sons/Images/Association_idees/Monsieur/vent.jpg', '/Banque images et sons/Sons/Association_idees/Monsieur/vent.mp3'),
(183, 4, 'miroir', '/Banque images et sons/Images/Association_idees/Monsieur/miroir.jpg', '/Banque images et sons/Sons/Association_idees/Monsieur/miroir.mp3'),
(184, 4, 'ordinateur', '/Banque images et sons/Images/Association_idees/Monsieur/ordinateur.jpg', '/Banque images et sons/Sons/Association_idees/Monsieur/ordinateur.mp3'),
(185, 4, 'poteau', '/Banque images et sons/Images/Association_idees/Monsieur/poteau.jpg', '/Banque images et sons/Sons/Association_idees/Monsieur/poteau.mp3'),
(186, 4, 'lacet', '/Banque images et sons/Images/Association_idees/Monsieur/lacet.jpg', '/Banque images et sons/Sons/Association_idees/Monsieur/lacet.mp3'),
(187, 4, 'pull', '/Banque images et sons/Images/Association_idees/Monsieur/pull.jpg', '/Banque images et sons/Sons/Association_idees/Monsieur/pull.mp3'),
(188, 4, 'chaussure', '/Banque images et sons/Images/Association_idees/Monsieur/chaussure.jpg', '/Banque images et sons/Sons/Association_idees/Monsieur/chaussure.mp3'),
(189, 4, 'couette', '/Banque images et sons/Images/Association_idees/Monsieur/couette.jpg', '/Banque images et sons/Sons/Association_idees/Monsieur/couette.mp3'),
(190, 4, 'tasse', '/Banque images et sons/Images/Association_idees/Monsieur/tasse.jpg', '/Banque images et sons/Sons/Association_idees/Monsieur/tasse.mp3'),
(191, 4, 'avion', '/Banque images et sons/Images/Association_idees/Monsieur/avion.jpg', '/Banque images et sons/Sons/Association_idees/Monsieur/avion.mp3'),
(192, 4, 'collier', '/Banque images et sons/Images/Association_idees/Monsieur/collier.jpg', '/Banque images et sons/Sons/Association_idees/Monsieur/collier.mp3'),
(193, 4, 'tatouage', '/Banque images et sons/Images/Association_idees/Monsieur/tatouage.jpg', '/Banque images et sons/Sons/Association_idees/Monsieur/tatouage.mp3'),
(194, 4, 'confiture', '/Banque images et sons/Images/Association_idees/Monsieur/confiture.jpg', '/Banque images et sons/Sons/Association_idees/Monsieur/confiture.mp3'),
(195, 4, 'foot', '/Banque images et sons/Images/Association_idees/Monsieur/foot.jpg', '/Banque images et sons/Sons/Association_idees/Monsieur/foot.mp3'),
(196, 4, 'porc', '/Banque images et sons/Images/Association_idees/Monsieur/porc.jpg', '/Banque images et sons/Sons/Association_idees/Monsieur/porc.mp3'),
(197, 4, 'banane', '/Banque images et sons/Images/Association_idees/Monsieur/banane.jpg', '/Banque images et sons/Sons/Association_idees/Monsieur/banane.mp3'),
(198, 4, 'chaise', '/Banque images et sons/Images/Association_idees/Monsieur/chaise.jpg', '/Banque images et sons/Sons/Association_idees/Monsieur/chaise.mp3'),
(199, 4, 'marin', '/Banque images et sons/Images/Association_idees/Monsieur/marin.jpg', '/Banque images et sons/Sons/Association_idees/Monsieur/marin.mp3'),
(200, 4, 'cheval', '/Banque images et sons/Images/Association_idees/Monsieur/cheval.jpg', '/Banque images et sons/Sons/Association_idees/Monsieur/cheval.mp3'),
(201, 4, 'car', '/Banque images et sons/Images/Association_idees/Monsieur/car.jpg', '/Banque images et sons/Sons/Association_idees/Monsieur/car.mp3'),
(202, 4, 'fleur', '/Banque images et sons/Images/Association_idees/Monsieur/fleur.jpg', '/Banque images et sons/Sons/Association_idees/Monsieur/fleur.mp3'),
(203, 4, 'table', '/Banque images et sons/Images/Association_idees/Monsieur/table.jpg', '/Banque images et sons/Sons/Association_idees/Monsieur/table.mp3'),
(204, 4, 'golf', '/Banque images et sons/Images/Association_idees/Monsieur/golf.jpg', '/Banque images et sons/Sons/Association_idees/Monsieur/golf.mp3'),
(205, 4, 'parapluie', '/Banque images et sons/Images/Association_idees/Monsieur/parapluie.jpg', '/Banque images et sons/Sons/Association_idees/Monsieur/parapluie.mp3'),
(206, 4, 'flute', '/Banque images et sons/Images/Association_idees/Monsieur/flute.jpg', '/Banque images et sons/Sons/Association_idees/Monsieur/flute.mp3'),
(207, 4, 'bus', '/Banque images et sons/Images/Association_idees/Monsieur/bus.jpg', '/Banque images et sons/Sons/Association_idees/Monsieur/bus.mp3'),
(208, 4, 'cercle', '/Banque images et sons/Images/Association_idees/Monsieur/cercle.jpg', '/Banque images et sons/Sons/Association_idees/Monsieur/cercle.mp3'),
(209, 4, 'volant', '/Banque images et sons/Images/Association_idees/Monsieur/volant.jpg', '/Banque images et sons/Sons/Association_idees/Monsieur/volant.mp3'),
(210, 4, 'cigarette', '/Banque images et sons/Images/Association_idees/Monsieur/cigarette.jpg', '/Banque images et sons/Sons/Association_idees/Monsieur/cigarette.mp3'),
(211, 4, 'girafe', '/Banque images et sons/Images/Association_idees/Madame/girafe.jpg', '/Banque images et sons/Sons/Association_idees/Madame/girafe.mp3'),
(212, 4, 'casquette', '/Banque images et sons/Images/Association_idees/Madame/casquette.jpg', '/Banque images et sons/Sons/Association_idees/Madame/casquette.mp3'),
(213, 4, 'ocean', '/Banque images et sons/Images/Association_idees/Madame/ocean.jpg', '/Banque images et sons/Sons/Association_idees/Madame/ocean.mp3'),
(214, 4, 'baguette', '/Banque images et sons/Images/Association_idees/Madame/baguette.jpg', '/Banque images et sons/Sons/Association_idees/Madame/baguette.mp3'),
(215, 4, 'pain', '/Banque images et sons/Images/Association_idees/Madame/pain.jpg', '/Banque images et sons/Sons/Association_idees/Madame/pain.mp3'),
(216, 4, 'ceinture', '/Banque images et sons/Images/Association_idees/Madame/ceinture.jpg', '/Banque images et sons/Sons/Association_idees/Madame/ceinture.mp3'),
(217, 4, 'oreille', '/Banque images et sons/Images/Association_idees/Madame/oreille.jpg', '/Banque images et sons/Sons/Association_idees/Madame/oreille.mp3'),
(218, 4, 'foret', '/Banque images et sons/Images/Association_idees/Madame/foret.jpg', '/Banque images et sons/Sons/Association_idees/Madame/foret.mp3'),
(219, 4, 'bra', '/Banque images et sons/Images/Association_idees/Madame/bra.jpg', '/Banque images et sons/Sons/Association_idees/Madame/bra.mp3'),
(220, 4, 'cape', '/Banque images et sons/Images/Association_idees/Madame/cape.jpg', '/Banque images et sons/Sons/Association_idees/Madame/cape.mp3'),
(221, 4, 'plante', '/Banque images et sons/Images/Association_idees/Madame/plante.jpg', '/Banque images et sons/Sons/Association_idees/Madame/plante.mp3'),
(222, 4, 'riz', '/Banque images et sons/Images/Association_idees/Madame/riz.jpg', '/Banque images et sons/Sons/Association_idees/Madame/riz.mp3'),
(223, 4, 'jouet', '/Banque images et sons/Images/Association_idees/Madame/jouet.jpg', '/Banque images et sons/Sons/Association_idees/Madame/jouet.mp3'),
(224, 4, 'armure', '/Banque images et sons/Images/Association_idees/Madame/armure.jpg', '/Banque images et sons/Sons/Association_idees/Madame/armure.mp3'),
(225, 4, 'chocolat', '/Banque images et sons/Images/Association_idees/Madame/chocolat.jpg', '/Banque images et sons/Sons/Association_idees/Madame/chocolat.mp3'),
(226, 4, 'neige', '/Banque images et sons/Images/Association_idees/Madame/neige.jpg', '/Banque images et sons/Sons/Association_idees/Madame/neige.mp3'),
(227, 4, 'herbe', '/Banque images et sons/Images/Association_idees/Madame/herbe.jpg', '/Banque images et sons/Sons/Association_idees/Madame/herbe.mp3'),
(228, 4, 'feu', '/Banque images et sons/Images/Association_idees/Madame/feu.jpg', '/Banque images et sons/Sons/Association_idees/Madame/feu.mp3'),
(229, 4, 'confiture', '/Banque images et sons/Images/Association_idees/Madame/confiture.jpg', '/Banque images et sons/Sons/Association_idees/Madame/confiture.mp3'),
(230, 4, 'farine', '/Banque images et sons/Images/Association_idees/Madame/farine.jpg', '/Banque images et sons/Sons/Association_idees/Madame/farine.mp3'),
(231, 4, 'pistolet', '/Banque images et sons/Images/Association_idees/Madame/pistolet.jpg', '/Banque images et sons/Sons/Association_idees/Madame/pistolet.mp3'),
(232, 4, 'pompier', '/Banque images et sons/Images/Association_idees/Madame/pompier.jpg', '/Banque images et sons/Sons/Association_idees/Madame/pompier.mp3'),
(233, 4, 'arbre', '/Banque images et sons/Images/Association_idees/Madame/arbre.jpg', '/Banque images et sons/Sons/Association_idees/Madame/arbre.mp3'),
(234, 4, 'mer', '/Banque images et sons/Images/Association_idees/Madame/mer.jpg', '/Banque images et sons/Sons/Association_idees/Madame/mer.mp3'),
(235, 4, 'jungle', '/Banque images et sons/Images/Association_idees/Madame/jungle.jpg', '/Banque images et sons/Sons/Association_idees/Madame/jungle.mp3'),
(236, 4, 'fleur', '/Banque images et sons/Images/Association_idees/Madame/fleur.jpg', '/Banque images et sons/Sons/Association_idees/Madame/fleur.mp3'),
(237, 4, 'roue', '/Banque images et sons/Images/Association_idees/Madame/roue.jpg', '/Banque images et sons/Sons/Association_idees/Madame/roue.mp3'),
(238, 4, 'pont', '/Banque images et sons/Images/Association_idees/Madame/pont.jpg', '/Banque images et sons/Sons/Association_idees/Madame/pont.mp3'),
(239, 4, 'drapeau', '/Banque images et sons/Images/Association_idees/Madame/drapeau.jpg', '/Banque images et sons/Sons/Association_idees/Madame/drapeau.mp3'),
(240, 4, 'main', '/Banque images et sons/Images/Association_idees/Madame/main.jpg', '/Banque images et sons/Sons/Association_idees/Madame/main.mp3'),
(241, 3, 'Essai', '/Banque images et sons/Images/arbitre.jpg714.gif', '/Banque images et sons/Sons/arbitre.mp3812.mpga');

-- --------------------------------------------------------

--
-- Structure de la table `partie`
--

CREATE TABLE `partie` (
  `id_partie` int(11) NOT NULL,
  `id_patient` int(11) DEFAULT NULL,
  `dateCreation` date DEFAULT NULL
) ENGINE=InnoDB DEFAULT CHARSET=utf8 COLLATE=utf8_unicode_ci;

--
-- Contenu de la table `partie`
--

INSERT INTO `partie` (`id_partie`, `id_patient`, `dateCreation`) VALUES
(153, 6, '2016-05-26'),
(154, 1, '2016-05-26'),
(156, 6, '2016-05-27'),
(159, 13, '2016-11-25'),
(160, 13, '2016-11-25'),
(162, 16, '2016-11-28');

-- --------------------------------------------------------

--
-- Structure de la table `patient`
--

CREATE TABLE `patient` (
  `id_patient` int(11) NOT NULL,
  `utilisateur_id` int(11) DEFAULT NULL
) ENGINE=InnoDB DEFAULT CHARSET=utf8 COLLATE=utf8_unicode_ci;

--
-- Contenu de la table `patient`
--

INSERT INTO `patient` (`id_patient`, `utilisateur_id`) VALUES
(1, 2),
(6, 5),
(13, 6),
(10, 8),
(16, 11);

-- --------------------------------------------------------

--
-- Structure de la table `patient_medecin`
--

CREATE TABLE `patient_medecin` (
  `id_patient` int(11) NOT NULL,
  `id_medecin` int(11) NOT NULL
) ENGINE=InnoDB DEFAULT CHARSET=utf8 COLLATE=utf8_unicode_ci;

--
-- Contenu de la table `patient_medecin`
--

INSERT INTO `patient_medecin` (`id_patient`, `id_medecin`) VALUES
(1, 1),
(6, 1),
(8, 1),
(10, 1),
(13, 1),
(14, 1),
(16, 3);

-- --------------------------------------------------------

--
-- Structure de la table `pausevideo`
--

CREATE TABLE `pausevideo` (
  `id_pause_video` int(11) NOT NULL,
  `URL` varchar(255) COLLATE utf8_unicode_ci DEFAULT NULL,
  `duree` int(11) DEFAULT NULL
) ENGINE=InnoDB DEFAULT CHARSET=utf8 COLLATE=utf8_unicode_ci;

--
-- Contenu de la table `pausevideo`
--

INSERT INTO `pausevideo` (`id_pause_video`, `URL`, `duree`) VALUES
(1, 'https://www.youtube.com/embed/eTHde8NHYYM', 1),
(2, 'https://www.youtube.com/embed/0hlKFlgN-PQ', 1),
(3, 'https://www.youtube.com/embed/XFFpVVGJiz4', 1),
(4, 'https://www.youtube.com/embed/hH_2qQ5Abd0', 1),
(5, 'https://www.youtube.com/embed/Ki86Apbro40', 1),
(6, 'https://www.youtube.com/embed/0i4decADw1E', 1),
(7, 'https://www.youtube.com/embed/2vbkk643Pfk', 1),
(8, 'https://www.youtube.com/embed/v9Lq_1y2t9c', 1),
(9, 'https://www.youtube.com/embed/zwDBRXIobvI', 1),
(10, 'https://www.youtube.com/embed/zgBG6dtw6Qw', 1),
(11, 'https://www.youtube.com/embed/_mYfze3NTD4', 1),
(12, 'https://www.youtube.com/embed/xyYq4w_kdVg', 1),
(13, 'https://www.youtube.com/embed/-_bpeDZd1wU', 1),
(14, 'https://www.youtube.com/embed/7kKLufqwyBE', 1),
(15, 'https://www.youtube.com/embed/EGzVuWUMiGw', 1),
(16, 'https://www.youtube.com/embed/JoAfgEpt3FU', 1),
(17, 'https://www.youtube.com/embed/iDWGN_w6TsU', 1),
(18, 'https://www.youtube.com/embed/bE7xZatyMIc', 1),
(19, 'https://www.youtube.com/embed/hCn4RBskAs4', 1),
(20, 'https://www.youtube.com/embed/V60UrRY5L-k', 1),
(21, 'https://www.youtube.com/embed/rHv198Uo6Yw', 1),
(22, 'https://www.youtube.com/embed/tWOHY9Grsdc', 1),
(23, 'https://www.youtube.com/embed/Q8qZvtreTck', 1),
(24, 'https://www.youtube.com/embed/Ag_16Iqq8T4', 1),
(25, 'https://www.youtube.com/embed/I_d_cZifO3E', 1),
(26, 'https://www.youtube.com/embed/pItkUHDz_sI', 1),
(27, 'https://www.youtube.com/embed/lBidAqHcih0', 1);

-- --------------------------------------------------------

--
-- Structure de la table `phase`
--

CREATE TABLE `phase` (
  `id_phase` int(11) NOT NULL,
  `nom` varchar(255) COLLATE utf8_unicode_ci DEFAULT NULL
) ENGINE=InnoDB DEFAULT CHARSET=utf8 COLLATE=utf8_unicode_ci;

--
-- Contenu de la table `phase`
--

INSERT INTO `phase` (`id_phase`, `nom`) VALUES
(1, 'Apprentissage'),
(2, 'Entrainement'),
(3, 'Transfert');

-- --------------------------------------------------------

--
-- Structure de la table `strategie`
--

CREATE TABLE `strategie` (
  `id_strategie` int(11) NOT NULL,
  `nom` varchar(255) COLLATE utf8_unicode_ci DEFAULT NULL
) ENGINE=InnoDB DEFAULT CHARSET=utf8 COLLATE=utf8_unicode_ci;

--
-- Contenu de la table `strategie`
--

INSERT INTO `strategie` (`id_strategie`, `nom`) VALUES
(1, 'Morphologie'),
(2, 'Morphologie inverse'),
(3, 'Métier'),
(4, 'Association d\'idées'),
(5, 'Aléatoire'),
(6, 'Phoneme');

-- --------------------------------------------------------

--
-- Structure de la table `utilisateur`
--

CREATE TABLE `utilisateur` (
  `id` int(11) NOT NULL,
  `username` varchar(255) COLLATE utf8_unicode_ci NOT NULL,
  `username_canonical` varchar(255) COLLATE utf8_unicode_ci NOT NULL,
  `email` varchar(255) COLLATE utf8_unicode_ci NOT NULL,
  `email_canonical` varchar(255) COLLATE utf8_unicode_ci NOT NULL,
  `enabled` tinyint(1) NOT NULL,
  `salt` varchar(255) COLLATE utf8_unicode_ci NOT NULL,
  `password` varchar(255) COLLATE utf8_unicode_ci NOT NULL,
  `last_login` datetime DEFAULT NULL,
  `locked` tinyint(1) NOT NULL,
  `expired` tinyint(1) NOT NULL,
  `expires_at` datetime DEFAULT NULL,
  `confirmation_token` varchar(255) COLLATE utf8_unicode_ci DEFAULT NULL,
  `password_requested_at` datetime DEFAULT NULL,
  `roles` longtext COLLATE utf8_unicode_ci NOT NULL COMMENT '(DC2Type:array)',
  `credentials_expired` tinyint(1) NOT NULL,
  `credentials_expire_at` datetime DEFAULT NULL,
  `nom` varchar(20) COLLATE utf8_unicode_ci DEFAULT NULL,
  `prenom` varchar(20) COLLATE utf8_unicode_ci DEFAULT NULL
) ENGINE=InnoDB DEFAULT CHARSET=utf8 COLLATE=utf8_unicode_ci;

--
-- Contenu de la table `utilisateur`
--

INSERT INTO `utilisateur` (`id`, `username`, `username_canonical`, `email`, `email_canonical`, `enabled`, `salt`, `password`, `last_login`, `locked`, `expired`, `expires_at`, `confirmation_token`, `password_requested_at`, `roles`, `credentials_expired`, `credentials_expire_at`, `nom`, `prenom`) VALUES
(1, 'medecin', 'medecin', 'medecin@medecin.fr', 'medecin@medecin.fr', 1, '55tz9gyjar0o4kg4sc84goco4c8ooco', 'ZbF185jKyxLjqzC30yDZt8jg5S+fLTx4/uk5F60kNFebbYV98cGaT2a++r6Dar3U+zKi4IX9TlH7WuaSFfXLUg==', '2016-05-27 12:26:12', 0, 0, NULL, NULL, NULL, 'a:0:{}', 0, NULL, 'Medecin', 'Medecin'),
(2, 'patient', 'patient', 'patient@patient.fr', 'patient@patient.fr', 1, 'n53n3djijjksk8ss8gkgscgcs8c8ww4', 'j+ca8I0EDpVCXQRD+UmZEq8YlAsETaidLe9LWTe5WQ9a2C8ilHP1407Auz2SyYlwHpdkH7L/jTZSXC6Wf4BGjA==', '2016-05-26 11:29:50', 0, 0, NULL, NULL, NULL, 'a:0:{}', 0, NULL, 'Patient', 'Patient'),
(5, 'user', 'user', 'utilisateur@utilisateur.fr', 'utilisateur@utilisateur.fr', 1, 'hco9h1im8ygcw0sogkgwgwwg000so4c', 'jYjmaGr+hqly9UtpCeKbWMfPOZRjqL5kPuemCsoggmliY70jdmeqxFCsYC36vfdf/stNbIkPQtTncfru/M1W9w==', '2016-05-27 12:55:28', 0, 0, NULL, NULL, NULL, 'a:0:{}', 0, NULL, 'PLUS', 'Brian'),
(6, 'titi', 'titi', 'jfpp@laposte.net', 'jfpp@laposte.net', 1, '484wxy8bans44k8gwco4s0c8w80o40c', 'Y4rdplpDS0Lng0MIc6OAsMMM3rHYBdLUbVhjS7o8lh9aSvfPqQzvLH/fFssYrNHRqjV18m1h6G3xtcMuaXsnbQ==', '2016-11-25 11:22:09', 0, 0, NULL, NULL, NULL, 'a:0:{}', 0, NULL, 'TITI', 'petit'),
(7, 'beta', 'beta', 'test@test.com', 'test@test.com', 1, '7jcoand31hk44w0o40wcgs0004go8sk', 'Z/0xommWhxebZqoevaH2I9I20V74Ce7w5QWcKuK6kngtsNnJ3F16Pe5afLfCbTgMwXevdJtjKTvglZ0Kga/vnA==', '2016-11-14 17:25:09', 0, 0, NULL, NULL, NULL, 'a:0:{}', 0, NULL, 'beta', 'test'),
(8, 'JFPP', 'jfpp', 'jean-francois.pradat-peyre@u-paris10.fr', 'jean-francois.pradat-peyre@u-paris10.fr', 1, 'pp15vdxzhs0wwckoow0w0go8o8k0woc', '1FLKv6B6m/+jHwH08CSfetIuFXkcJobXaOPPCqDFbd5xto9Ky5GO0rufQOhXjyq/9UPm59MUYpfOciRFIQYTvw==', '2016-11-14 18:30:16', 0, 0, NULL, NULL, NULL, 'a:0:{}', 0, NULL, 'PRADAT-PEYRE', 'J.-F.'),
(10, 'ortho', 'ortho', 'toto@toto.net', 'toto@toto.net', 1, '317wbq7dhfcwk8wc0c0scg0occk4gc0', '4Mi3ftfLUiXoiWez2JuMGcRiFY44HxDhIfzdXE/iIjFQHLTHIxnTmmLrlFHh9YFQK76Fyk5pB8no7u0y2NI8NQ==', '2016-11-28 21:00:11', 0, 0, NULL, NULL, NULL, 'a:0:{}', 0, NULL, 'Ortho', 'C.'),
(11, 'pat1', 'pat1', 'pat1@pat1.net', 'pat1@pat1.net', 1, 'patr4yhm1lc8swksgc8c8ssgckoc8o0', '8/zIBA3/uyPpv8Fv++6FfvXa0SWqlsaiiJXhdH3dBoqxx2cV0Ld0QoQq11ZVLiR2AcdQy1IK+xXzGiIp2BKGTQ==', '2016-11-28 21:03:11', 0, 0, NULL, NULL, NULL, 'a:0:{}', 0, NULL, 'PATIENT1', 'jj');

--
-- Index pour les tables exportées
--

--
-- Index pour la table `etape`
--
ALTER TABLE `etape`
  ADD PRIMARY KEY (`id_etape`),
  ADD KEY `IDX_285F75DDB4C32BD8` (`id_exercice`);

--
-- Index pour la table `etape_multimedia`
--
ALTER TABLE `etape_multimedia`
  ADD PRIMARY KEY (`id_etape`,`id_multimedia`),
  ADD KEY `IDX_51A9C43FC6DA34ED` (`id_etape`),
  ADD KEY `IDX_51A9C43FC4BBA8B4` (`id_multimedia`);

--
-- Index pour la table `exercice`
--
ALTER TABLE `exercice`
  ADD PRIMARY KEY (`id_exercice`),
  ADD UNIQUE KEY `UNIQ_E418C74DC6DA34ED` (`id_etape`),
  ADD KEY `IDX_E418C74DFB820CAC` (`id_strategie`),
  ADD KEY `IDX_E418C74D5F3897FB` (`id_phase`),
  ADD KEY `IDX_E418C74D23ACAAD0` (`id_partie`);

--
-- Index pour la table `medecin`
--
ALTER TABLE `medecin`
  ADD PRIMARY KEY (`id_medecin`),
  ADD UNIQUE KEY `UNIQ_1BDA53C6FB88E14F` (`utilisateur_id`);

--
-- Index pour la table `multimedia`
--
ALTER TABLE `multimedia`
  ADD PRIMARY KEY (`id_multimedia`),
  ADD KEY `IDX_61312863FB820CAC` (`id_strategie`);

--
-- Index pour la table `partie`
--
ALTER TABLE `partie`
  ADD PRIMARY KEY (`id_partie`),
  ADD KEY `IDX_59B1F3DC4477E9B` (`id_patient`);

--
-- Index pour la table `patient`
--
ALTER TABLE `patient`
  ADD PRIMARY KEY (`id_patient`),
  ADD UNIQUE KEY `UNIQ_1ADAD7EBFB88E14F` (`utilisateur_id`);

--
-- Index pour la table `patient_medecin`
--
ALTER TABLE `patient_medecin`
  ADD PRIMARY KEY (`id_patient`,`id_medecin`),
  ADD KEY `IDX_46B9062DC4477E9B` (`id_patient`),
  ADD KEY `IDX_46B9062DC547FAB6` (`id_medecin`);

--
-- Index pour la table `pausevideo`
--
ALTER TABLE `pausevideo`
  ADD PRIMARY KEY (`id_pause_video`);

--
-- Index pour la table `phase`
--
ALTER TABLE `phase`
  ADD PRIMARY KEY (`id_phase`);

--
-- Index pour la table `strategie`
--
ALTER TABLE `strategie`
  ADD PRIMARY KEY (`id_strategie`);

--
-- Index pour la table `utilisateur`
--
ALTER TABLE `utilisateur`
  ADD PRIMARY KEY (`id`),
  ADD UNIQUE KEY `UNIQ_1D1C63B392FC23A8` (`username_canonical`),
  ADD UNIQUE KEY `UNIQ_1D1C63B3A0D96FBF` (`email_canonical`);

--
-- AUTO_INCREMENT pour les tables exportées
--

--
-- AUTO_INCREMENT pour la table `etape`
--
ALTER TABLE `etape`
  MODIFY `id_etape` int(11) NOT NULL AUTO_INCREMENT, AUTO_INCREMENT=2653;
--
-- AUTO_INCREMENT pour la table `exercice`
--
ALTER TABLE `exercice`
  MODIFY `id_exercice` int(11) NOT NULL AUTO_INCREMENT, AUTO_INCREMENT=205;
--
-- AUTO_INCREMENT pour la table `medecin`
--
ALTER TABLE `medecin`
  MODIFY `id_medecin` int(11) NOT NULL AUTO_INCREMENT, AUTO_INCREMENT=4;
--
-- AUTO_INCREMENT pour la table `multimedia`
--
ALTER TABLE `multimedia`
  MODIFY `id_multimedia` int(11) NOT NULL AUTO_INCREMENT, AUTO_INCREMENT=242;
--
-- AUTO_INCREMENT pour la table `partie`
--
ALTER TABLE `partie`
  MODIFY `id_partie` int(11) NOT NULL AUTO_INCREMENT, AUTO_INCREMENT=163;
--
-- AUTO_INCREMENT pour la table `patient`
--
ALTER TABLE `patient`
  MODIFY `id_patient` int(11) NOT NULL AUTO_INCREMENT, AUTO_INCREMENT=17;
--
-- AUTO_INCREMENT pour la table `pausevideo`
--
ALTER TABLE `pausevideo`
  MODIFY `id_pause_video` int(11) NOT NULL AUTO_INCREMENT, AUTO_INCREMENT=28;
--
-- AUTO_INCREMENT pour la table `phase`
--
ALTER TABLE `phase`
  MODIFY `id_phase` int(11) NOT NULL AUTO_INCREMENT, AUTO_INCREMENT=4;
--
-- AUTO_INCREMENT pour la table `strategie`
--
ALTER TABLE `strategie`
  MODIFY `id_strategie` int(11) NOT NULL AUTO_INCREMENT, AUTO_INCREMENT=7;
--
-- AUTO_INCREMENT pour la table `utilisateur`
--
ALTER TABLE `utilisateur`
  MODIFY `id` int(11) NOT NULL AUTO_INCREMENT, AUTO_INCREMENT=12;
--
-- Contraintes pour les tables exportées
--

--
-- Contraintes pour la table `etape`
--
ALTER TABLE `etape`
  ADD CONSTRAINT `FK_285F75DDB4C32BD8` FOREIGN KEY (`id_exercice`) REFERENCES `exercice` (`id_exercice`) ON DELETE CASCADE;

--
-- Contraintes pour la table `etape_multimedia`
--
ALTER TABLE `etape_multimedia`
  ADD CONSTRAINT `FK_51A9C43FC4BBA8B4` FOREIGN KEY (`id_multimedia`) REFERENCES `multimedia` (`id_multimedia`) ON DELETE CASCADE,
  ADD CONSTRAINT `FK_51A9C43FC6DA34ED` FOREIGN KEY (`id_etape`) REFERENCES `etape` (`id_etape`) ON DELETE CASCADE;

--
-- Contraintes pour la table `medecin`
--
ALTER TABLE `medecin`
  ADD CONSTRAINT `FK_1BDA53C6FB88E14F` FOREIGN KEY (`utilisateur_id`) REFERENCES `utilisateur` (`id`);
